# WaveFront *.obj file (generated by Autodesk ATF)

mtllib Rid.mtl

g Rid

v -276.000005 -2.000000 12.000000
v -219.000004 -2.000000 12.000000
v -219.000004 -2.000000 10.000000
v -276.000005 -2.000000 10.000000
v -276.000005 55.000001 12.000000
v -276.000005 55.000001 10.000000
v -279.441579 54.896007 12.000000
v -282.870595 54.584407 12.000000
v -286.274542 54.066336 12.000000
v -289.640998 53.343684 12.000000
v -292.957679 52.419090 12.000000
v -296.212483 51.295927 12.000000
v -299.393535 49.978292 12.000000
v -302.489226 48.470994 12.000000
v -305.488260 46.779533 12.000000
v -308.379696 44.910081 12.000000
v -311.152981 42.869459 12.000000
v -313.797997 40.665113 12.000000
v -316.305092 38.305087 12.000000
v -318.665118 35.797992 12.000000
v -320.869464 33.152976 12.000000
v -322.910086 30.379691 12.000000
v -324.779538 27.488256 12.000000
v -326.470999 24.489221 12.000000
v -327.978297 21.393530 12.000000
v -329.295931 18.212479 12.000000
v -330.419095 14.957674 12.000000
v -331.343689 11.640993 12.000000
v -332.066340 8.274537 12.000000
v -332.584411 4.870591 12.000000
v -332.896012 1.441574 12.000000
v -333.000005 -2.000000 12.000000
v -332.896012 -5.441574 12.000000
v -332.584411 -8.870591 12.000000
v -332.066340 -12.274537 12.000000
v -331.343689 -15.640993 12.000000
v -330.419095 -18.957674 12.000000
v -329.295931 -22.212479 12.000000
v -327.978297 -25.393530 12.000000
v -326.470999 -28.489221 12.000000
v -324.779538 -31.488256 12.000000
v -322.910086 -34.379691 12.000000
v -320.869464 -37.152976 12.000000
v -318.665118 -39.797992 12.000000
v -316.305092 -42.305087 12.000000
v -313.797997 -44.665113 12.000000
v -311.152981 -46.869459 12.000000
v -308.379696 -48.910081 12.000000
v -305.488260 -50.779533 12.000000
v -302.489226 -52.470994 12.000000
v -299.393535 -53.978292 12.000000
v -296.212483 -55.295927 12.000000
v -292.957679 -56.419090 12.000000
v -289.640998 -57.343684 12.000000
v -286.274542 -58.066336 12.000000
v -282.870595 -58.584407 12.000000
v -279.441579 -58.896007 12.000000
v -276.000005 -59.000001 12.000000
v -272.558430 -58.896007 12.000000
v -269.129414 -58.584407 12.000000
v -265.725467 -58.066336 12.000000
v -262.359012 -57.343684 12.000000
v -259.042330 -56.419090 12.000000
v -255.787526 -55.295927 12.000000
v -252.606474 -53.978292 12.000000
v -249.510783 -52.470994 12.000000
v -246.511749 -50.779533 12.000000
v -243.620314 -48.910081 12.000000
v -240.847028 -46.869459 12.000000
v -238.202013 -44.665113 12.000000
v -235.694918 -42.305087 12.000000
v -233.334891 -39.797992 12.000000
v -231.130546 -37.152976 12.000000
v -229.089924 -34.379691 12.000000
v -227.220471 -31.488256 12.000000
v -225.529010 -28.489221 12.000000
v -224.021713 -25.393530 12.000000
v -222.704078 -22.212479 12.000000
v -221.580914 -18.957674 12.000000
v -220.656320 -15.640993 12.000000
v -219.933669 -12.274537 12.000000
v -219.415598 -8.870591 12.000000
v -219.103997 -5.441574 12.000000
v -272.558430 54.896007 10.000000
v -269.129414 54.584407 10.000000
v -265.725467 54.066336 10.000000
v -262.359012 53.343684 10.000000
v -259.042330 52.419090 10.000000
v -255.787526 51.295927 10.000000
v -252.606474 49.978292 10.000000
v -249.510783 48.470994 10.000000
v -246.511749 46.779533 10.000000
v -243.620314 44.910081 10.000000
v -240.847028 42.869459 10.000000
v -238.202013 40.665113 10.000000
v -235.694918 38.305087 10.000000
v -233.334891 35.797992 10.000000
v -231.130546 33.152976 10.000000
v -229.089924 30.379691 10.000000
v -227.220471 27.488256 10.000000
v -225.529010 24.489221 10.000000
v -224.021713 21.393530 10.000000
v -222.704078 18.212479 10.000000
v -221.580914 14.957674 10.000000
v -220.656320 11.640993 10.000000
v -219.933669 8.274537 10.000000
v -219.415598 4.870591 10.000000
v -219.103997 1.441574 10.000000
v -333.000005 -2.000000 15.000000
v -332.896012 -5.441574 15.000000
v -332.584411 -8.870591 15.000000
v -332.066340 -12.274537 15.000000
v -331.343689 -15.640993 15.000000
v -330.419095 -18.957674 15.000000
v -329.295931 -22.212479 15.000000
v -327.978297 -25.393530 15.000000
v -326.470999 -28.489221 15.000000
v -324.779538 -31.488256 15.000000
v -322.910086 -34.379691 15.000000
v -320.869464 -37.152976 15.000000
v -318.665118 -39.797992 15.000000
v -316.305092 -42.305087 15.000000
v -313.797997 -44.665113 15.000000
v -311.152981 -46.869459 15.000000
v -308.379696 -48.910081 15.000000
v -305.488260 -50.779533 15.000000
v -302.489226 -52.470994 15.000000
v -299.393535 -53.978292 15.000000
v -296.212483 -55.295927 15.000000
v -292.957679 -56.419090 15.000000
v -289.640998 -57.343684 15.000000
v -286.274542 -58.066336 15.000000
v -282.870595 -58.584407 15.000000
v -279.441579 -58.896007 15.000000
v -276.000005 -59.000001 15.000000
v -272.558430 -58.896007 15.000000
v -269.129414 -58.584407 15.000000
v -265.725467 -58.066336 15.000000
v -262.359012 -57.343684 15.000000
v -259.042330 -56.419090 15.000000
v -255.787526 -55.295927 15.000000
v -252.606474 -53.978292 15.000000
v -249.510783 -52.470994 15.000000
v -246.511749 -50.779533 15.000000
v -243.620314 -48.910081 15.000000
v -240.847028 -46.869459 15.000000
v -238.202013 -44.665113 15.000000
v -235.694918 -42.305087 15.000000
v -233.334891 -39.797992 15.000000
v -231.130546 -37.152976 15.000000
v -229.089924 -34.379691 15.000000
v -227.220471 -31.488256 15.000000
v -225.529010 -28.489221 15.000000
v -224.021713 -25.393530 15.000000
v -222.704078 -22.212479 15.000000
v -221.580914 -18.957674 15.000000
v -220.656320 -15.640993 15.000000
v -219.933669 -12.274537 15.000000
v -219.415598 -8.870591 15.000000
v -219.103997 -5.441574 15.000000
v -219.000004 -2.000000 15.000000
v -219.103997 1.441574 15.000000
v -219.415598 4.870591 15.000000
v -219.933669 8.274537 15.000000
v -220.656320 11.640993 15.000000
v -221.580914 14.957674 15.000000
v -222.704078 18.212479 15.000000
v -224.021713 21.393530 15.000000
v -225.529010 24.489221 15.000000
v -227.220471 27.488256 15.000000
v -229.089924 30.379691 15.000000
v -231.130546 33.152976 15.000000
v -233.334891 35.797992 15.000000
v -235.694918 38.305087 15.000000
v -238.202013 40.665113 15.000000
v -240.847028 42.869459 15.000000
v -243.620314 44.910081 15.000000
v -246.511749 46.779533 15.000000
v -249.510783 48.470994 15.000000
v -252.606474 49.978292 15.000000
v -255.787526 51.295927 15.000000
v -259.042330 52.419090 15.000000
v -262.359012 53.343684 15.000000
v -265.725467 54.066336 15.000000
v -269.129414 54.584407 15.000000
v -272.558430 54.896007 15.000000
v -276.000005 55.000001 15.000000
v -279.441579 54.896007 15.000000
v -282.870595 54.584407 15.000000
v -286.274542 54.066336 15.000000
v -289.640998 53.343684 15.000000
v -292.957679 52.419090 15.000000
v -296.212483 51.295927 15.000000
v -299.393535 49.978292 15.000000
v -302.489226 48.470994 15.000000
v -305.488260 46.779533 15.000000
v -308.379696 44.910081 15.000000
v -311.152981 42.869459 15.000000
v -313.797997 40.665113 15.000000
v -316.305092 38.305087 15.000000
v -318.665118 35.797992 15.000000
v -320.869464 33.152976 15.000000
v -322.910086 30.379691 15.000000
v -324.779538 27.488256 15.000000
v -326.470999 24.489221 15.000000
v -327.978297 21.393530 15.000000
v -329.295931 18.212479 15.000000
v -330.419095 14.957674 15.000000
v -331.343689 11.640993 15.000000
v -332.066340 8.274537 15.000000
v -332.584411 4.870591 15.000000
v -332.896012 1.441574 15.000000
v -334.000005 -2.000000 15.000000
v -333.896193 -5.468641 15.000000
v -333.585127 -8.924865 15.000000
v -333.067922 -12.356300 15.000000
v -332.346428 -15.750662 15.000000
v -331.423228 -19.095800 15.000000
v -330.301628 -22.379740 15.000000
v -328.985642 -25.590726 15.000000
v -327.479981 -28.717263 15.000000
v -325.790035 -31.748159 15.000000
v -323.921854 -34.672564 15.000000
v -321.882125 -37.480010 15.000000
v -319.678150 -40.160447 15.000000
v -317.317819 -42.704279 15.000000
v -314.809580 -45.102401 15.000000
v -312.162414 -47.346227 15.000000
v -309.385795 -49.427725 15.000000
v -306.489664 -51.339445 15.000000
v -303.484387 -53.074542 15.000000
v -300.380724 -54.626805 15.000000
v -297.189784 -55.990678 15.000000
v -293.922991 -57.161279 15.000000
v -290.592037 -58.134416 15.000000
v -287.208848 -58.906607 15.000000
v -283.785534 -59.475087 15.000000
v -280.334350 -59.837821 15.000000
v -276.867650 -59.993511 15.000000
v -273.397844 -59.941599 15.000000
v -269.937354 -59.682271 15.000000
v -266.498566 -59.216455 15.000000
v -263.093790 -58.545820 15.000000
v -259.735216 -57.672765 15.000000
v -256.434865 -56.600416 15.000000
v -253.204552 -55.332612 15.000000
v -250.055842 -53.873890 15.000000
v -247.000004 -52.229474 15.000000
v -244.047979 -50.405249 15.000000
v -241.210334 -48.407746 15.000000
v -238.497227 -46.244116 15.000000
v -235.918370 -43.922103 15.000000
v -233.482995 -41.450019 15.000000
v -231.199820 -38.836715 15.000000
v -229.077018 -36.091545 15.000000
v -227.122188 -33.224336 15.000000
v -225.342328 -30.245352 15.000000
v -223.743810 -27.165257 15.000000
v -222.332354 -23.995077 15.000000
v -221.113016 -20.746160 15.000000
v -220.090158 -17.430137 15.000000
v -219.267443 -14.058878 15.000000
v -218.647816 -10.644452 15.000000
v -218.233495 -7.199080 15.000000
v -218.025963 -3.735097 15.000000
v -218.025963 -0.264903 15.000000
v -218.233495 3.199080 15.000000
v -218.647816 6.644452 15.000000
v -219.267443 10.058878 15.000000
v -220.090158 13.430137 15.000000
v -221.113016 16.746160 15.000000
v -222.332354 19.995077 15.000000
v -223.743810 23.165257 15.000000
v -225.342328 26.245352 15.000000
v -227.122188 29.224336 15.000000
v -229.077018 32.091545 15.000000
v -231.199820 34.836715 15.000000
v -233.482995 37.450019 15.000000
v -235.918370 39.922103 15.000000
v -238.497227 42.244116 15.000000
v -241.210334 44.407746 15.000000
v -244.047979 46.405249 15.000000
v -247.000004 48.229474 15.000000
v -250.055842 49.873890 15.000000
v -253.204552 51.332612 15.000000
v -256.434865 52.600416 15.000000
v -259.735216 53.672765 15.000000
v -263.093790 54.545820 15.000000
v -266.498566 55.216455 15.000000
v -269.937354 55.682271 15.000000
v -273.397844 55.941599 15.000000
v -276.867650 55.993511 15.000000
v -280.334350 55.837821 15.000000
v -283.785534 55.475087 15.000000
v -287.208848 54.906607 15.000000
v -290.592037 54.134416 15.000000
v -293.922991 53.161279 15.000000
v -297.189784 51.990678 15.000000
v -300.380724 50.626805 15.000000
v -303.484387 49.074542 15.000000
v -306.489664 47.339445 15.000000
v -309.385795 45.427725 15.000000
v -312.162414 43.346227 15.000000
v -314.809580 41.102401 15.000000
v -317.317819 38.704279 15.000000
v -319.678150 36.160447 15.000000
v -321.882125 33.480010 15.000000
v -323.921854 30.672564 15.000000
v -325.790035 27.748159 15.000000
v -327.479981 24.717263 15.000000
v -328.985642 21.590726 15.000000
v -330.301628 18.379740 15.000000
v -331.423228 15.095800 15.000000
v -332.346428 11.750662 15.000000
v -333.067922 8.356300 15.000000
v -333.585127 4.924865 15.000000
v -333.896193 1.468641 15.000000
v -334.000005 -2.000000 10.000000
v -333.896193 -5.468641 10.000000
v -333.585127 -8.924865 10.000000
v -333.067922 -12.356300 10.000000
v -332.346428 -15.750662 10.000000
v -331.423228 -19.095800 10.000000
v -330.301628 -22.379740 10.000000
v -328.985642 -25.590726 10.000000
v -327.479981 -28.717263 10.000000
v -325.790035 -31.748159 10.000000
v -323.921854 -34.672564 10.000000
v -321.882125 -37.480010 10.000000
v -319.678150 -40.160447 10.000000
v -317.317819 -42.704279 10.000000
v -314.809580 -45.102401 10.000000
v -312.162414 -47.346227 10.000000
v -309.385795 -49.427725 10.000000
v -306.489664 -51.339445 10.000000
v -303.484387 -53.074542 10.000000
v -300.380724 -54.626805 10.000000
v -297.189784 -55.990678 10.000000
v -293.922991 -57.161279 10.000000
v -290.592037 -58.134416 10.000000
v -287.208848 -58.906607 10.000000
v -283.785534 -59.475087 10.000000
v -280.334350 -59.837821 10.000000
v -276.867650 -59.993511 10.000000
v -273.397844 -59.941599 10.000000
v -269.937354 -59.682271 10.000000
v -266.498566 -59.216455 10.000000
v -263.093790 -58.545820 10.000000
v -259.735216 -57.672765 10.000000
v -256.434865 -56.600416 10.000000
v -253.204552 -55.332612 10.000000
v -250.055842 -53.873890 10.000000
v -247.000004 -52.229474 10.000000
v -244.047979 -50.405249 10.000000
v -241.210334 -48.407746 10.000000
v -238.497227 -46.244116 10.000000
v -235.918370 -43.922103 10.000000
v -233.482995 -41.450019 10.000000
v -231.199820 -38.836715 10.000000
v -229.077018 -36.091545 10.000000
v -227.122188 -33.224336 10.000000
v -225.342328 -30.245352 10.000000
v -223.743810 -27.165257 10.000000
v -222.332354 -23.995077 10.000000
v -221.113016 -20.746160 10.000000
v -220.090158 -17.430137 10.000000
v -219.267443 -14.058878 10.000000
v -218.647816 -10.644452 10.000000
v -218.233495 -7.199080 10.000000
v -218.025963 -3.735097 10.000000
v -218.025963 -0.264903 10.000000
v -218.233495 3.199080 10.000000
v -218.647816 6.644452 10.000000
v -219.267443 10.058878 10.000000
v -220.090158 13.430137 10.000000
v -221.113016 16.746160 10.000000
v -222.332354 19.995077 10.000000
v -223.743810 23.165257 10.000000
v -225.342328 26.245352 10.000000
v -227.122188 29.224336 10.000000
v -229.077018 32.091545 10.000000
v -231.199820 34.836715 10.000000
v -233.482995 37.450019 10.000000
v -235.918370 39.922103 10.000000
v -238.497227 42.244116 10.000000
v -241.210334 44.407746 10.000000
v -244.047979 46.405249 10.000000
v -247.000004 48.229474 10.000000
v -250.055842 49.873890 10.000000
v -253.204552 51.332612 10.000000
v -256.434865 52.600416 10.000000
v -259.735216 53.672765 10.000000
v -263.093790 54.545820 10.000000
v -266.498566 55.216455 10.000000
v -269.937354 55.682271 10.000000
v -273.397844 55.941599 10.000000
v -276.867650 55.993511 10.000000
v -280.334350 55.837821 10.000000
v -283.785534 55.475087 10.000000
v -287.208848 54.906607 10.000000
v -290.592037 54.134416 10.000000
v -293.922991 53.161279 10.000000
v -297.189784 51.990678 10.000000
v -300.380724 50.626805 10.000000
v -303.484387 49.074542 10.000000
v -306.489664 47.339445 10.000000
v -309.385795 45.427725 10.000000
v -312.162414 43.346227 10.000000
v -314.809580 41.102401 10.000000
v -317.317819 38.704279 10.000000
v -319.678150 36.160447 10.000000
v -321.882125 33.480010 10.000000
v -323.921854 30.672564 10.000000
v -325.790035 27.748159 10.000000
v -327.479981 24.717263 10.000000
v -328.985642 21.590726 10.000000
v -330.301628 18.379740 10.000000
v -331.423228 15.095800 10.000000
v -332.346428 11.750662 10.000000
v -333.067922 8.356300 10.000000
v -333.585127 4.924865 10.000000
v -333.896193 1.468641 10.000000
vt -0.000000 0.000000 0.000000
vt -5.700000 0.000000 0.000000
vt -0.000000 -0.200000 0.000000
vt -5.700000 -0.200000 0.000000
vt 0.100000 0.000000 0.000000
vt -5.600000 0.000000 0.000000
vt 0.100000 -0.200000 0.000000
vt -5.600000 -0.200000 0.000000
vt 5.700000 0.000000 0.000000
vt 0.000000 0.000000 0.000000
vt 5.689601 -0.344157 0.000000
vt 5.658441 -0.687059 0.000000
vt 5.606634 -1.027454 0.000000
vt 5.534368 -1.364099 0.000000
vt 5.441909 -1.695767 0.000000
vt 5.329593 -2.021248 0.000000
vt 5.197829 -2.339353 0.000000
vt 5.047099 -2.648922 0.000000
vt 4.877953 -2.948826 0.000000
vt 4.691008 -3.237969 0.000000
vt 4.486946 -3.515298 0.000000
vt 4.266511 -3.779799 0.000000
vt 4.030509 -4.030509 0.000000
vt 3.779799 -4.266511 0.000000
vt 3.515298 -4.486946 0.000000
vt 3.237969 -4.691008 0.000000
vt 2.948826 -4.877953 0.000000
vt 2.648922 -5.047099 0.000000
vt 2.339353 -5.197829 0.000000
vt 2.021248 -5.329593 0.000000
vt 1.695767 -5.441909 0.000000
vt 1.364099 -5.534368 0.000000
vt 1.027454 -5.606634 0.000000
vt 0.687059 -5.658441 0.000000
vt 0.344157 -5.689601 0.000000
vt 0.000000 -5.700000 0.000000
vt -0.344157 -5.689601 0.000000
vt -0.687059 -5.658441 0.000000
vt -1.027454 -5.606634 0.000000
vt -1.364099 -5.534368 0.000000
vt -1.695767 -5.441909 0.000000
vt -2.021248 -5.329593 0.000000
vt -2.339353 -5.197829 0.000000
vt -2.648922 -5.047099 0.000000
vt -2.948826 -4.877953 0.000000
vt -3.237969 -4.691008 0.000000
vt -3.515298 -4.486946 0.000000
vt -3.779799 -4.266511 0.000000
vt -4.030509 -4.030509 0.000000
vt -4.266511 -3.779799 0.000000
vt -4.486946 -3.515298 0.000000
vt -4.691008 -3.237969 0.000000
vt -4.877953 -2.948826 0.000000
vt -5.047099 -2.648922 0.000000
vt -5.197829 -2.339353 0.000000
vt -5.329593 -2.021248 0.000000
vt -5.441909 -1.695767 0.000000
vt -5.534368 -1.364099 0.000000
vt -5.606634 -1.027454 0.000000
vt -5.658441 -0.687059 0.000000
vt -5.689601 -0.344157 0.000000
vt -5.700000 0.000000 0.000000
vt -5.689601 0.344157 0.000000
vt -5.658441 0.687059 0.000000
vt -5.606634 1.027454 0.000000
vt -5.534368 1.364099 0.000000
vt -5.441909 1.695767 0.000000
vt -5.329593 2.021248 0.000000
vt -5.197829 2.339353 0.000000
vt -5.047099 2.648922 0.000000
vt -4.877953 2.948826 0.000000
vt -4.691008 3.237969 0.000000
vt -4.486946 3.515298 0.000000
vt -4.266511 3.779799 0.000000
vt -4.030509 4.030509 0.000000
vt -3.779799 4.266511 0.000000
vt -3.515298 4.486946 0.000000
vt -3.237969 4.691008 0.000000
vt -2.948826 4.877953 0.000000
vt -2.648922 5.047099 0.000000
vt -2.339353 5.197829 0.000000
vt -2.021248 5.329593 0.000000
vt -1.695767 5.441909 0.000000
vt -1.364099 5.534368 0.000000
vt -1.027454 5.606634 0.000000
vt -0.687059 5.658441 0.000000
vt -0.344157 5.689601 0.000000
vt 0.000000 5.700000 0.000000
vt 0.200000 -0.344367 0.000000
vt 0.500000 -0.344367 0.000000
vt 0.200000 0.000000 0.000000
vt 0.500000 0.000000 0.000000
vt 0.500000 0.344367 0.000000
vt 0.500000 -0.688734 0.000000
vt 0.200000 -0.688734 0.000000
vt 0.500000 -1.033101 0.000000
vt 0.200000 -1.033101 0.000000
vt 0.500000 -1.377468 0.000000
vt 0.200000 -1.377468 0.000000
vt 0.500000 -1.721834 0.000000
vt 0.200000 -1.721834 0.000000
vt 0.500000 -2.066201 0.000000
vt 0.200000 -2.066201 0.000000
vt 0.500000 -2.410568 0.000000
vt 0.200000 -2.410568 0.000000
vt 0.500000 -2.754935 0.000000
vt 0.200000 -2.754935 0.000000
vt 0.500000 -3.099302 0.000000
vt 0.200000 -3.099302 0.000000
vt 0.500000 -3.443669 0.000000
vt 0.200000 -3.443669 0.000000
vt 0.500000 -3.788036 0.000000
vt 0.200000 -3.788036 0.000000
vt 0.500000 -4.132403 0.000000
vt 0.200000 -4.132403 0.000000
vt 0.500000 -4.476770 0.000000
vt 0.200000 -4.476770 0.000000
vt 0.500000 -4.821136 0.000000
vt 0.200000 -4.821136 0.000000
vt 0.500000 -5.165503 0.000000
vt 0.200000 -5.165503 0.000000
vt 0.500000 -5.509870 0.000000
vt 0.200000 -5.509870 0.000000
vt 0.500000 -5.854237 0.000000
vt 0.200000 -5.854237 0.000000
vt 0.500000 -6.198604 0.000000
vt 0.200000 -6.198604 0.000000
vt 0.500000 -6.542971 0.000000
vt 0.200000 -6.542971 0.000000
vt 0.500000 -6.887338 0.000000
vt 0.200000 -6.887338 0.000000
vt 0.500000 -7.231705 0.000000
vt 0.200000 -7.231705 0.000000
vt 0.500000 -7.576072 0.000000
vt 0.200000 -7.576072 0.000000
vt 0.500000 -7.920439 0.000000
vt 0.200000 -7.920439 0.000000
vt 0.500000 -8.264805 0.000000
vt 0.200000 -8.264805 0.000000
vt 0.500000 -8.609172 0.000000
vt 0.200000 -8.609172 0.000000
vt 0.500000 -8.953539 0.000000
vt 0.200000 -8.953539 0.000000
vt 0.500000 -9.297906 0.000000
vt 0.200000 -9.297906 0.000000
vt 0.500000 -9.642273 0.000000
vt 0.200000 -9.642273 0.000000
vt 0.500000 -9.986640 0.000000
vt 0.200000 -9.986640 0.000000
vt 0.500000 -10.331007 0.000000
vt 0.200000 -10.331007 0.000000
vt 0.500000 -10.675374 0.000000
vt 0.200000 -10.675374 0.000000
vt 0.500000 -11.019741 0.000000
vt 0.200000 -11.019741 0.000000
vt 0.500000 -11.364107 0.000000
vt 0.200000 -11.364107 0.000000
vt 0.500000 -11.708474 0.000000
vt 0.200000 -11.708474 0.000000
vt 0.500000 -12.052841 0.000000
vt 0.200000 -12.052841 0.000000
vt 0.500000 -12.397208 0.000000
vt 0.200000 -12.397208 0.000000
vt 0.500000 -12.741575 0.000000
vt 0.200000 -12.741575 0.000000
vt 0.500000 -13.085942 0.000000
vt 0.200000 -13.085942 0.000000
vt 0.500000 -13.430309 0.000000
vt 0.200000 -13.430309 0.000000
vt 0.500000 -13.774676 0.000000
vt 0.200000 -13.774676 0.000000
vt 0.500000 -14.119043 0.000000
vt 0.200000 -14.119043 0.000000
vt 0.500000 -14.463409 0.000000
vt 0.200000 -14.463409 0.000000
vt 0.500000 -14.807776 0.000000
vt 0.200000 -14.807776 0.000000
vt 0.500000 -15.152143 0.000000
vt 0.200000 -15.152143 0.000000
vt 0.500000 -15.496510 0.000000
vt 0.200000 -15.496510 0.000000
vt 0.500000 -15.840877 0.000000
vt 0.200000 -15.840877 0.000000
vt 0.500000 -16.185244 0.000000
vt 0.200000 -16.185244 0.000000
vt 0.500000 -16.529611 0.000000
vt 0.200000 -16.529611 0.000000
vt 0.500000 -16.873978 0.000000
vt 0.200000 -16.873978 0.000000
vt 0.500000 -17.218345 0.000000
vt 0.200000 -17.218345 0.000000
vt 0.500000 -17.562711 0.000000
vt 0.200000 -17.562711 0.000000
vt 0.500000 -17.907078 0.000000
vt 0.200000 -17.907078 0.000000
vt 0.500000 17.907078 0.000000
vt 0.200000 17.907078 0.000000
vt 0.500000 17.562711 0.000000
vt 0.200000 17.562711 0.000000
vt 0.500000 17.218345 0.000000
vt 0.200000 17.218345 0.000000
vt 0.500000 16.873978 0.000000
vt 0.200000 16.873978 0.000000
vt 0.500000 16.529611 0.000000
vt 0.200000 16.529611 0.000000
vt 0.500000 16.185244 0.000000
vt 0.200000 16.185244 0.000000
vt 0.500000 15.840877 0.000000
vt 0.200000 15.840877 0.000000
vt 0.500000 15.496510 0.000000
vt 0.200000 15.496510 0.000000
vt 0.500000 15.152143 0.000000
vt 0.200000 15.152143 0.000000
vt 0.500000 14.807776 0.000000
vt 0.200000 14.807776 0.000000
vt 0.500000 14.463409 0.000000
vt 0.200000 14.463409 0.000000
vt 0.500000 14.119043 0.000000
vt 0.200000 14.119043 0.000000
vt 0.500000 13.774676 0.000000
vt 0.200000 13.774676 0.000000
vt 0.500000 13.430309 0.000000
vt 0.200000 13.430309 0.000000
vt 0.500000 13.085942 0.000000
vt 0.200000 13.085942 0.000000
vt 0.500000 12.741575 0.000000
vt 0.200000 12.741575 0.000000
vt 0.500000 12.397208 0.000000
vt 0.200000 12.397208 0.000000
vt 0.500000 12.052841 0.000000
vt 0.200000 12.052841 0.000000
vt 0.500000 11.708474 0.000000
vt 0.200000 11.708474 0.000000
vt 0.500000 11.364107 0.000000
vt 0.200000 11.364107 0.000000
vt 0.500000 11.019741 0.000000
vt 0.200000 11.019741 0.000000
vt 0.500000 10.675374 0.000000
vt 0.200000 10.675374 0.000000
vt 0.500000 10.331007 0.000000
vt 0.200000 10.331007 0.000000
vt 0.500000 9.986640 0.000000
vt 0.200000 9.986640 0.000000
vt 0.500000 9.642273 0.000000
vt 0.200000 9.642273 0.000000
vt 0.500000 9.297906 0.000000
vt 0.200000 9.297906 0.000000
vt 0.500000 8.953539 0.000000
vt 0.200000 8.953539 0.000000
vt 0.500000 8.609172 0.000000
vt 0.000000 8.609172 0.000000
vt 0.500000 8.264805 0.000000
vt 0.000000 8.264805 0.000000
vt 0.500000 7.920439 0.000000
vt 0.000000 7.920439 0.000000
vt 0.500000 7.576072 0.000000
vt 0.000000 7.576072 0.000000
vt 0.500000 7.231705 0.000000
vt 0.000000 7.231705 0.000000
vt 0.500000 6.887338 0.000000
vt 0.000000 6.887338 0.000000
vt 0.500000 6.542971 0.000000
vt 0.000000 6.542971 0.000000
vt 0.500000 6.198604 0.000000
vt 0.000000 6.198604 0.000000
vt 0.500000 5.854237 0.000000
vt 0.000000 5.854237 0.000000
vt 0.500000 5.509870 0.000000
vt -0.000000 5.509870 0.000000
vt 0.500000 5.165503 0.000000
vt -0.000000 5.165503 0.000000
vt 0.500000 4.821136 0.000000
vt -0.000000 4.821136 0.000000
vt 0.500000 4.476770 0.000000
vt -0.000000 4.476770 0.000000
vt 0.500000 4.132403 0.000000
vt 0.000000 4.132403 0.000000
vt 0.500000 3.788036 0.000000
vt -0.000000 3.788036 0.000000
vt 0.500000 3.443669 0.000000
vt 0.000000 3.443669 0.000000
vt 0.500000 3.099302 0.000000
vt 0.000000 3.099302 0.000000
vt 0.500000 2.754935 0.000000
vt 0.000000 2.754935 0.000000
vt 0.500000 2.410568 0.000000
vt 0.000000 2.410568 0.000000
vt 0.500000 2.066201 0.000000
vt -0.000000 2.066201 0.000000
vt 0.500000 1.721834 0.000000
vt 0.000000 1.721834 0.000000
vt 0.500000 1.377468 0.000000
vt 0.000000 1.377468 0.000000
vt 0.500000 1.033101 0.000000
vt 0.000000 1.033101 0.000000
vt 0.500000 0.688734 0.000000
vt -0.000000 0.688734 0.000000
vt -0.000000 0.344367 0.000000
vt 0.000000 0.000000 0.000000
vt 0.000000 8.953539 0.000000
vt -5.689601 0.344157 0.000000
vt -5.789619 0.346864 0.000000
vt -5.700000 -0.000000 0.000000
vt -5.800000 0.000000 0.000000
vt -5.789619 -0.346864 0.000000
vt -5.758512 0.692487 0.000000
vt -5.658441 0.687059 0.000000
vt -5.706792 1.035630 0.000000
vt -5.606634 1.027454 0.000000
vt -5.634642 1.375066 0.000000
vt -5.534368 1.364099 0.000000
vt -5.542322 1.709580 0.000000
vt -5.441909 1.695767 0.000000
vt -5.430162 2.037974 0.000000
vt -5.329593 2.021248 0.000000
vt -5.298564 2.359073 0.000000
vt -5.197829 2.339353 0.000000
vt -5.147998 2.671726 0.000000
vt -5.047099 2.648922 0.000000
vt -4.979003 2.974816 0.000000
vt -4.877953 2.948826 0.000000
vt -4.792185 3.267256 0.000000
vt -4.691008 3.237969 0.000000
vt -4.588212 3.548001 0.000000
vt -4.486946 3.515298 0.000000
vt -4.367815 3.816045 0.000000
vt -4.266511 3.779799 0.000000
vt -4.131781 4.070428 0.000000
vt -4.030509 4.030509 0.000000
vt -3.880958 4.310240 0.000000
vt -3.779799 4.266511 0.000000
vt -3.616241 4.534623 0.000000
vt -3.515298 4.486946 0.000000
vt -3.338579 4.742773 0.000000
vt -3.237969 4.691008 0.000000
vt -3.048966 4.933944 0.000000
vt -2.948826 4.877953 0.000000
vt -2.748438 5.107454 0.000000
vt -2.648922 5.047099 0.000000
vt -2.438072 5.262681 0.000000
vt -2.339353 5.197829 0.000000
vt -2.118978 5.399068 0.000000
vt -2.021248 5.329593 0.000000
vt -1.792299 5.516128 0.000000
vt -1.695767 5.441909 0.000000
vt -1.459203 5.613442 0.000000
vt -1.364099 5.534368 0.000000
vt -1.120884 5.690661 0.000000
vt -1.027454 5.606634 0.000000
vt -0.778553 5.747509 0.000000
vt -0.687059 5.658441 0.000000
vt -0.433435 5.783782 0.000000
vt -0.344157 5.689601 0.000000
vt -0.086765 5.799351 0.000000
vt 0.000000 5.700000 0.000000
vt 0.260216 5.794160 0.000000
vt 0.344157 5.689601 0.000000
vt 0.606265 5.768227 0.000000
vt 0.687059 5.658441 0.000000
vt 0.950144 5.721646 0.000000
vt 1.027454 5.606634 0.000000
vt 1.290621 5.654582 0.000000
vt 1.364099 5.534368 0.000000
vt 1.626479 5.567276 0.000000
vt 1.695767 5.441909 0.000000
vt 1.956514 5.460042 0.000000
vt 2.021248 5.329593 0.000000
vt 2.279545 5.333261 0.000000
vt 2.339353 5.197829 0.000000
vt 2.594416 5.187389 0.000000
vt 2.648922 5.047099 0.000000
vt 2.900000 5.022947 0.000000
vt 2.948826 4.877953 0.000000
vt 3.195203 4.840525 0.000000
vt 3.237969 4.691008 0.000000
vt 3.478967 4.640775 0.000000
vt 3.515298 4.486946 0.000000
vt 3.750278 4.424412 0.000000
vt 3.779799 4.266511 0.000000
vt 4.008163 4.192210 0.000000
vt 4.030509 4.030509 0.000000
vt 4.251701 3.945002 0.000000
vt 4.266511 3.779799 0.000000
vt 4.480018 3.683672 0.000000
vt 4.486946 3.515298 0.000000
vt 4.692299 3.409155 0.000000
vt 4.691008 3.237969 0.000000
vt 4.887782 3.122434 0.000000
vt 4.877953 2.948826 0.000000
vt 5.065768 2.824535 0.000000
vt 5.047099 2.648922 0.000000
vt 5.225620 2.516526 0.000000
vt 5.197829 2.339353 0.000000
vt 5.366765 2.199508 0.000000
vt 5.329593 2.021248 0.000000
vt 5.488699 1.874616 0.000000
vt 5.441909 1.695767 0.000000
vt 5.590985 1.543014 0.000000
vt 5.534368 1.364099 0.000000
vt 5.673256 1.205888 0.000000
vt 5.606634 1.027454 0.000000
vt 5.735219 0.864445 0.000000
vt 5.658441 0.687059 0.000000
vt 5.776651 0.519908 0.000000
vt 5.689601 0.344157 0.000000
vt 5.797404 0.173510 0.000000
vt 5.700000 0.000000 0.000000
vt 5.797404 -0.173510 0.000000
vt 5.689601 -0.344157 0.000000
vt 5.776651 -0.519908 0.000000
vt 5.658441 -0.687059 0.000000
vt 5.735219 -0.864445 0.000000
vt 5.606634 -1.027454 0.000000
vt 5.673256 -1.205888 0.000000
vt 5.534368 -1.364099 0.000000
vt 5.590985 -1.543014 0.000000
vt 5.441909 -1.695767 0.000000
vt 5.488699 -1.874616 0.000000
vt 5.329593 -2.021248 0.000000
vt 5.366765 -2.199508 0.000000
vt 5.197829 -2.339353 0.000000
vt 5.225620 -2.516526 0.000000
vt 5.047099 -2.648922 0.000000
vt 5.065768 -2.824535 0.000000
vt 4.877953 -2.948826 0.000000
vt 4.887782 -3.122434 0.000000
vt 4.691008 -3.237969 0.000000
vt 4.692299 -3.409155 0.000000
vt 4.486946 -3.515298 0.000000
vt 4.480018 -3.683672 0.000000
vt 4.266511 -3.779799 0.000000
vt 4.251701 -3.945002 0.000000
vt 4.030509 -4.030509 0.000000
vt 4.008163 -4.192210 0.000000
vt 3.779799 -4.266511 0.000000
vt 3.750278 -4.424412 0.000000
vt 3.515298 -4.486946 0.000000
vt 3.478967 -4.640775 0.000000
vt 3.237969 -4.691008 0.000000
vt 3.195203 -4.840525 0.000000
vt 2.948826 -4.877953 0.000000
vt 2.900000 -5.022947 0.000000
vt 2.648922 -5.047099 0.000000
vt 2.594416 -5.187389 0.000000
vt 2.339353 -5.197829 0.000000
vt 2.279545 -5.333261 0.000000
vt 2.021248 -5.329593 0.000000
vt 1.956514 -5.460042 0.000000
vt 1.695767 -5.441909 0.000000
vt 1.626479 -5.567276 0.000000
vt 1.364099 -5.534368 0.000000
vt 1.290621 -5.654582 0.000000
vt 1.027454 -5.606634 0.000000
vt 0.950144 -5.721646 0.000000
vt 0.687059 -5.658441 0.000000
vt 0.606265 -5.768227 0.000000
vt 0.344157 -5.689601 0.000000
vt 0.260216 -5.794160 0.000000
vt 0.000000 -5.700000 0.000000
vt -0.086765 -5.799351 0.000000
vt -0.344157 -5.689601 0.000000
vt -0.433435 -5.783782 0.000000
vt -0.687059 -5.658441 0.000000
vt -0.778553 -5.747509 0.000000
vt -1.027454 -5.606634 0.000000
vt -1.120884 -5.690661 0.000000
vt -1.364099 -5.534368 0.000000
vt -1.459203 -5.613442 0.000000
vt -1.695767 -5.441909 0.000000
vt -1.792299 -5.516128 0.000000
vt -2.021248 -5.329593 0.000000
vt -2.118978 -5.399068 0.000000
vt -2.339353 -5.197829 0.000000
vt -2.438072 -5.262681 0.000000
vt -2.648922 -5.047099 0.000000
vt -2.748438 -5.107454 0.000000
vt -2.948826 -4.877953 0.000000
vt -3.048966 -4.933944 0.000000
vt -3.237969 -4.691008 0.000000
vt -3.338579 -4.742773 0.000000
vt -3.515298 -4.486946 0.000000
vt -3.616241 -4.534623 0.000000
vt -3.779799 -4.266511 0.000000
vt -3.880958 -4.310240 0.000000
vt -4.030509 -4.030509 0.000000
vt -4.131781 -4.070428 0.000000
vt -4.266511 -3.779799 0.000000
vt -4.367815 -3.816045 0.000000
vt -4.486946 -3.515298 0.000000
vt -4.588212 -3.548001 0.000000
vt -4.691008 -3.237969 0.000000
vt -4.792185 -3.267256 0.000000
vt -4.877953 -2.948826 0.000000
vt -4.979003 -2.974816 0.000000
vt -5.047099 -2.648922 0.000000
vt -5.147998 -2.671726 0.000000
vt -5.197829 -2.339353 0.000000
vt -5.298564 -2.359073 0.000000
vt -5.329593 -2.021248 0.000000
vt -5.430162 -2.037974 0.000000
vt -5.441909 -1.695767 0.000000
vt -5.542322 -1.709580 0.000000
vt -5.534368 -1.364099 0.000000
vt -5.634642 -1.375066 0.000000
vt -5.606634 -1.027454 0.000000
vt -5.706792 -1.035630 0.000000
vt -5.658441 -0.687059 0.000000
vt -5.758512 -0.692487 0.000000
vt -5.689601 -0.344157 0.000000
vt -0.500000 17.874166 0.000000
vt -0.000000 17.874166 0.000000
vt -0.500000 18.221238 0.000000
vt -0.000000 18.221238 0.000000
vt -0.500000 -18.221238 0.000000
vt -0.000000 -18.221238 0.000000
vt -0.500000 -17.874166 0.000000
vt -0.000000 -17.874166 0.000000
vt -0.500000 -17.527095 0.000000
vt -0.000000 -17.527095 0.000000
vt -0.500000 -17.180024 0.000000
vt -0.000000 -17.180024 0.000000
vt -0.500000 -16.832953 0.000000
vt -0.000000 -16.832953 0.000000
vt -0.500000 -16.485882 0.000000
vt -0.000000 -16.485882 0.000000
vt -0.500000 -16.138810 0.000000
vt -0.000000 -16.138810 0.000000
vt -0.500000 -15.791739 0.000000
vt -0.000000 -15.791739 0.000000
vt -0.500000 -15.444668 0.000000
vt -0.000000 -15.444668 0.000000
vt -0.500000 -15.097597 0.000000
vt -0.000000 -15.097597 0.000000
vt -0.500000 -14.750526 0.000000
vt -0.000000 -14.750526 0.000000
vt -0.500000 -14.403455 0.000000
vt -0.000000 -14.403455 0.000000
vt -0.500000 -14.056383 0.000000
vt -0.000000 -14.056383 0.000000
vt -0.500000 -13.709312 0.000000
vt -0.000000 -13.709312 0.000000
vt -0.500000 -13.362241 0.000000
vt -0.000000 -13.362241 0.000000
vt -0.500000 -13.015170 0.000000
vt -0.000000 -13.015170 0.000000
vt -0.500000 -12.668099 0.000000
vt -0.000000 -12.668099 0.000000
vt -0.500000 -12.321027 0.000000
vt -0.000000 -12.321027 0.000000
vt -0.500000 -11.973956 0.000000
vt -0.000000 -11.973956 0.000000
vt -0.500000 -11.626885 0.000000
vt -0.000000 -11.626885 0.000000
vt -0.500000 -11.279814 0.000000
vt -0.000000 -11.279814 0.000000
vt -0.500000 -10.932743 0.000000
vt -0.000000 -10.932743 0.000000
vt -0.500000 -10.585671 0.000000
vt -0.000000 -10.585671 0.000000
vt -0.500000 -10.238600 0.000000
vt -0.000000 -10.238600 0.000000
vt -0.500000 -9.891529 0.000000
vt -0.000000 -9.891529 0.000000
vt -0.500000 -9.544458 0.000000
vt -0.000000 -9.544458 0.000000
vt -0.500000 -9.197387 0.000000
vt -0.000000 -9.197387 0.000000
vt -0.500000 -8.850315 0.000000
vt -0.000000 -8.850315 0.000000
vt -0.500000 -8.503244 0.000000
vt -0.000000 -8.503244 0.000000
vt -0.500000 -8.156173 0.000000
vt -0.000000 -8.156173 0.000000
vt -0.500000 -7.809102 0.000000
vt -0.000000 -7.809102 0.000000
vt -0.500000 -7.462031 0.000000
vt -0.000000 -7.462031 0.000000
vt -0.500000 -7.114959 0.000000
vt -0.000000 -7.114959 0.000000
vt -0.500000 -6.767888 0.000000
vt -0.000000 -6.767888 0.000000
vt -0.500000 -6.420817 0.000000
vt -0.000000 -6.420817 0.000000
vt -0.500000 -6.073746 0.000000
vt -0.000000 -6.073746 0.000000
vt -0.500000 -5.726675 0.000000
vt -0.000000 -5.726675 0.000000
vt -0.500000 -5.379603 0.000000
vt -0.000000 -5.379603 0.000000
vt -0.500000 -5.032532 0.000000
vt -0.000000 -5.032532 0.000000
vt -0.500000 -4.685461 0.000000
vt -0.000000 -4.685461 0.000000
vt -0.500000 -4.338390 0.000000
vt -0.000000 -4.338390 0.000000
vt -0.500000 -3.991319 0.000000
vt -0.000000 -3.991319 0.000000
vt -0.500000 -3.644248 0.000000
vt -0.000000 -3.644248 0.000000
vt -0.500000 -3.297176 0.000000
vt -0.000000 -3.297176 0.000000
vt -0.500000 -2.950105 0.000000
vt -0.000000 -2.950105 0.000000
vt -0.500000 -2.603034 0.000000
vt -0.000000 -2.603034 0.000000
vt -0.500000 -2.255963 0.000000
vt -0.000000 -2.255963 0.000000
vt -0.500000 -1.908892 0.000000
vt -0.000000 -1.908892 0.000000
vt -0.500000 -1.561820 0.000000
vt -0.000000 -1.561820 0.000000
vt -0.500000 -1.214749 0.000000
vt -0.000000 -1.214749 0.000000
vt -0.500000 -0.867678 0.000000
vt -0.000000 -0.867678 0.000000
vt -0.500000 -0.520607 0.000000
vt -0.000000 -0.520607 0.000000
vt -0.500000 -0.173536 0.000000
vt -0.000000 -0.173536 0.000000
vt -0.500000 0.173536 0.000000
vt -0.000000 0.173536 0.000000
vt -0.500000 0.520607 0.000000
vt -0.000000 0.520607 0.000000
vt -0.500000 0.867678 0.000000
vt -0.000000 0.867678 0.000000
vt -0.500000 1.214749 0.000000
vt -0.000000 1.214749 0.000000
vt -0.500000 1.561820 0.000000
vt -0.000000 1.561820 0.000000
vt -0.500000 1.908892 0.000000
vt -0.000000 1.908892 0.000000
vt -0.500000 2.255963 0.000000
vt -0.000000 2.255963 0.000000
vt -0.500000 2.603034 0.000000
vt -0.000000 2.603034 0.000000
vt -0.500000 2.950105 0.000000
vt -0.000000 2.950105 0.000000
vt -0.500000 3.297176 0.000000
vt -0.000000 3.297176 0.000000
vt -0.500000 3.644248 0.000000
vt -0.000000 3.644248 0.000000
vt -0.500000 3.991319 0.000000
vt -0.000000 3.991319 0.000000
vt -0.500000 4.338390 0.000000
vt -0.000000 4.338390 0.000000
vt -0.500000 4.685461 0.000000
vt -0.000000 4.685461 0.000000
vt -0.500000 5.032532 0.000000
vt -0.000000 5.032532 0.000000
vt -0.500000 5.379603 0.000000
vt -0.000000 5.379603 0.000000
vt -0.500000 5.726675 0.000000
vt -0.000000 5.726675 0.000000
vt -0.500000 6.073746 0.000000
vt -0.000000 6.073746 0.000000
vt -0.500000 6.420817 0.000000
vt -0.000000 6.420817 0.000000
vt -0.500000 6.767888 0.000000
vt -0.000000 6.767888 0.000000
vt -0.500000 7.114959 0.000000
vt -0.000000 7.114959 0.000000
vt -0.500000 7.462031 0.000000
vt -0.000000 7.462031 0.000000
vt -0.500000 7.809102 0.000000
vt -0.000000 7.809102 0.000000
vt -0.500000 8.156173 0.000000
vt -0.000000 8.156173 0.000000
vt -0.500000 8.503244 0.000000
vt -0.000000 8.503244 0.000000
vt -0.500000 8.850315 0.000000
vt -0.000000 8.850315 0.000000
vt -0.500000 9.197387 0.000000
vt -0.000000 9.197387 0.000000
vt -0.500000 9.544458 0.000000
vt -0.000000 9.544458 0.000000
vt -0.500000 9.891529 0.000000
vt -0.000000 9.891529 0.000000
vt -0.500000 10.238600 0.000000
vt -0.000000 10.238600 0.000000
vt -0.500000 10.585671 0.000000
vt -0.000000 10.585671 0.000000
vt -0.500000 10.932743 0.000000
vt -0.000000 10.932743 0.000000
vt -0.500000 11.279814 0.000000
vt -0.000000 11.279814 0.000000
vt -0.500000 11.626885 0.000000
vt -0.000000 11.626885 0.000000
vt -0.500000 11.973956 0.000000
vt -0.000000 11.973956 0.000000
vt -0.500000 12.321027 0.000000
vt -0.000000 12.321027 0.000000
vt -0.500000 12.668099 0.000000
vt -0.000000 12.668099 0.000000
vt -0.500000 13.015170 0.000000
vt -0.000000 13.015170 0.000000
vt -0.500000 13.362241 0.000000
vt -0.000000 13.362241 0.000000
vt -0.500000 13.709312 0.000000
vt -0.000000 13.709312 0.000000
vt -0.500000 14.056383 0.000000
vt -0.000000 14.056383 0.000000
vt -0.500000 14.403455 0.000000
vt -0.000000 14.403455 0.000000
vt -0.500000 14.750526 0.000000
vt -0.000000 14.750526 0.000000
vt -0.500000 15.097597 0.000000
vt -0.000000 15.097597 0.000000
vt -0.500000 15.444668 0.000000
vt -0.000000 15.444668 0.000000
vt -0.500000 15.791739 0.000000
vt -0.000000 15.791739 0.000000
vt -0.500000 16.138810 0.000000
vt -0.000000 16.138810 0.000000
vt -0.500000 16.485882 0.000000
vt -0.000000 16.485882 0.000000
vt -0.500000 16.832953 0.000000
vt -0.000000 16.832953 0.000000
vt -0.500000 17.180024 0.000000
vt -0.000000 17.180024 0.000000
vt -0.500000 17.527095 0.000000
vt -0.000000 17.527095 0.000000
vt -0.000000 0.000000 0.000000
vt 1.120884 5.690661 0.000000
vt -0.000000 5.700000 0.000000
vt 0.778553 5.747509 0.000000
vt 0.433435 5.783782 0.000000
vt -5.700000 0.000000 0.000000
vt -5.735219 -0.864445 0.000000
vt -5.673256 -1.205888 0.000000
vt -5.590985 -1.543014 0.000000
vt -5.689601 0.344157 0.000000
vt -5.797404 0.173510 0.000000
vt -5.797404 -0.173510 0.000000
vt -5.776651 -0.519908 0.000000
vt -5.776651 0.519908 0.000000
vt -5.658441 0.687059 0.000000
vt -5.735219 0.864445 0.000000
vt -5.606634 1.027454 0.000000
vt -5.673256 1.205888 0.000000
vt -5.534368 1.364099 0.000000
vt -5.590985 1.543014 0.000000
vt -5.441909 1.695767 0.000000
vt -5.488699 1.874616 0.000000
vt -5.329593 2.021248 0.000000
vt -5.366765 2.199508 0.000000
vt -5.197829 2.339353 0.000000
vt -5.225620 2.516526 0.000000
vt -5.047099 2.648922 0.000000
vt -5.065768 2.824535 0.000000
vt -4.877953 2.948826 0.000000
vt -4.887782 3.122434 0.000000
vt -4.691008 3.237969 0.000000
vt -4.692299 3.409155 0.000000
vt -4.486946 3.515298 0.000000
vt -4.480018 3.683672 0.000000
vt -4.266511 3.779799 0.000000
vt -4.251701 3.945002 0.000000
vt -4.030509 4.030509 0.000000
vt -4.008163 4.192210 0.000000
vt -3.779799 4.266511 0.000000
vt -3.750278 4.424412 0.000000
vt -3.515298 4.486946 0.000000
vt -3.478967 4.640775 0.000000
vt -3.237969 4.691008 0.000000
vt -3.195203 4.840525 0.000000
vt -2.948826 4.877953 0.000000
vt -2.900000 5.022947 0.000000
vt -2.648922 5.047099 0.000000
vt -2.594416 5.187389 0.000000
vt -2.339353 5.197829 0.000000
vt -2.279545 5.333261 0.000000
vt -2.021248 5.329593 0.000000
vt -1.956514 5.460042 0.000000
vt -1.695767 5.441909 0.000000
vt -1.626479 5.567276 0.000000
vt -1.364099 5.534368 0.000000
vt -1.290621 5.654582 0.000000
vt -1.027454 5.606634 0.000000
vt -0.950144 5.721646 0.000000
vt -0.687059 5.658441 0.000000
vt -0.606265 5.768227 0.000000
vt -0.344157 5.689601 0.000000
vt -0.260216 5.794160 0.000000
vt 0.086765 5.799351 0.000000
vt 5.789619 -0.346864 0.000000
vt 5.800000 0.000000 0.000000
vt 5.789619 0.346864 0.000000
vt 5.758512 0.692487 0.000000
vt 5.706792 1.035630 0.000000
vt 5.634642 1.375066 0.000000
vt 5.542322 1.709580 0.000000
vt 5.430162 2.037974 0.000000
vt 5.298564 2.359073 0.000000
vt 5.147998 2.671726 0.000000
vt 4.979003 2.974816 0.000000
vt 4.792185 3.267256 0.000000
vt 4.588212 3.548001 0.000000
vt 4.367815 3.816045 0.000000
vt 4.131781 4.070428 0.000000
vt 3.880958 4.310240 0.000000
vt 3.616241 4.534623 0.000000
vt 3.338579 4.742773 0.000000
vt 3.048966 4.933944 0.000000
vt 2.748438 5.107454 0.000000
vt 2.438072 5.262681 0.000000
vt 2.118978 5.399068 0.000000
vt 1.792299 5.516128 0.000000
vt 1.459203 5.613442 0.000000
vt -5.488699 -1.874616 0.000000
vt -5.366765 -2.199508 0.000000
vt -5.225620 -2.516526 0.000000
vt -5.065768 -2.824535 0.000000
vt -4.887782 -3.122434 0.000000
vt -4.692299 -3.409155 0.000000
vt -4.480018 -3.683672 0.000000
vt -4.251701 -3.945002 0.000000
vt -4.008163 -4.192210 0.000000
vt -3.750278 -4.424412 0.000000
vt -3.478967 -4.640775 0.000000
vt -3.195203 -4.840525 0.000000
vt -2.900000 -5.022947 0.000000
vt -2.594416 -5.187389 0.000000
vt -2.279545 -5.333261 0.000000
vt -1.956514 -5.460042 0.000000
vt -1.626479 -5.567276 0.000000
vt -1.290621 -5.654582 0.000000
vt -0.950144 -5.721646 0.000000
vt -0.606265 -5.768227 0.000000
vt -0.260216 -5.794160 0.000000
vt 0.086765 -5.799351 0.000000
vt 0.433435 -5.783782 0.000000
vt 0.778553 -5.747509 0.000000
vt 1.120884 -5.690661 0.000000
vt 1.459203 -5.613442 0.000000
vt 1.792299 -5.516128 0.000000
vt 2.118978 -5.399068 0.000000
vt 2.438072 -5.262681 0.000000
vt 2.748438 -5.107454 0.000000
vt 3.048966 -4.933944 0.000000
vt 3.338579 -4.742773 0.000000
vt 3.616241 -4.534623 0.000000
vt 3.880958 -4.310240 0.000000
vt 4.131781 -4.070428 0.000000
vt 4.367815 -3.816045 0.000000
vt 4.588212 -3.548001 0.000000
vt 4.792185 -3.267256 0.000000
vt 4.979003 -2.974816 0.000000
vt 5.147998 -2.671726 0.000000
vt 5.298564 -2.359073 0.000000
vt 5.430162 -2.037974 0.000000
vt 5.542322 -1.709580 0.000000
vt 5.634642 -1.375066 0.000000
vt 5.706792 -1.035630 0.000000
vt 5.758512 -0.692487 0.000000
vn -0.000000 0.100000 -0.000000
vn -0.000000 0.100000 -0.000000
vn -0.000000 0.100000 -0.000000
vn -0.000000 0.100000 -0.000000
vn 0.100000 0.000000 0.000000
vn 0.100000 0.000000 0.000000
vn 0.100000 0.000000 0.000000
vn 0.100000 0.000000 0.000000
vn 0.000000 0.000000 0.100000
vn 0.000000 0.000000 0.100000
vn 0.000000 0.000000 0.100000
vn 0.000000 0.000000 0.100000
vn 0.000000 0.000000 0.100000
vn 0.000000 0.000000 0.100000
vn 0.000000 0.000000 0.100000
vn 0.000000 0.000000 0.100000
vn 0.000000 0.000000 0.100000
vn 0.000000 0.000000 0.100000
vn 0.000000 0.000000 0.100000
vn 0.000000 0.000000 0.100000
vn 0.000000 0.000000 0.100000
vn 0.000000 0.000000 0.100000
vn 0.000000 0.000000 0.100000
vn 0.000000 0.000000 0.100000
vn 0.000000 0.000000 0.100000
vn 0.000000 0.000000 0.100000
vn 0.000000 0.000000 0.100000
vn 0.000000 0.000000 0.100000
vn 0.000000 0.000000 0.100000
vn 0.000000 0.000000 0.100000
vn 0.000000 0.000000 0.100000
vn 0.000000 0.000000 0.100000
vn 0.000000 0.000000 0.100000
vn 0.000000 0.000000 0.100000
vn 0.000000 0.000000 0.100000
vn 0.000000 0.000000 0.100000
vn 0.000000 0.000000 0.100000
vn 0.000000 0.000000 0.100000
vn 0.000000 0.000000 0.100000
vn 0.000000 0.000000 0.100000
vn 0.000000 0.000000 0.100000
vn 0.000000 0.000000 0.100000
vn 0.000000 0.000000 0.100000
vn 0.000000 0.000000 0.100000
vn 0.000000 0.000000 0.100000
vn 0.000000 0.000000 0.100000
vn 0.000000 0.000000 0.100000
vn 0.000000 0.000000 0.100000
vn 0.000000 0.000000 0.100000
vn 0.000000 0.000000 0.100000
vn 0.000000 0.000000 0.100000
vn 0.000000 0.000000 0.100000
vn 0.000000 0.000000 0.100000
vn 0.000000 0.000000 0.100000
vn 0.000000 0.000000 0.100000
vn 0.000000 0.000000 0.100000
vn 0.000000 0.000000 0.100000
vn 0.000000 0.000000 0.100000
vn 0.000000 0.000000 0.100000
vn 0.000000 0.000000 0.100000
vn 0.000000 0.000000 0.100000
vn 0.000000 0.000000 0.100000
vn 0.000000 0.000000 0.100000
vn 0.000000 0.000000 0.100000
vn 0.000000 0.000000 0.100000
vn 0.000000 0.000000 0.100000
vn 0.000000 0.000000 0.100000
vn 0.000000 0.000000 0.100000
vn 0.000000 0.000000 0.100000
vn 0.000000 0.000000 0.100000
vn 0.000000 0.000000 0.100000
vn 0.000000 0.000000 0.100000
vn 0.000000 0.000000 0.100000
vn 0.000000 0.000000 0.100000
vn 0.000000 0.000000 0.100000
vn 0.000000 0.000000 0.100000
vn 0.000000 0.000000 0.100000
vn 0.000000 0.000000 0.100000
vn 0.000000 0.000000 0.100000
vn 0.000000 0.000000 0.100000
vn 0.000000 0.000000 0.100000
vn 0.000000 0.000000 0.100000
vn 0.000000 0.000000 0.100000
vn 0.000000 0.000000 0.100000
vn 0.000000 0.000000 0.100000
vn 0.000000 0.000000 0.100000
vn 0.000000 0.000000 0.100000
vn 0.000000 0.000000 0.100000
vn -0.099818 0.006038 0.000000
vn -0.099818 0.006038 0.000000
vn -0.100000 0.000000 0.000000
vn -0.100000 0.000000 0.000000
vn -0.099818 -0.006038 0.000000
vn -0.099271 0.012054 0.000000
vn -0.099271 0.012054 0.000000
vn -0.098362 0.018026 0.000000
vn -0.098362 0.018026 0.000000
vn -0.097094 0.023932 0.000000
vn -0.097094 0.023932 0.000000
vn -0.095472 0.029750 0.000000
vn -0.095472 0.029750 0.000000
vn -0.093502 0.035460 0.000000
vn -0.093502 0.035460 0.000000
vn -0.091190 0.041041 0.000000
vn -0.091190 0.041041 0.000000
vn -0.088546 0.046472 0.000000
vn -0.088546 0.046472 0.000000
vn -0.085578 0.051734 0.000000
vn -0.085578 0.051734 0.000000
vn -0.082298 0.056806 0.000000
vn -0.082298 0.056806 0.000000
vn -0.078718 0.061672 0.000000
vn -0.078718 0.061672 0.000000
vn -0.074851 0.066312 0.000000
vn -0.074851 0.066312 0.000000
vn -0.070711 0.070711 0.000000
vn -0.070711 0.070711 0.000000
vn -0.066312 0.074851 0.000000
vn -0.066312 0.074851 0.000000
vn -0.061672 0.078718 0.000000
vn -0.061672 0.078718 0.000000
vn -0.056806 0.082298 0.000000
vn -0.056806 0.082298 0.000000
vn -0.051734 0.085578 0.000000
vn -0.051734 0.085578 0.000000
vn -0.046472 0.088546 0.000000
vn -0.046472 0.088546 0.000000
vn -0.041041 0.091190 0.000000
vn -0.041041 0.091190 0.000000
vn -0.035460 0.093502 0.000000
vn -0.035460 0.093502 0.000000
vn -0.029750 0.095472 0.000000
vn -0.029750 0.095472 0.000000
vn -0.023932 0.097094 0.000000
vn -0.023932 0.097094 0.000000
vn -0.018026 0.098362 0.000000
vn -0.018026 0.098362 0.000000
vn -0.012054 0.099271 0.000000
vn -0.012054 0.099271 0.000000
vn -0.006038 0.099818 0.000000
vn -0.006038 0.099818 0.000000
vn -0.000000 0.100000 0.000000
vn -0.000000 0.100000 0.000000
vn 0.006038 0.099818 0.000000
vn 0.006038 0.099818 0.000000
vn 0.012054 0.099271 0.000000
vn 0.012054 0.099271 0.000000
vn 0.018026 0.098362 0.000000
vn 0.018026 0.098362 0.000000
vn 0.023932 0.097094 0.000000
vn 0.023932 0.097094 0.000000
vn 0.029750 0.095472 0.000000
vn 0.029750 0.095472 0.000000
vn 0.035460 0.093502 0.000000
vn 0.035460 0.093502 0.000000
vn 0.041041 0.091190 0.000000
vn 0.041041 0.091190 0.000000
vn 0.046472 0.088546 0.000000
vn 0.046472 0.088546 0.000000
vn 0.051734 0.085578 0.000000
vn 0.051734 0.085578 0.000000
vn 0.056806 0.082298 0.000000
vn 0.056806 0.082298 0.000000
vn 0.061672 0.078718 0.000000
vn 0.061672 0.078718 0.000000
vn 0.066312 0.074851 0.000000
vn 0.066312 0.074851 0.000000
vn 0.070711 0.070711 0.000000
vn 0.070711 0.070711 0.000000
vn 0.074851 0.066312 0.000000
vn 0.074851 0.066312 0.000000
vn 0.078718 0.061672 0.000000
vn 0.078718 0.061672 0.000000
vn 0.082298 0.056806 0.000000
vn 0.082298 0.056806 0.000000
vn 0.085578 0.051734 0.000000
vn 0.085578 0.051734 0.000000
vn 0.088546 0.046472 0.000000
vn 0.088546 0.046472 0.000000
vn 0.091190 0.041041 0.000000
vn 0.091190 0.041041 0.000000
vn 0.093502 0.035460 0.000000
vn 0.093502 0.035460 0.000000
vn 0.095472 0.029750 0.000000
vn 0.095472 0.029750 0.000000
vn 0.097094 0.023932 0.000000
vn 0.097094 0.023932 0.000000
vn 0.098362 0.018026 0.000000
vn 0.098362 0.018026 0.000000
vn 0.099271 0.012054 0.000000
vn 0.099271 0.012054 0.000000
vn 0.099818 0.006038 0.000000
vn 0.099818 0.006038 0.000000
vn 0.100000 0.000000 0.000000
vn 0.100000 0.000000 0.000000
vn 0.099818 -0.006038 0.000000
vn 0.099818 -0.006038 0.000000
vn 0.099271 -0.012054 0.000000
vn 0.099271 -0.012054 0.000000
vn 0.098362 -0.018026 0.000000
vn 0.098362 -0.018026 0.000000
vn 0.097094 -0.023932 0.000000
vn 0.097094 -0.023932 0.000000
vn 0.095472 -0.029750 0.000000
vn 0.095472 -0.029750 0.000000
vn 0.093502 -0.035460 0.000000
vn 0.093502 -0.035460 0.000000
vn 0.091190 -0.041041 0.000000
vn 0.091190 -0.041041 0.000000
vn 0.088546 -0.046472 0.000000
vn 0.088546 -0.046472 0.000000
vn 0.085578 -0.051734 0.000000
vn 0.085578 -0.051734 0.000000
vn 0.082298 -0.056806 0.000000
vn 0.082298 -0.056806 0.000000
vn 0.078718 -0.061672 0.000000
vn 0.078718 -0.061672 0.000000
vn 0.074851 -0.066312 0.000000
vn 0.074851 -0.066312 0.000000
vn 0.070711 -0.070711 0.000000
vn 0.070711 -0.070711 0.000000
vn 0.066312 -0.074851 0.000000
vn 0.066312 -0.074851 0.000000
vn 0.061672 -0.078718 0.000000
vn 0.061672 -0.078718 0.000000
vn 0.056806 -0.082298 0.000000
vn 0.056806 -0.082298 0.000000
vn 0.051734 -0.085578 0.000000
vn 0.051734 -0.085578 0.000000
vn 0.046472 -0.088546 0.000000
vn 0.046472 -0.088546 0.000000
vn 0.041041 -0.091190 0.000000
vn 0.041041 -0.091190 0.000000
vn 0.035460 -0.093502 0.000000
vn 0.035460 -0.093502 0.000000
vn 0.029750 -0.095472 0.000000
vn 0.029750 -0.095472 0.000000
vn 0.023932 -0.097094 0.000000
vn 0.023932 -0.097094 0.000000
vn 0.018026 -0.098362 0.000000
vn 0.018026 -0.098362 0.000000
vn 0.012054 -0.099271 0.000000
vn 0.012054 -0.099271 0.000000
vn 0.006038 -0.099818 0.000000
vn 0.006038 -0.099818 0.000000
vn -0.000000 -0.100000 0.000000
vn -0.000000 -0.100000 0.000000
vn -0.006038 -0.099818 0.000000
vn -0.006038 -0.099818 0.000000
vn -0.012054 -0.099271 0.000000
vn -0.012054 -0.099271 0.000000
vn -0.018026 -0.098362 0.000000
vn -0.018026 -0.098362 0.000000
vn -0.023932 -0.097094 0.000000
vn -0.023932 -0.097094 0.000000
vn -0.029750 -0.095472 0.000000
vn -0.029750 -0.095472 0.000000
vn -0.035460 -0.093502 0.000000
vn -0.035460 -0.093502 0.000000
vn -0.041041 -0.091190 0.000000
vn -0.041041 -0.091190 0.000000
vn -0.046472 -0.088546 0.000000
vn -0.046472 -0.088546 0.000000
vn -0.051734 -0.085578 0.000000
vn -0.051734 -0.085578 0.000000
vn -0.056806 -0.082298 0.000000
vn -0.056806 -0.082298 0.000000
vn -0.061672 -0.078718 0.000000
vn -0.061672 -0.078718 0.000000
vn -0.066312 -0.074851 0.000000
vn -0.066312 -0.074851 0.000000
vn -0.070711 -0.070711 0.000000
vn -0.070711 -0.070711 0.000000
vn -0.074851 -0.066312 0.000000
vn -0.074851 -0.066312 0.000000
vn -0.078718 -0.061672 0.000000
vn -0.078718 -0.061672 0.000000
vn -0.082298 -0.056806 0.000000
vn -0.082298 -0.056806 0.000000
vn -0.085578 -0.051734 0.000000
vn -0.085578 -0.051734 0.000000
vn -0.088546 -0.046472 0.000000
vn -0.088546 -0.046472 0.000000
vn -0.091190 -0.041041 0.000000
vn -0.091190 -0.041041 0.000000
vn -0.093502 -0.035460 0.000000
vn -0.093502 -0.035460 0.000000
vn -0.095472 -0.029750 0.000000
vn -0.095472 -0.029750 0.000000
vn -0.097094 -0.023932 0.000000
vn -0.097094 -0.023932 0.000000
vn -0.098362 -0.018026 0.000000
vn -0.098362 -0.018026 0.000000
vn -0.099271 -0.012054 0.000000
vn -0.099271 -0.012054 0.000000
vn -0.099818 -0.006038 0.000000
vn -0.100000 0.000000 0.000000
vn -0.000000 -0.100000 0.000000
vn 0.000000 0.000000 0.100000
vn 0.000000 0.000000 0.100000
vn 0.000000 0.000000 0.100000
vn 0.000000 0.000000 0.100000
vn 0.000000 0.000000 0.100000
vn 0.000000 0.000000 0.100000
vn 0.000000 0.000000 0.100000
vn 0.000000 0.000000 0.100000
vn 0.000000 0.000000 0.100000
vn 0.000000 0.000000 0.100000
vn 0.000000 0.000000 0.100000
vn 0.000000 0.000000 0.100000
vn 0.000000 0.000000 0.100000
vn 0.000000 0.000000 0.100000
vn 0.000000 0.000000 0.100000
vn 0.000000 0.000000 0.100000
vn 0.000000 0.000000 0.100000
vn 0.000000 0.000000 0.100000
vn 0.000000 0.000000 0.100000
vn 0.000000 0.000000 0.100000
vn 0.000000 0.000000 0.100000
vn 0.000000 0.000000 0.100000
vn 0.000000 0.000000 0.100000
vn 0.000000 0.000000 0.100000
vn 0.000000 0.000000 0.100000
vn 0.000000 0.000000 0.100000
vn 0.000000 0.000000 0.100000
vn 0.000000 0.000000 0.100000
vn 0.000000 0.000000 0.100000
vn 0.000000 0.000000 0.100000
vn 0.000000 0.000000 0.100000
vn 0.000000 0.000000 0.100000
vn 0.000000 0.000000 0.100000
vn 0.000000 0.000000 0.100000
vn 0.000000 0.000000 0.100000
vn 0.000000 0.000000 0.100000
vn 0.000000 0.000000 0.100000
vn 0.000000 0.000000 0.100000
vn 0.000000 0.000000 0.100000
vn 0.000000 0.000000 0.100000
vn 0.000000 0.000000 0.100000
vn 0.000000 0.000000 0.100000
vn 0.000000 0.000000 0.100000
vn 0.000000 0.000000 0.100000
vn 0.000000 0.000000 0.100000
vn 0.000000 0.000000 0.100000
vn 0.000000 0.000000 0.100000
vn 0.000000 0.000000 0.100000
vn 0.000000 0.000000 0.100000
vn 0.000000 0.000000 0.100000
vn 0.000000 0.000000 0.100000
vn 0.000000 0.000000 0.100000
vn 0.000000 0.000000 0.100000
vn 0.000000 0.000000 0.100000
vn 0.000000 0.000000 0.100000
vn 0.000000 0.000000 0.100000
vn 0.000000 0.000000 0.100000
vn 0.000000 0.000000 0.100000
vn 0.000000 0.000000 0.100000
vn 0.000000 0.000000 0.100000
vn 0.000000 0.000000 0.100000
vn 0.000000 0.000000 0.100000
vn 0.000000 0.000000 0.100000
vn 0.000000 0.000000 0.100000
vn 0.000000 0.000000 0.100000
vn 0.000000 0.000000 0.100000
vn 0.000000 0.000000 0.100000
vn 0.000000 0.000000 0.100000
vn 0.000000 0.000000 0.100000
vn 0.000000 0.000000 0.100000
vn 0.000000 0.000000 0.100000
vn 0.000000 0.000000 0.100000
vn 0.000000 0.000000 0.100000
vn 0.000000 0.000000 0.100000
vn 0.000000 0.000000 0.100000
vn 0.000000 0.000000 0.100000
vn 0.000000 0.000000 0.100000
vn 0.000000 0.000000 0.100000
vn 0.000000 0.000000 0.100000
vn 0.000000 0.000000 0.100000
vn 0.000000 0.000000 0.100000
vn 0.000000 0.000000 0.100000
vn 0.000000 0.000000 0.100000
vn 0.000000 0.000000 0.100000
vn 0.000000 0.000000 0.100000
vn 0.000000 0.000000 0.100000
vn 0.000000 0.000000 0.100000
vn 0.000000 0.000000 0.100000
vn 0.000000 0.000000 0.100000
vn 0.000000 0.000000 0.100000
vn 0.000000 0.000000 0.100000
vn 0.000000 0.000000 0.100000
vn 0.000000 0.000000 0.100000
vn 0.000000 0.000000 0.100000
vn 0.000000 0.000000 0.100000
vn 0.000000 0.000000 0.100000
vn 0.000000 0.000000 0.100000
vn 0.000000 0.000000 0.100000
vn 0.000000 0.000000 0.100000
vn 0.000000 0.000000 0.100000
vn 0.000000 0.000000 0.100000
vn 0.000000 0.000000 0.100000
vn 0.000000 0.000000 0.100000
vn 0.000000 0.000000 0.100000
vn 0.000000 0.000000 0.100000
vn 0.000000 0.000000 0.100000
vn 0.000000 0.000000 0.100000
vn 0.000000 0.000000 0.100000
vn 0.000000 0.000000 0.100000
vn 0.000000 0.000000 0.100000
vn 0.000000 0.000000 0.100000
vn 0.000000 0.000000 0.100000
vn 0.000000 0.000000 0.100000
vn 0.000000 0.000000 0.100000
vn 0.000000 0.000000 0.100000
vn 0.000000 0.000000 0.100000
vn 0.000000 0.000000 0.100000
vn 0.000000 0.000000 0.100000
vn 0.000000 0.000000 0.100000
vn 0.000000 0.000000 0.100000
vn 0.000000 0.000000 0.100000
vn 0.000000 0.000000 0.100000
vn 0.000000 0.000000 0.100000
vn 0.000000 0.000000 0.100000
vn 0.000000 0.000000 0.100000
vn 0.000000 0.000000 0.100000
vn 0.000000 0.000000 0.100000
vn 0.000000 0.000000 0.100000
vn 0.000000 0.000000 0.100000
vn 0.000000 0.000000 0.100000
vn 0.000000 0.000000 0.100000
vn 0.000000 0.000000 0.100000
vn 0.000000 0.000000 0.100000
vn 0.000000 0.000000 0.100000
vn 0.000000 0.000000 0.100000
vn 0.000000 0.000000 0.100000
vn 0.000000 0.000000 0.100000
vn 0.000000 0.000000 0.100000
vn 0.000000 0.000000 0.100000
vn 0.000000 0.000000 0.100000
vn 0.000000 0.000000 0.100000
vn 0.000000 0.000000 0.100000
vn 0.000000 0.000000 0.100000
vn 0.000000 0.000000 0.100000
vn 0.000000 0.000000 0.100000
vn 0.000000 0.000000 0.100000
vn 0.000000 0.000000 0.100000
vn 0.000000 0.000000 0.100000
vn 0.000000 0.000000 0.100000
vn 0.000000 0.000000 0.100000
vn 0.000000 0.000000 0.100000
vn 0.000000 0.000000 0.100000
vn 0.000000 0.000000 0.100000
vn 0.000000 0.000000 0.100000
vn 0.000000 0.000000 0.100000
vn 0.000000 0.000000 0.100000
vn 0.000000 0.000000 0.100000
vn 0.000000 0.000000 0.100000
vn 0.000000 0.000000 0.100000
vn 0.000000 0.000000 0.100000
vn 0.000000 0.000000 0.100000
vn 0.000000 0.000000 0.100000
vn 0.000000 0.000000 0.100000
vn 0.000000 0.000000 0.100000
vn 0.000000 0.000000 0.100000
vn 0.000000 0.000000 0.100000
vn 0.000000 0.000000 0.100000
vn 0.000000 0.000000 0.100000
vn 0.000000 0.000000 0.100000
vn 0.000000 0.000000 0.100000
vn 0.000000 0.000000 0.100000
vn 0.000000 0.000000 0.100000
vn 0.000000 0.000000 0.100000
vn 0.000000 0.000000 0.100000
vn 0.000000 0.000000 0.100000
vn 0.000000 0.000000 0.100000
vn 0.000000 0.000000 0.100000
vn 0.000000 0.000000 0.100000
vn 0.000000 0.000000 0.100000
vn 0.000000 0.000000 0.100000
vn 0.000000 0.000000 0.100000
vn 0.000000 0.000000 0.100000
vn 0.000000 0.000000 0.100000
vn 0.000000 0.000000 0.100000
vn 0.000000 0.000000 0.100000
vn 0.000000 0.000000 0.100000
vn 0.000000 0.000000 0.100000
vn 0.000000 0.000000 0.100000
vn 0.000000 0.000000 0.100000
vn 0.000000 0.000000 0.100000
vn 0.000000 0.000000 0.100000
vn 0.000000 0.000000 0.100000
vn 0.000000 0.000000 0.100000
vn 0.000000 0.000000 0.100000
vn 0.000000 0.000000 0.100000
vn 0.000000 0.000000 0.100000
vn 0.000000 0.000000 0.100000
vn 0.000000 0.000000 0.100000
vn 0.000000 0.000000 0.100000
vn 0.000000 0.000000 0.100000
vn 0.000000 0.000000 0.100000
vn 0.000000 0.000000 0.100000
vn 0.000000 0.000000 0.100000
vn 0.000000 0.000000 0.100000
vn 0.000000 0.000000 0.100000
vn 0.000000 0.000000 0.100000
vn 0.000000 0.000000 0.100000
vn 0.000000 0.000000 0.100000
vn 0.000000 0.000000 0.100000
vn -0.099821 0.005980 -0.000000
vn -0.099821 0.005980 -0.000000
vn -0.100000 0.000000 -0.000000
vn -0.100000 0.000000 -0.000000
vn -0.099821 -0.005980 0.000000
vn -0.099821 -0.005980 0.000000
vn -0.099285 -0.011939 0.000000
vn -0.099285 -0.011939 0.000000
vn -0.098393 -0.017856 0.000000
vn -0.098393 -0.017856 0.000000
vn -0.097149 -0.023708 0.000000
vn -0.097149 -0.023708 0.000000
vn -0.095557 -0.029476 0.000000
vn -0.095557 -0.029476 0.000000
vn -0.093623 -0.035137 0.000000
vn -0.093623 -0.035137 0.000000
vn -0.091355 -0.040674 0.000000
vn -0.091355 -0.040674 0.000000
vn -0.088759 -0.046064 0.000000
vn -0.088759 -0.046064 0.000000
vn -0.085845 -0.051290 0.000000
vn -0.085845 -0.051290 0.000000
vn -0.082624 -0.056332 0.000000
vn -0.082624 -0.056332 0.000000
vn -0.079107 -0.061172 0.000000
vn -0.079107 -0.061172 0.000000
vn -0.075307 -0.065794 0.000000
vn -0.075307 -0.065794 0.000000
vn -0.071238 -0.070180 0.000000
vn -0.071238 -0.070180 0.000000
vn -0.066913 -0.074314 0.000000
vn -0.066913 -0.074314 0.000000
vn -0.062349 -0.078183 0.000000
vn -0.062349 -0.078183 0.000000
vn -0.057562 -0.081772 0.000000
vn -0.057562 -0.081772 0.000000
vn -0.052568 -0.085068 0.000000
vn -0.052568 -0.085068 0.000000
vn -0.047387 -0.088060 0.000000
vn -0.047387 -0.088060 0.000000
vn -0.042036 -0.090736 0.000000
vn -0.042036 -0.090736 0.000000
vn -0.036534 -0.093087 0.000000
vn -0.036534 -0.093087 0.000000
vn -0.030902 -0.095106 0.000000
vn -0.030902 -0.095106 0.000000
vn -0.025159 -0.096783 0.000000
vn -0.025159 -0.096783 0.000000
vn -0.019326 -0.098115 0.000000
vn -0.019326 -0.098115 0.000000
vn -0.013423 -0.099095 0.000000
vn -0.013423 -0.099095 0.000000
vn -0.007473 -0.099720 0.000000
vn -0.007473 -0.099720 0.000000
vn -0.001496 -0.099989 0.000000
vn -0.001496 -0.099989 0.000000
vn 0.004486 -0.099899 0.000000
vn 0.004486 -0.099899 0.000000
vn 0.010453 -0.099452 0.000000
vn 0.010453 -0.099452 0.000000
vn 0.016382 -0.098649 0.000000
vn 0.016382 -0.098649 0.000000
vn 0.022252 -0.097493 0.000000
vn 0.022252 -0.097493 0.000000
vn 0.028043 -0.095988 0.000000
vn 0.028043 -0.095988 0.000000
vn 0.033733 -0.094139 0.000000
vn 0.033733 -0.094139 0.000000
vn 0.039303 -0.091953 0.000000
vn 0.039303 -0.091953 0.000000
vn 0.044731 -0.089438 0.000000
vn 0.044731 -0.089438 0.000000
vn 0.050000 -0.086603 0.000000
vn 0.050000 -0.086603 0.000000
vn 0.055090 -0.083457 0.000000
vn 0.055090 -0.083457 0.000000
vn 0.059982 -0.080013 0.000000
vn 0.059982 -0.080013 0.000000
vn 0.064660 -0.076283 0.000000
vn 0.064660 -0.076283 0.000000
vn 0.069106 -0.072279 0.000000
vn 0.069106 -0.072279 0.000000
vn 0.073305 -0.068017 0.000000
vn 0.073305 -0.068017 0.000000
vn 0.077242 -0.063512 0.000000
vn 0.077242 -0.063512 0.000000
vn 0.080902 -0.058779 0.000000
vn 0.080902 -0.058779 0.000000
vn 0.084272 -0.053835 0.000000
vn 0.084272 -0.053835 0.000000
vn 0.087341 -0.048699 0.000000
vn 0.087341 -0.048699 0.000000
vn 0.090097 -0.043388 0.000000
vn 0.090097 -0.043388 0.000000
vn 0.092530 -0.037923 0.000000
vn 0.092530 -0.037923 0.000000
vn 0.094633 -0.032321 0.000000
vn 0.094633 -0.032321 0.000000
vn 0.096396 -0.026604 0.000000
vn 0.096396 -0.026604 0.000000
vn 0.097815 -0.020791 0.000000
vn 0.097815 -0.020791 0.000000
vn 0.098883 -0.014904 0.000000
vn 0.098883 -0.014904 0.000000
vn 0.099597 -0.008964 0.000000
vn 0.099597 -0.008964 0.000000
vn 0.099955 -0.002992 0.000000
vn 0.099955 -0.002992 0.000000
vn 0.099955 0.002992 0.000000
vn 0.099955 0.002992 0.000000
vn 0.099597 0.008964 0.000000
vn 0.099597 0.008964 0.000000
vn 0.098883 0.014904 0.000000
vn 0.098883 0.014904 0.000000
vn 0.097815 0.020791 0.000000
vn 0.097815 0.020791 0.000000
vn 0.096396 0.026604 0.000000
vn 0.096396 0.026604 0.000000
vn 0.094633 0.032321 0.000000
vn 0.094633 0.032321 0.000000
vn 0.092530 0.037923 0.000000
vn 0.092530 0.037923 0.000000
vn 0.090097 0.043388 0.000000
vn 0.090097 0.043388 0.000000
vn 0.087341 0.048699 0.000000
vn 0.087341 0.048699 0.000000
vn 0.084272 0.053835 0.000000
vn 0.084272 0.053835 0.000000
vn 0.080902 0.058779 0.000000
vn 0.080902 0.058779 0.000000
vn 0.077242 0.063512 0.000000
vn 0.077242 0.063512 0.000000
vn 0.073305 0.068017 0.000000
vn 0.073305 0.068017 0.000000
vn 0.069106 0.072279 0.000000
vn 0.069106 0.072279 0.000000
vn 0.064660 0.076283 0.000000
vn 0.064660 0.076283 0.000000
vn 0.059982 0.080013 0.000000
vn 0.059982 0.080013 0.000000
vn 0.055090 0.083457 0.000000
vn 0.055090 0.083457 0.000000
vn 0.050000 0.086603 0.000000
vn 0.050000 0.086603 0.000000
vn 0.044731 0.089438 0.000000
vn 0.044731 0.089438 0.000000
vn 0.039303 0.091953 0.000000
vn 0.039303 0.091953 0.000000
vn 0.033733 0.094139 0.000000
vn 0.033733 0.094139 0.000000
vn 0.028043 0.095988 0.000000
vn 0.028043 0.095988 0.000000
vn 0.022252 0.097493 0.000000
vn 0.022252 0.097493 0.000000
vn 0.016382 0.098649 0.000000
vn 0.016382 0.098649 0.000000
vn 0.010453 0.099452 0.000000
vn 0.010453 0.099452 0.000000
vn 0.004486 0.099899 0.000000
vn 0.004486 0.099899 0.000000
vn -0.001496 0.099989 -0.000000
vn -0.001496 0.099989 -0.000000
vn -0.007473 0.099720 -0.000000
vn -0.007473 0.099720 -0.000000
vn -0.013423 0.099095 -0.000000
vn -0.013423 0.099095 -0.000000
vn -0.019326 0.098115 -0.000000
vn -0.019326 0.098115 -0.000000
vn -0.025159 0.096783 -0.000000
vn -0.025159 0.096783 -0.000000
vn -0.030902 0.095106 -0.000000
vn -0.030902 0.095106 -0.000000
vn -0.036534 0.093087 -0.000000
vn -0.036534 0.093087 -0.000000
vn -0.042036 0.090736 -0.000000
vn -0.042036 0.090736 -0.000000
vn -0.047387 0.088060 -0.000000
vn -0.047387 0.088060 -0.000000
vn -0.052568 0.085068 -0.000000
vn -0.052568 0.085068 -0.000000
vn -0.057562 0.081772 -0.000000
vn -0.057562 0.081772 -0.000000
vn -0.062349 0.078183 -0.000000
vn -0.062349 0.078183 -0.000000
vn -0.066913 0.074314 -0.000000
vn -0.066913 0.074314 -0.000000
vn -0.071238 0.070180 -0.000000
vn -0.071238 0.070180 -0.000000
vn -0.075307 0.065794 -0.000000
vn -0.075307 0.065794 -0.000000
vn -0.079107 0.061172 -0.000000
vn -0.079107 0.061172 -0.000000
vn -0.082624 0.056332 -0.000000
vn -0.082624 0.056332 -0.000000
vn -0.085845 0.051290 -0.000000
vn -0.085845 0.051290 -0.000000
vn -0.088759 0.046064 -0.000000
vn -0.088759 0.046064 -0.000000
vn -0.091355 0.040674 -0.000000
vn -0.091355 0.040674 -0.000000
vn -0.093623 0.035137 -0.000000
vn -0.093623 0.035137 -0.000000
vn -0.095557 0.029476 -0.000000
vn -0.095557 0.029476 -0.000000
vn -0.097149 0.023708 -0.000000
vn -0.097149 0.023708 -0.000000
vn -0.098393 0.017856 -0.000000
vn -0.098393 0.017856 -0.000000
vn -0.099285 0.011939 -0.000000
vn -0.099285 0.011939 -0.000000
vn 0.000000 0.000000 -0.100000
vn 0.000000 0.000000 -0.100000
vn 0.000000 0.000000 -0.100000
vn 0.000000 0.000000 -0.100000
vn 0.000000 0.000000 -0.100000
vn 0.000000 0.000000 -0.100000
vn 0.000000 0.000000 -0.100000
vn 0.000000 0.000000 -0.100000
vn 0.000000 0.000000 -0.100000
vn 0.000000 0.000000 -0.100000
vn 0.000000 0.000000 -0.100000
vn 0.000000 0.000000 -0.100000
vn 0.000000 0.000000 -0.100000
vn 0.000000 0.000000 -0.100000
vn 0.000000 0.000000 -0.100000
vn 0.000000 0.000000 -0.100000
vn 0.000000 0.000000 -0.100000
vn 0.000000 0.000000 -0.100000
vn 0.000000 0.000000 -0.100000
vn 0.000000 0.000000 -0.100000
vn 0.000000 0.000000 -0.100000
vn 0.000000 0.000000 -0.100000
vn 0.000000 0.000000 -0.100000
vn 0.000000 0.000000 -0.100000
vn 0.000000 0.000000 -0.100000
vn 0.000000 0.000000 -0.100000
vn 0.000000 0.000000 -0.100000
vn 0.000000 0.000000 -0.100000
vn 0.000000 0.000000 -0.100000
vn 0.000000 0.000000 -0.100000
vn 0.000000 0.000000 -0.100000
vn 0.000000 0.000000 -0.100000
vn 0.000000 0.000000 -0.100000
vn 0.000000 0.000000 -0.100000
vn 0.000000 0.000000 -0.100000
vn 0.000000 0.000000 -0.100000
vn 0.000000 0.000000 -0.100000
vn 0.000000 0.000000 -0.100000
vn 0.000000 0.000000 -0.100000
vn 0.000000 0.000000 -0.100000
vn 0.000000 0.000000 -0.100000
vn 0.000000 0.000000 -0.100000
vn 0.000000 0.000000 -0.100000
vn 0.000000 0.000000 -0.100000
vn 0.000000 0.000000 -0.100000
vn 0.000000 0.000000 -0.100000
vn 0.000000 0.000000 -0.100000
vn 0.000000 0.000000 -0.100000
vn 0.000000 0.000000 -0.100000
vn 0.000000 0.000000 -0.100000
vn 0.000000 0.000000 -0.100000
vn 0.000000 0.000000 -0.100000
vn 0.000000 0.000000 -0.100000
vn 0.000000 0.000000 -0.100000
vn 0.000000 0.000000 -0.100000
vn 0.000000 0.000000 -0.100000
vn 0.000000 0.000000 -0.100000
vn 0.000000 0.000000 -0.100000
vn 0.000000 0.000000 -0.100000
vn 0.000000 0.000000 -0.100000
vn 0.000000 0.000000 -0.100000
vn 0.000000 0.000000 -0.100000
vn 0.000000 0.000000 -0.100000
vn 0.000000 0.000000 -0.100000
vn 0.000000 0.000000 -0.100000
vn 0.000000 0.000000 -0.100000
vn 0.000000 0.000000 -0.100000
vn 0.000000 0.000000 -0.100000
vn 0.000000 0.000000 -0.100000
vn 0.000000 0.000000 -0.100000
vn 0.000000 0.000000 -0.100000
vn 0.000000 0.000000 -0.100000
vn 0.000000 0.000000 -0.100000
vn 0.000000 0.000000 -0.100000
vn 0.000000 0.000000 -0.100000
vn 0.000000 0.000000 -0.100000
vn 0.000000 0.000000 -0.100000
vn 0.000000 0.000000 -0.100000
vn 0.000000 0.000000 -0.100000
vn 0.000000 0.000000 -0.100000
vn 0.000000 0.000000 -0.100000
vn 0.000000 0.000000 -0.100000
vn 0.000000 0.000000 -0.100000
vn 0.000000 0.000000 -0.100000
vn 0.000000 0.000000 -0.100000
vn 0.000000 0.000000 -0.100000
vn 0.000000 0.000000 -0.100000
vn 0.000000 0.000000 -0.100000
vn 0.000000 0.000000 -0.100000
vn 0.000000 0.000000 -0.100000
vn 0.000000 0.000000 -0.100000
vn 0.000000 0.000000 -0.100000
vn 0.000000 0.000000 -0.100000
vn 0.000000 0.000000 -0.100000
vn 0.000000 0.000000 -0.100000
vn 0.000000 0.000000 -0.100000
vn 0.000000 0.000000 -0.100000
vn 0.000000 0.000000 -0.100000
vn 0.000000 0.000000 -0.100000
vn 0.000000 0.000000 -0.100000
vn 0.000000 0.000000 -0.100000
vn 0.000000 0.000000 -0.100000
vn 0.000000 0.000000 -0.100000
vn 0.000000 0.000000 -0.100000
vn 0.000000 0.000000 -0.100000
vn 0.000000 0.000000 -0.100000
vn 0.000000 0.000000 -0.100000
vn 0.000000 0.000000 -0.100000
vn 0.000000 0.000000 -0.100000
vn 0.000000 0.000000 -0.100000
vn 0.000000 0.000000 -0.100000
vn 0.000000 0.000000 -0.100000
vn 0.000000 0.000000 -0.100000
vn 0.000000 0.000000 -0.100000
vn 0.000000 0.000000 -0.100000
vn 0.000000 0.000000 -0.100000
vn 0.000000 0.000000 -0.100000
vn 0.000000 0.000000 -0.100000
vn 0.000000 0.000000 -0.100000
vn 0.000000 0.000000 -0.100000
vn 0.000000 0.000000 -0.100000
vn 0.000000 0.000000 -0.100000
vn 0.000000 0.000000 -0.100000
vn 0.000000 0.000000 -0.100000
vn 0.000000 0.000000 -0.100000
vn 0.000000 0.000000 -0.100000
vn 0.000000 0.000000 -0.100000
vn 0.000000 0.000000 -0.100000
vn 0.000000 0.000000 -0.100000
vn 0.000000 0.000000 -0.100000
vn 0.000000 0.000000 -0.100000
vn 0.000000 0.000000 -0.100000
vn 0.000000 0.000000 -0.100000
usemtl Steel_-_Satin
f 1/1/1 2/2/2 4/3/3
f 4/3/3 2/2/2 3/4/4
f 5/5/5 1/6/6 6/7/7
f 6/7/7 1/6/6 4/8/8
f 2/9/9 1/10/10 83/11/11
f 83/11/11 1/10/10 82/12/12
f 82/12/12 1/10/10 81/13/13
f 81/13/13 1/10/10 80/14/14
f 80/14/14 1/10/10 79/15/15
f 79/15/15 1/10/10 78/16/16
f 78/16/16 1/10/10 77/17/17
f 77/17/17 1/10/10 76/18/18
f 76/18/18 1/10/10 75/19/19
f 75/19/19 1/10/10 74/20/20
f 74/20/20 1/10/10 73/21/21
f 73/21/21 1/10/10 72/22/22
f 72/22/22 1/10/10 71/23/23
f 71/23/23 1/10/10 70/24/24
f 70/24/24 1/10/10 69/25/25
f 69/25/25 1/10/10 68/26/26
f 68/26/26 1/10/10 67/27/27
f 67/27/27 1/10/10 66/28/28
f 66/28/28 1/10/10 65/29/29
f 65/29/29 1/10/10 64/30/30
f 64/30/30 1/10/10 63/31/31
f 63/31/31 1/10/10 62/32/32
f 62/32/32 1/10/10 61/33/33
f 61/33/33 1/10/10 60/34/34
f 60/34/34 1/10/10 59/35/35
f 59/35/35 1/10/10 58/36/36
f 58/36/36 1/10/10 57/37/37
f 57/37/37 1/10/10 56/38/38
f 56/38/38 1/10/10 55/39/39
f 55/39/39 1/10/10 54/40/40
f 54/40/40 1/10/10 53/41/41
f 53/41/41 1/10/10 52/42/42
f 52/42/42 1/10/10 51/43/43
f 51/43/43 1/10/10 50/44/44
f 50/44/44 1/10/10 49/45/45
f 49/45/45 1/10/10 48/46/46
f 48/46/46 1/10/10 47/47/47
f 47/47/47 1/10/10 46/48/48
f 46/48/48 1/10/10 45/49/49
f 45/49/49 1/10/10 44/50/50
f 44/50/50 1/10/10 43/51/51
f 43/51/51 1/10/10 42/52/52
f 42/52/52 1/10/10 41/53/53
f 41/53/53 1/10/10 40/54/54
f 40/54/54 1/10/10 39/55/55
f 39/55/55 1/10/10 38/56/56
f 38/56/56 1/10/10 37/57/57
f 37/57/57 1/10/10 36/58/58
f 36/58/58 1/10/10 35/59/59
f 35/59/59 1/10/10 34/60/60
f 34/60/60 1/10/10 33/61/61
f 33/61/61 1/10/10 32/62/62
f 32/62/62 1/10/10 31/63/63
f 31/63/63 1/10/10 30/64/64
f 30/64/64 1/10/10 29/65/65
f 29/65/65 1/10/10 28/66/66
f 28/66/66 1/10/10 27/67/67
f 27/67/67 1/10/10 26/68/68
f 26/68/68 1/10/10 25/69/69
f 25/69/69 1/10/10 24/70/70
f 24/70/70 1/10/10 23/71/71
f 23/71/71 1/10/10 22/72/72
f 22/72/72 1/10/10 21/73/73
f 21/73/73 1/10/10 20/74/74
f 20/74/74 1/10/10 19/75/75
f 19/75/75 1/10/10 18/76/76
f 18/76/76 1/10/10 17/77/77
f 17/77/77 1/10/10 16/78/78
f 16/78/78 1/10/10 15/79/79
f 15/79/79 1/10/10 14/80/80
f 14/80/80 1/10/10 13/81/81
f 13/81/81 1/10/10 12/82/82
f 12/82/82 1/10/10 11/83/83
f 11/83/83 1/10/10 10/84/84
f 10/84/84 1/10/10 9/85/85
f 9/85/85 1/10/10 8/86/86
f 8/86/86 1/10/10 7/87/87
f 7/87/87 1/10/10 5/88/88
f 83/89/89 160/90/90 2/91/91
f 2/91/91 160/90/90 161/92/92
f 2/91/91 161/92/92 162/93/93
f 160/90/90 83/89/89 159/94/94
f 159/94/94 83/89/89 82/95/95
f 159/94/94 82/95/95 158/96/96
f 158/96/96 82/95/95 81/97/97
f 158/96/96 81/97/97 157/98/98
f 157/98/98 81/97/97 80/99/99
f 157/98/98 80/99/99 156/100/100
f 156/100/100 80/99/99 79/101/101
f 156/100/100 79/101/101 155/102/102
f 155/102/102 79/101/101 78/103/103
f 155/102/102 78/103/103 154/104/104
f 154/104/104 78/103/103 77/105/105
f 154/104/104 77/105/105 153/106/106
f 153/106/106 77/105/105 76/107/107
f 153/106/106 76/107/107 152/108/108
f 152/108/108 76/107/107 75/109/109
f 152/108/108 75/109/109 151/110/110
f 151/110/110 75/109/109 74/111/111
f 151/110/110 74/111/111 150/112/112
f 150/112/112 74/111/111 73/113/113
f 150/112/112 73/113/113 149/114/114
f 149/114/114 73/113/113 72/115/115
f 149/114/114 72/115/115 148/116/116
f 148/116/116 72/115/115 71/117/117
f 148/116/116 71/117/117 147/118/118
f 147/118/118 71/117/117 70/119/119
f 147/118/118 70/119/119 146/120/120
f 146/120/120 70/119/119 69/121/121
f 146/120/120 69/121/121 145/122/122
f 145/122/122 69/121/121 68/123/123
f 145/122/122 68/123/123 144/124/124
f 144/124/124 68/123/123 67/125/125
f 144/124/124 67/125/125 143/126/126
f 143/126/126 67/125/125 66/127/127
f 143/126/126 66/127/127 142/128/128
f 142/128/128 66/127/127 65/129/129
f 142/128/128 65/129/129 141/130/130
f 141/130/130 65/129/129 64/131/131
f 141/130/130 64/131/131 140/132/132
f 140/132/132 64/131/131 63/133/133
f 140/132/132 63/133/133 139/134/134
f 139/134/134 63/133/133 62/135/135
f 139/134/134 62/135/135 138/136/136
f 138/136/136 62/135/135 61/137/137
f 138/136/136 61/137/137 137/138/138
f 137/138/138 61/137/137 60/139/139
f 137/138/138 60/139/139 136/140/140
f 136/140/140 60/139/139 59/141/141
f 136/140/140 59/141/141 135/142/142
f 135/142/142 59/141/141 58/143/143
f 135/142/142 58/143/143 134/144/144
f 134/144/144 58/143/143 57/145/145
f 134/144/144 57/145/145 133/146/146
f 133/146/146 57/145/145 56/147/147
f 133/146/146 56/147/147 132/148/148
f 132/148/148 56/147/147 55/149/149
f 132/148/148 55/149/149 131/150/150
f 131/150/150 55/149/149 54/151/151
f 131/150/150 54/151/151 130/152/152
f 130/152/152 54/151/151 53/153/153
f 130/152/152 53/153/153 129/154/154
f 129/154/154 53/153/153 52/155/155
f 129/154/154 52/155/155 128/156/156
f 128/156/156 52/155/155 51/157/157
f 128/156/156 51/157/157 127/158/158
f 127/158/158 51/157/157 50/159/159
f 127/158/158 50/159/159 126/160/160
f 126/160/160 50/159/159 49/161/161
f 126/160/160 49/161/161 125/162/162
f 125/162/162 49/161/161 48/163/163
f 125/162/162 48/163/163 124/164/164
f 124/164/164 48/163/163 47/165/165
f 124/164/164 47/165/165 123/166/166
f 123/166/166 47/165/165 46/167/167
f 123/166/166 46/167/167 122/168/168
f 122/168/168 46/167/167 45/169/169
f 122/168/168 45/169/169 121/170/170
f 121/170/170 45/169/169 44/171/171
f 121/170/170 44/171/171 120/172/172
f 120/172/172 44/171/171 43/173/173
f 120/172/172 43/173/173 119/174/174
f 119/174/174 43/173/173 42/175/175
f 119/174/174 42/175/175 118/176/176
f 118/176/176 42/175/175 41/177/177
f 118/176/176 41/177/177 117/178/178
f 117/178/178 41/177/177 40/179/179
f 117/178/178 40/179/179 116/180/180
f 116/180/180 40/179/179 39/181/181
f 116/180/180 39/181/181 115/182/182
f 115/182/182 39/181/181 38/183/183
f 115/182/182 38/183/183 114/184/184
f 114/184/184 38/183/183 37/185/185
f 114/184/184 37/185/185 113/186/186
f 113/186/186 37/185/185 36/187/187
f 113/186/186 36/187/187 112/188/188
f 112/188/188 36/187/187 35/189/189
f 112/188/188 35/189/189 111/190/190
f 111/190/190 35/189/189 34/191/191
f 111/190/190 34/191/191 110/192/192
f 110/192/192 34/191/191 33/193/193
f 110/192/192 33/193/193 109/194/194
f 109/194/194 33/193/193 32/195/195
f 109/196/194 32/197/195 212/198/196
f 212/198/196 32/197/195 31/199/197
f 212/198/196 31/199/197 211/200/198
f 211/200/198 31/199/197 30/201/199
f 211/200/198 30/201/199 210/202/200
f 210/202/200 30/201/199 29/203/201
f 210/202/200 29/203/201 209/204/202
f 209/204/202 29/203/201 28/205/203
f 209/204/202 28/205/203 208/206/204
f 208/206/204 28/205/203 27/207/205
f 208/206/204 27/207/205 207/208/206
f 207/208/206 27/207/205 26/209/207
f 207/208/206 26/209/207 206/210/208
f 206/210/208 26/209/207 25/211/209
f 206/210/208 25/211/209 205/212/210
f 205/212/210 25/211/209 24/213/211
f 205/212/210 24/213/211 204/214/212
f 204/214/212 24/213/211 23/215/213
f 204/214/212 23/215/213 203/216/214
f 203/216/214 23/215/213 22/217/215
f 203/216/214 22/217/215 202/218/216
f 202/218/216 22/217/215 21/219/217
f 202/218/216 21/219/217 201/220/218
f 201/220/218 21/219/217 20/221/219
f 201/220/218 20/221/219 200/222/220
f 200/222/220 20/221/219 19/223/221
f 200/222/220 19/223/221 199/224/222
f 199/224/222 19/223/221 18/225/223
f 199/224/222 18/225/223 198/226/224
f 198/226/224 18/225/223 17/227/225
f 198/226/224 17/227/225 197/228/226
f 197/228/226 17/227/225 16/229/227
f 197/228/226 16/229/227 196/230/228
f 196/230/228 16/229/227 15/231/229
f 196/230/228 15/231/229 195/232/230
f 195/232/230 15/231/229 14/233/231
f 195/232/230 14/233/231 194/234/232
f 194/234/232 14/233/231 13/235/233
f 194/234/232 13/235/233 193/236/234
f 193/236/234 13/235/233 12/237/235
f 193/236/234 12/237/235 192/238/236
f 192/238/236 12/237/235 11/239/237
f 192/238/236 11/239/237 191/240/238
f 191/240/238 11/239/237 10/241/239
f 191/240/238 10/241/239 190/242/240
f 190/242/240 10/241/239 9/243/241
f 190/242/240 9/243/241 189/244/242
f 189/244/242 9/243/241 8/245/243
f 189/244/242 8/245/243 188/246/244
f 188/246/244 8/245/243 7/247/245
f 188/246/244 7/247/245 187/248/246
f 187/248/246 7/247/245 5/249/247
f 187/248/246 5/249/247 186/250/248
f 186/250/248 5/249/247 84/251/249
f 186/250/248 84/251/249 185/252/250
f 185/252/250 84/251/249 85/253/251
f 185/252/250 85/253/251 184/254/252
f 184/254/252 85/253/251 86/255/253
f 184/254/252 86/255/253 183/256/254
f 183/256/254 86/255/253 87/257/255
f 183/256/254 87/257/255 182/258/256
f 182/258/256 87/257/255 88/259/257
f 182/258/256 88/259/257 181/260/258
f 181/260/258 88/259/257 89/261/259
f 181/260/258 89/261/259 180/262/260
f 180/262/260 89/261/259 90/263/261
f 180/262/260 90/263/261 179/264/262
f 179/264/262 90/263/261 91/265/263
f 179/264/262 91/265/263 178/266/264
f 178/266/264 91/265/263 92/267/265
f 178/266/264 92/267/265 177/268/266
f 177/268/266 92/267/265 93/269/267
f 177/268/266 93/269/267 176/270/268
f 176/270/268 93/269/267 94/271/269
f 176/270/268 94/271/269 175/272/270
f 175/272/270 94/271/269 95/273/271
f 175/272/270 95/273/271 174/274/272
f 174/274/272 95/273/271 96/275/273
f 174/274/272 96/275/273 173/276/274
f 173/276/274 96/275/273 97/277/275
f 173/276/274 97/277/275 172/278/276
f 172/278/276 97/277/275 98/279/277
f 172/278/276 98/279/277 171/280/278
f 171/280/278 98/279/277 99/281/279
f 171/280/278 99/281/279 170/282/280
f 170/282/280 99/281/279 100/283/281
f 170/282/280 100/283/281 169/284/282
f 169/284/282 100/283/281 101/285/283
f 169/284/282 101/285/283 168/286/284
f 168/286/284 101/285/283 102/287/285
f 168/286/284 102/287/285 167/288/286
f 167/288/286 102/287/285 103/289/287
f 167/288/286 103/289/287 166/290/288
f 166/290/288 103/289/287 104/291/289
f 166/290/288 104/291/289 165/292/290
f 165/292/290 104/291/289 105/293/291
f 165/292/290 105/293/291 164/294/292
f 164/294/292 105/293/291 106/295/293
f 164/294/292 106/295/293 163/296/294
f 163/296/294 106/295/293 107/297/295
f 163/296/294 107/297/295 162/93/93
f 162/93/93 107/297/295 108/298/296
f 162/93/93 108/298/296 2/91/91
f 2/91/91 108/298/296 3/299/297
f 5/249/247 6/300/298 84/251/249
f 212/301/299 317/302/300 109/303/301
f 109/303/301 317/302/300 213/304/302
f 109/303/301 213/304/302 214/305/303
f 317/302/300 212/301/299 316/306/304
f 316/306/304 212/301/299 211/307/305
f 316/306/304 211/307/305 315/308/306
f 315/308/306 211/307/305 210/309/307
f 315/308/306 210/309/307 314/310/308
f 314/310/308 210/309/307 209/311/309
f 314/310/308 209/311/309 313/312/310
f 313/312/310 209/311/309 208/313/311
f 313/312/310 208/313/311 312/314/312
f 312/314/312 208/313/311 207/315/313
f 312/314/312 207/315/313 311/316/314
f 311/316/314 207/315/313 206/317/315
f 311/316/314 206/317/315 310/318/316
f 310/318/316 206/317/315 205/319/317
f 310/318/316 205/319/317 309/320/318
f 309/320/318 205/319/317 204/321/319
f 309/320/318 204/321/319 308/322/320
f 308/322/320 204/321/319 203/323/321
f 308/322/320 203/323/321 307/324/322
f 307/324/322 203/323/321 202/325/323
f 307/324/322 202/325/323 306/326/324
f 306/326/324 202/325/323 201/327/325
f 306/326/324 201/327/325 305/328/326
f 305/328/326 201/327/325 200/329/327
f 305/328/326 200/329/327 304/330/328
f 304/330/328 200/329/327 199/331/329
f 304/330/328 199/331/329 303/332/330
f 303/332/330 199/331/329 198/333/331
f 303/332/330 198/333/331 302/334/332
f 302/334/332 198/333/331 197/335/333
f 302/334/332 197/335/333 301/336/334
f 301/336/334 197/335/333 196/337/335
f 301/336/334 196/337/335 300/338/336
f 300/338/336 196/337/335 195/339/337
f 300/338/336 195/339/337 299/340/338
f 299/340/338 195/339/337 194/341/339
f 299/340/338 194/341/339 298/342/340
f 298/342/340 194/341/339 193/343/341
f 298/342/340 193/343/341 297/344/342
f 297/344/342 193/343/341 192/345/343
f 297/344/342 192/345/343 296/346/344
f 296/346/344 192/345/343 191/347/345
f 296/346/344 191/347/345 295/348/346
f 295/348/346 191/347/345 190/349/347
f 295/348/346 190/349/347 294/350/348
f 294/350/348 190/349/347 189/351/349
f 294/350/348 189/351/349 293/352/350
f 293/352/350 189/351/349 188/353/351
f 293/352/350 188/353/351 292/354/352
f 292/354/352 188/353/351 187/355/353
f 292/354/352 187/355/353 291/356/354
f 291/356/354 187/355/353 186/357/355
f 291/356/354 186/357/355 290/358/356
f 290/358/356 186/357/355 185/359/357
f 290/358/356 185/359/357 289/360/358
f 289/360/358 185/359/357 184/361/359
f 289/360/358 184/361/359 288/362/360
f 288/362/360 184/361/359 183/363/361
f 288/362/360 183/363/361 287/364/362
f 287/364/362 183/363/361 182/365/363
f 287/364/362 182/365/363 286/366/364
f 286/366/364 182/365/363 181/367/365
f 286/366/364 181/367/365 285/368/366
f 285/368/366 181/367/365 180/369/367
f 285/368/366 180/369/367 284/370/368
f 284/370/368 180/369/367 179/371/369
f 284/370/368 179/371/369 283/372/370
f 283/372/370 179/371/369 178/373/371
f 283/372/370 178/373/371 282/374/372
f 282/374/372 178/373/371 177/375/373
f 282/374/372 177/375/373 281/376/374
f 281/376/374 177/375/373 176/377/375
f 281/376/374 176/377/375 280/378/376
f 280/378/376 176/377/375 175/379/377
f 280/378/376 175/379/377 279/380/378
f 279/380/378 175/379/377 174/381/379
f 279/380/378 174/381/379 278/382/380
f 278/382/380 174/381/379 173/383/381
f 278/382/380 173/383/381 277/384/382
f 277/384/382 173/383/381 172/385/383
f 277/384/382 172/385/383 276/386/384
f 276/386/384 172/385/383 171/387/385
f 276/386/384 171/387/385 275/388/386
f 275/388/386 171/387/385 170/389/387
f 275/388/386 170/389/387 274/390/388
f 274/390/388 170/389/387 169/391/389
f 274/390/388 169/391/389 273/392/390
f 273/392/390 169/391/389 168/393/391
f 273/392/390 168/393/391 272/394/392
f 272/394/392 168/393/391 167/395/393
f 272/394/392 167/395/393 271/396/394
f 271/396/394 167/395/393 166/397/395
f 271/396/394 166/397/395 270/398/396
f 270/398/396 166/397/395 165/399/397
f 270/398/396 165/399/397 269/400/398
f 269/400/398 165/399/397 164/401/399
f 269/400/398 164/401/399 268/402/400
f 268/402/400 164/401/399 163/403/401
f 268/402/400 163/403/401 267/404/402
f 267/404/402 163/403/401 162/405/403
f 267/404/402 162/405/403 266/406/404
f 266/406/404 162/405/403 161/407/405
f 266/406/404 161/407/405 265/408/406
f 265/408/406 161/407/405 160/409/407
f 265/408/406 160/409/407 264/410/408
f 264/410/408 160/409/407 159/411/409
f 264/410/408 159/411/409 263/412/410
f 263/412/410 159/411/409 158/413/411
f 263/412/410 158/413/411 262/414/412
f 262/414/412 158/413/411 157/415/413
f 262/414/412 157/415/413 261/416/414
f 261/416/414 157/415/413 156/417/415
f 261/416/414 156/417/415 260/418/416
f 260/418/416 156/417/415 155/419/417
f 260/418/416 155/419/417 259/420/418
f 259/420/418 155/419/417 154/421/419
f 259/420/418 154/421/419 258/422/420
f 258/422/420 154/421/419 153/423/421
f 258/422/420 153/423/421 257/424/422
f 257/424/422 153/423/421 152/425/423
f 257/424/422 152/425/423 256/426/424
f 256/426/424 152/425/423 151/427/425
f 256/426/424 151/427/425 255/428/426
f 255/428/426 151/427/425 150/429/427
f 255/428/426 150/429/427 254/430/428
f 254/430/428 150/429/427 149/431/429
f 254/430/428 149/431/429 253/432/430
f 253/432/430 149/431/429 148/433/431
f 253/432/430 148/433/431 252/434/432
f 252/434/432 148/433/431 147/435/433
f 252/434/432 147/435/433 251/436/434
f 251/436/434 147/435/433 146/437/435
f 251/436/434 146/437/435 250/438/436
f 250/438/436 146/437/435 145/439/437
f 250/438/436 145/439/437 249/440/438
f 249/440/438 145/439/437 144/441/439
f 249/440/438 144/441/439 248/442/440
f 248/442/440 144/441/439 143/443/441
f 248/442/440 143/443/441 247/444/442
f 247/444/442 143/443/441 142/445/443
f 247/444/442 142/445/443 246/446/444
f 246/446/444 142/445/443 141/447/445
f 246/446/444 141/447/445 245/448/446
f 245/448/446 141/447/445 140/449/447
f 245/448/446 140/449/447 244/450/448
f 244/450/448 140/449/447 139/451/449
f 244/450/448 139/451/449 243/452/450
f 243/452/450 139/451/449 138/453/451
f 243/452/450 138/453/451 242/454/452
f 242/454/452 138/453/451 137/455/453
f 242/454/452 137/455/453 241/456/454
f 241/456/454 137/455/453 136/457/455
f 241/456/454 136/457/455 240/458/456
f 240/458/456 136/457/455 135/459/457
f 240/458/456 135/459/457 239/460/458
f 239/460/458 135/459/457 134/461/459
f 239/460/458 134/461/459 238/462/460
f 238/462/460 134/461/459 133/463/461
f 238/462/460 133/463/461 237/464/462
f 237/464/462 133/463/461 132/465/463
f 237/464/462 132/465/463 236/466/464
f 236/466/464 132/465/463 131/467/465
f 236/466/464 131/467/465 235/468/466
f 235/468/466 131/467/465 130/469/467
f 235/468/466 130/469/467 234/470/468
f 234/470/468 130/469/467 129/471/469
f 234/470/468 129/471/469 233/472/470
f 233/472/470 129/471/469 128/473/471
f 233/472/470 128/473/471 232/474/472
f 232/474/472 128/473/471 127/475/473
f 232/474/472 127/475/473 231/476/474
f 231/476/474 127/475/473 126/477/475
f 231/476/474 126/477/475 230/478/476
f 230/478/476 126/477/475 125/479/477
f 230/478/476 125/479/477 229/480/478
f 229/480/478 125/479/477 124/481/479
f 229/480/478 124/481/479 228/482/480
f 228/482/480 124/481/479 123/483/481
f 228/482/480 123/483/481 227/484/482
f 227/484/482 123/483/481 122/485/483
f 227/484/482 122/485/483 226/486/484
f 226/486/484 122/485/483 121/487/485
f 226/486/484 121/487/485 225/488/486
f 225/488/486 121/487/485 120/489/487
f 225/488/486 120/489/487 224/490/488
f 224/490/488 120/489/487 119/491/489
f 224/490/488 119/491/489 223/492/490
f 223/492/490 119/491/489 118/493/491
f 223/492/490 118/493/491 222/494/492
f 222/494/492 118/493/491 117/495/493
f 222/494/492 117/495/493 221/496/494
f 221/496/494 117/495/493 116/497/495
f 221/496/494 116/497/495 220/498/496
f 220/498/496 116/497/495 115/499/497
f 220/498/496 115/499/497 219/500/498
f 219/500/498 115/499/497 114/501/499
f 219/500/498 114/501/499 218/502/500
f 218/502/500 114/501/499 113/503/501
f 218/502/500 113/503/501 217/504/502
f 217/504/502 113/503/501 112/505/503
f 217/504/502 112/505/503 216/506/504
f 216/506/504 112/505/503 111/507/505
f 216/506/504 111/507/505 215/508/506
f 215/508/506 111/507/505 110/509/507
f 215/508/506 110/509/507 214/305/303
f 214/305/303 110/509/507 109/303/301
f 317/510/508 422/511/509 213/512/510
f 213/512/510 422/511/509 318/513/511
f 213/514/510 318/515/511 214/516/512
f 214/516/512 318/515/511 319/517/513
f 214/516/512 319/517/513 215/518/514
f 215/518/514 319/517/513 320/519/515
f 215/518/514 320/519/515 216/520/516
f 216/520/516 320/519/515 321/521/517
f 216/520/516 321/521/517 217/522/518
f 217/522/518 321/521/517 322/523/519
f 217/522/518 322/523/519 218/524/520
f 218/524/520 322/523/519 323/525/521
f 218/524/520 323/525/521 219/526/522
f 219/526/522 323/525/521 324/527/523
f 219/526/522 324/527/523 220/528/524
f 220/528/524 324/527/523 325/529/525
f 220/528/524 325/529/525 221/530/526
f 221/530/526 325/529/525 326/531/527
f 221/530/526 326/531/527 222/532/528
f 222/532/528 326/531/527 327/533/529
f 222/532/528 327/533/529 223/534/530
f 223/534/530 327/533/529 328/535/531
f 223/534/530 328/535/531 224/536/532
f 224/536/532 328/535/531 329/537/533
f 224/536/532 329/537/533 225/538/534
f 225/538/534 329/537/533 330/539/535
f 225/538/534 330/539/535 226/540/536
f 226/540/536 330/539/535 331/541/537
f 226/540/536 331/541/537 227/542/538
f 227/542/538 331/541/537 332/543/539
f 227/542/538 332/543/539 228/544/540
f 228/544/540 332/543/539 333/545/541
f 228/544/540 333/545/541 229/546/542
f 229/546/542 333/545/541 334/547/543
f 229/546/542 334/547/543 230/548/544
f 230/548/544 334/547/543 335/549/545
f 230/548/544 335/549/545 231/550/546
f 231/550/546 335/549/545 336/551/547
f 231/550/546 336/551/547 232/552/548
f 232/552/548 336/551/547 337/553/549
f 232/552/548 337/553/549 233/554/550
f 233/554/550 337/553/549 338/555/551
f 233/554/550 338/555/551 234/556/552
f 234/556/552 338/555/551 339/557/553
f 234/556/552 339/557/553 235/558/554
f 235/558/554 339/557/553 340/559/555
f 235/558/554 340/559/555 236/560/556
f 236/560/556 340/559/555 341/561/557
f 236/560/556 341/561/557 237/562/558
f 237/562/558 341/561/557 342/563/559
f 237/562/558 342/563/559 238/564/560
f 238/564/560 342/563/559 343/565/561
f 238/564/560 343/565/561 239/566/562
f 239/566/562 343/565/561 344/567/563
f 239/566/562 344/567/563 240/568/564
f 240/568/564 344/567/563 345/569/565
f 240/568/564 345/569/565 241/570/566
f 241/570/566 345/569/565 346/571/567
f 241/570/566 346/571/567 242/572/568
f 242/572/568 346/571/567 347/573/569
f 242/572/568 347/573/569 243/574/570
f 243/574/570 347/573/569 348/575/571
f 243/574/570 348/575/571 244/576/572
f 244/576/572 348/575/571 349/577/573
f 244/576/572 349/577/573 245/578/574
f 245/578/574 349/577/573 350/579/575
f 245/578/574 350/579/575 246/580/576
f 246/580/576 350/579/575 351/581/577
f 246/580/576 351/581/577 247/582/578
f 247/582/578 351/581/577 352/583/579
f 247/582/578 352/583/579 248/584/580
f 248/584/580 352/583/579 353/585/581
f 248/584/580 353/585/581 249/586/582
f 249/586/582 353/585/581 354/587/583
f 249/586/582 354/587/583 250/588/584
f 250/588/584 354/587/583 355/589/585
f 250/588/584 355/589/585 251/590/586
f 251/590/586 355/589/585 356/591/587
f 251/590/586 356/591/587 252/592/588
f 252/592/588 356/591/587 357/593/589
f 252/592/588 357/593/589 253/594/590
f 253/594/590 357/593/589 358/595/591
f 253/594/590 358/595/591 254/596/592
f 254/596/592 358/595/591 359/597/593
f 254/596/592 359/597/593 255/598/594
f 255/598/594 359/597/593 360/599/595
f 255/598/594 360/599/595 256/600/596
f 256/600/596 360/599/595 361/601/597
f 256/600/596 361/601/597 257/602/598
f 257/602/598 361/601/597 362/603/599
f 257/602/598 362/603/599 258/604/600
f 258/604/600 362/603/599 363/605/601
f 258/604/600 363/605/601 259/606/602
f 259/606/602 363/605/601 364/607/603
f 259/606/602 364/607/603 260/608/604
f 260/608/604 364/607/603 365/609/605
f 260/608/604 365/609/605 261/610/606
f 261/610/606 365/609/605 366/611/607
f 261/610/606 366/611/607 262/612/608
f 262/612/608 366/611/607 367/613/609
f 262/612/608 367/613/609 263/614/610
f 263/614/610 367/613/609 368/615/611
f 263/614/610 368/615/611 264/616/612
f 264/616/612 368/615/611 369/617/613
f 264/616/612 369/617/613 265/618/614
f 265/618/614 369/617/613 370/619/615
f 265/618/614 370/619/615 266/620/616
f 266/620/616 370/619/615 371/621/617
f 266/620/616 371/621/617 267/622/618
f 267/622/618 371/621/617 372/623/619
f 267/622/618 372/623/619 268/624/620
f 268/624/620 372/623/619 373/625/621
f 268/624/620 373/625/621 269/626/622
f 269/626/622 373/625/621 374/627/623
f 269/626/622 374/627/623 270/628/624
f 270/628/624 374/627/623 375/629/625
f 270/628/624 375/629/625 271/630/626
f 271/630/626 375/629/625 376/631/627
f 271/630/626 376/631/627 272/632/628
f 272/632/628 376/631/627 377/633/629
f 272/632/628 377/633/629 273/634/630
f 273/634/630 377/633/629 378/635/631
f 273/634/630 378/635/631 274/636/632
f 274/636/632 378/635/631 379/637/633
f 274/636/632 379/637/633 275/638/634
f 275/638/634 379/637/633 380/639/635
f 275/638/634 380/639/635 276/640/636
f 276/640/636 380/639/635 381/641/637
f 276/640/636 381/641/637 277/642/638
f 277/642/638 381/641/637 382/643/639
f 277/642/638 382/643/639 278/644/640
f 278/644/640 382/643/639 383/645/641
f 278/644/640 383/645/641 279/646/642
f 279/646/642 383/645/641 384/647/643
f 279/646/642 384/647/643 280/648/644
f 280/648/644 384/647/643 385/649/645
f 280/648/644 385/649/645 281/650/646
f 281/650/646 385/649/645 386/651/647
f 281/650/646 386/651/647 282/652/648
f 282/652/648 386/651/647 387/653/649
f 282/652/648 387/653/649 283/654/650
f 283/654/650 387/653/649 388/655/651
f 283/654/650 388/655/651 284/656/652
f 284/656/652 388/655/651 389/657/653
f 284/656/652 389/657/653 285/658/654
f 285/658/654 389/657/653 390/659/655
f 285/658/654 390/659/655 286/660/656
f 286/660/656 390/659/655 391/661/657
f 286/660/656 391/661/657 287/662/658
f 287/662/658 391/661/657 392/663/659
f 287/662/658 392/663/659 288/664/660
f 288/664/660 392/663/659 393/665/661
f 288/664/660 393/665/661 289/666/662
f 289/666/662 393/665/661 394/667/663
f 289/666/662 394/667/663 290/668/664
f 290/668/664 394/667/663 395/669/665
f 290/668/664 395/669/665 291/670/666
f 291/670/666 395/669/665 396/671/667
f 291/670/666 396/671/667 292/672/668
f 292/672/668 396/671/667 397/673/669
f 292/672/668 397/673/669 293/674/670
f 293/674/670 397/673/669 398/675/671
f 293/674/670 398/675/671 294/676/672
f 294/676/672 398/675/671 399/677/673
f 294/676/672 399/677/673 295/678/674
f 295/678/674 399/677/673 400/679/675
f 295/678/674 400/679/675 296/680/676
f 296/680/676 400/679/675 401/681/677
f 296/680/676 401/681/677 297/682/678
f 297/682/678 401/681/677 402/683/679
f 297/682/678 402/683/679 298/684/680
f 298/684/680 402/683/679 403/685/681
f 298/684/680 403/685/681 299/686/682
f 299/686/682 403/685/681 404/687/683
f 299/686/682 404/687/683 300/688/684
f 300/688/684 404/687/683 405/689/685
f 300/688/684 405/689/685 301/690/686
f 301/690/686 405/689/685 406/691/687
f 301/690/686 406/691/687 302/692/688
f 302/692/688 406/691/687 407/693/689
f 302/692/688 407/693/689 303/694/690
f 303/694/690 407/693/689 408/695/691
f 303/694/690 408/695/691 304/696/692
f 304/696/692 408/695/691 409/697/693
f 304/696/692 409/697/693 305/698/694
f 305/698/694 409/697/693 410/699/695
f 305/698/694 410/699/695 306/700/696
f 306/700/696 410/699/695 411/701/697
f 306/700/696 411/701/697 307/702/698
f 307/702/698 411/701/697 412/703/699
f 307/702/698 412/703/699 308/704/700
f 308/704/700 412/703/699 413/705/701
f 308/704/700 413/705/701 309/706/702
f 309/706/702 413/705/701 414/707/703
f 309/706/702 414/707/703 310/708/704
f 310/708/704 414/707/703 415/709/705
f 310/708/704 415/709/705 311/710/706
f 311/710/706 415/709/705 416/711/707
f 311/710/706 416/711/707 312/712/708
f 312/712/708 416/711/707 417/713/709
f 312/712/708 417/713/709 313/714/710
f 313/714/710 417/713/709 418/715/711
f 313/714/710 418/715/711 314/716/712
f 314/716/712 418/715/711 419/717/713
f 314/716/712 419/717/713 315/718/714
f 315/718/714 419/717/713 420/719/715
f 315/718/714 420/719/715 316/720/716
f 316/720/716 420/719/715 421/721/717
f 316/720/716 421/721/717 317/510/508
f 317/510/508 421/721/717 422/511/509
f 4/722/718 400/723/719 6/724/720
f 6/724/720 400/723/719 399/725/721
f 6/724/720 399/725/721 398/726/722
f 3/727/723 368/728/724 4/722/718
f 4/722/718 368/728/724 367/729/725
f 4/722/718 367/729/725 366/730/726
f 108/731/727 371/732/728 3/727/723
f 3/727/723 371/732/728 370/733/729
f 3/727/723 370/733/729 369/734/730
f 371/732/728 108/731/727 372/735/731
f 372/735/731 108/731/727 107/736/732
f 372/735/731 107/736/732 373/737/733
f 373/737/733 107/736/732 106/738/734
f 373/737/733 106/738/734 374/739/735
f 374/739/735 106/738/734 105/740/736
f 374/739/735 105/740/736 375/741/737
f 375/741/737 105/740/736 104/742/738
f 375/741/737 104/742/738 376/743/739
f 376/743/739 104/742/738 103/744/740
f 376/743/739 103/744/740 377/745/741
f 377/745/741 103/744/740 102/746/742
f 377/745/741 102/746/742 378/747/743
f 378/747/743 102/746/742 101/748/744
f 378/747/743 101/748/744 379/749/745
f 379/749/745 101/748/744 100/750/746
f 379/749/745 100/750/746 380/751/747
f 380/751/747 100/750/746 99/752/748
f 380/751/747 99/752/748 381/753/749
f 381/753/749 99/752/748 98/754/750
f 381/753/749 98/754/750 382/755/751
f 382/755/751 98/754/750 97/756/752
f 382/755/751 97/756/752 383/757/753
f 383/757/753 97/756/752 96/758/754
f 383/757/753 96/758/754 384/759/755
f 384/759/755 96/758/754 95/760/756
f 384/759/755 95/760/756 385/761/757
f 385/761/757 95/760/756 94/762/758
f 385/761/757 94/762/758 386/763/759
f 386/763/759 94/762/758 93/764/760
f 386/763/759 93/764/760 387/765/761
f 387/765/761 93/764/760 92/766/762
f 387/765/761 92/766/762 388/767/763
f 388/767/763 92/766/762 91/768/764
f 388/767/763 91/768/764 389/769/765
f 389/769/765 91/768/764 90/770/766
f 389/769/765 90/770/766 390/771/767
f 390/771/767 90/770/766 89/772/768
f 390/771/767 89/772/768 391/773/769
f 391/773/769 89/772/768 88/774/770
f 391/773/769 88/774/770 392/775/771
f 392/775/771 88/774/770 87/776/772
f 392/775/771 87/776/772 393/777/773
f 393/777/773 87/776/772 86/778/774
f 393/777/773 86/778/774 394/779/775
f 394/779/775 86/778/774 85/780/776
f 394/779/775 85/780/776 395/781/777
f 395/781/777 85/780/776 84/782/778
f 395/781/777 84/782/778 396/783/779
f 396/783/779 84/782/778 6/724/720
f 396/783/779 6/724/720 397/784/780
f 397/784/780 6/724/720 398/726/722
f 319/785/781 318/786/782 4/722/718
f 4/722/718 318/786/782 422/787/783
f 4/722/718 422/787/783 421/788/784
f 421/788/784 420/789/785 4/722/718
f 4/722/718 420/789/785 419/790/786
f 4/722/718 419/790/786 418/791/787
f 418/791/787 417/792/788 4/722/718
f 4/722/718 417/792/788 416/793/789
f 4/722/718 416/793/789 415/794/790
f 415/794/790 414/795/791 4/722/718
f 4/722/718 414/795/791 413/796/792
f 4/722/718 413/796/792 412/797/793
f 412/797/793 411/798/794 4/722/718
f 4/722/718 411/798/794 410/799/795
f 4/722/718 410/799/795 409/800/796
f 409/800/796 408/801/797 4/722/718
f 4/722/718 408/801/797 407/802/798
f 4/722/718 407/802/798 406/803/799
f 406/803/799 405/804/800 4/722/718
f 4/722/718 405/804/800 404/805/801
f 4/722/718 404/805/801 403/806/802
f 403/806/802 402/807/803 4/722/718
f 4/722/718 402/807/803 401/808/804
f 4/722/718 401/808/804 400/723/719
f 369/734/730 368/728/724 3/727/723
f 366/730/726 365/809/805 4/722/718
f 4/722/718 365/809/805 364/810/806
f 4/722/718 364/810/806 363/811/807
f 363/811/807 362/812/808 4/722/718
f 4/722/718 362/812/808 361/813/809
f 4/722/718 361/813/809 360/814/810
f 360/814/810 359/815/811 4/722/718
f 4/722/718 359/815/811 358/816/812
f 4/722/718 358/816/812 357/817/813
f 357/817/813 356/818/814 4/722/718
f 4/722/718 356/818/814 355/819/815
f 4/722/718 355/819/815 354/820/816
f 354/820/816 353/821/817 4/722/718
f 4/722/718 353/821/817 352/822/818
f 4/722/718 352/822/818 351/823/819
f 351/823/819 350/824/820 4/722/718
f 4/722/718 350/824/820 349/825/821
f 4/722/718 349/825/821 348/826/822
f 348/826/822 347/827/823 4/722/718
f 4/722/718 347/827/823 346/828/824
f 4/722/718 346/828/824 345/829/825
f 345/829/825 344/830/826 4/722/718
f 4/722/718 344/830/826 343/831/827
f 4/722/718 343/831/827 342/832/828
f 342/832/828 341/833/829 4/722/718
f 4/722/718 341/833/829 340/834/830
f 4/722/718 340/834/830 339/835/831
f 339/835/831 338/836/832 4/722/718
f 4/722/718 338/836/832 337/837/833
f 4/722/718 337/837/833 336/838/834
f 336/838/834 335/839/835 4/722/718
f 4/722/718 335/839/835 334/840/836
f 4/722/718 334/840/836 333/841/837
f 333/841/837 332/842/838 4/722/718
f 4/722/718 332/842/838 331/843/839
f 4/722/718 331/843/839 330/844/840
f 330/844/840 329/845/841 4/722/718
f 4/722/718 329/845/841 328/846/842
f 4/722/718 328/846/842 327/847/843
f 327/847/843 326/848/844 4/722/718
f 4/722/718 326/848/844 325/849/845
f 4/722/718 325/849/845 324/850/846
f 324/850/846 323/851/847 4/722/718
f 4/722/718 323/851/847 322/852/848
f 4/722/718 322/852/848 321/853/849
f 321/853/849 320/854/850 4/722/718
f 4/722/718 320/854/850 319/785/781
# 422 vertices
# 854 texture params
# 850 normals
# 844 facets

# 1 groups
