# WaveFront *.obj file (generated by Autodesk ATF)

mtllib Body.mtl

g Body

v -201.000003 0.000000 46.000000
v -200.850611 -4.087738 46.000000
v -200.403232 -8.153666 46.000000
v -199.660252 -12.176090 46.000000
v -198.625637 -16.133550 46.000000
v -197.304905 -20.004930 46.000000
v -195.705104 -23.769575 46.000000
v -193.834770 -27.407400 46.000000
v -191.703881 -30.898994 46.000000
v -189.323806 -34.225728 46.000000
v -186.707245 -37.369854 46.000000
v -183.868158 -40.314595 46.000000
v -180.821692 -43.044240 46.000000
v -177.584102 -45.544226 46.000000
v -174.172662 -47.801214 46.000000
v -170.605573 -49.803161 46.000000
v -166.901867 -51.539387 46.000000
v -163.081305 -53.000628 46.000000
v -159.164272 -54.179088 46.000000
v -155.171666 -55.068479 46.000000
v -151.124790 -55.664055 46.000000
v -147.045235 -55.962640 46.000000
v -142.954769 -55.962640 46.000000
v -138.875214 -55.664055 46.000000
v -134.828338 -55.068479 46.000000
v -130.835733 -54.179088 46.000000
v -126.918699 -53.000628 46.000000
v -123.098137 -51.539387 46.000000
v -119.394432 -49.803161 46.000000
v -115.827343 -47.801214 46.000000
v -112.415902 -45.544226 46.000000
v -109.178312 -43.044240 46.000000
v -106.131847 -40.314595 46.000000
v -103.292759 -37.369854 46.000000
v -100.676198 -34.225728 46.000000
v -98.296124 -30.898994 46.000000
v -96.165235 -27.407400 46.000000
v -94.294900 -23.769575 46.000000
v -92.695099 -20.004930 46.000000
v -91.374368 -16.133550 46.000000
v -90.339752 -12.176090 46.000000
v -89.596773 -8.153666 46.000000
v -89.149393 -4.087738 46.000000
v -89.000001 0.000000 46.000000
v -89.149393 4.087738 46.000000
v -89.596773 8.153666 46.000000
v -90.339752 12.176090 46.000000
v -91.374368 16.133550 46.000000
v -92.695099 20.004930 46.000000
v -94.294900 23.769575 46.000000
v -96.165235 27.407400 46.000000
v -98.296124 30.898994 46.000000
v -100.676198 34.225728 46.000000
v -103.292759 37.369854 46.000000
v -106.131847 40.314595 46.000000
v -109.178312 43.044240 46.000000
v -112.415902 45.544226 46.000000
v -115.827343 47.801214 46.000000
v -119.394432 49.803161 46.000000
v -123.098137 51.539387 46.000000
v -126.918699 53.000628 46.000000
v -130.835733 54.179088 46.000000
v -134.828338 55.068479 46.000000
v -138.875214 55.664055 46.000000
v -142.954769 55.962640 46.000000
v -147.045235 55.962640 46.000000
v -151.124790 55.664055 46.000000
v -155.171666 55.068479 46.000000
v -159.164272 54.179088 46.000000
v -163.081305 53.000628 46.000000
v -166.901867 51.539387 46.000000
v -170.605573 49.803161 46.000000
v -174.172662 47.801214 46.000000
v -177.584102 45.544226 46.000000
v -180.821692 43.044240 46.000000
v -183.868158 40.314595 46.000000
v -186.707245 37.369854 46.000000
v -189.323806 34.225728 46.000000
v -191.703881 30.898994 46.000000
v -193.834770 27.407400 46.000000
v -195.705104 23.769575 46.000000
v -197.304905 20.004930 46.000000
v -198.625637 16.133550 46.000000
v -199.660252 12.176090 46.000000
v -200.403232 8.153666 46.000000
v -200.850611 4.087738 46.000000
v -200.000003 -0.000000 46.000000
v -199.849807 4.061889 46.000000
v -199.400041 8.101594 46.000000
v -198.653161 12.097050 46.000000
v -197.613246 16.026436 46.000000
v -196.285976 19.868292 46.000000
v -194.678599 23.601634 46.000000
v -192.799895 27.206072 46.000000
v -190.660125 30.661920 46.000000
v -188.270974 33.950303 46.000000
v -185.645493 37.053261 46.000000
v -182.798020 39.953847 46.000000
v -179.744108 42.636219 46.000000
v -176.500435 45.085727 46.000000
v -173.084718 47.288993 46.000000
v -169.515612 49.233982 46.000000
v -165.812610 50.910072 46.000000
v -161.995937 52.308109 46.000000
v -158.086438 53.420458 46.000000
v -154.105465 54.241042 46.000000
v -150.074762 54.765380 46.000000
v -146.016342 54.990610 46.000000
v -141.952371 54.915499 46.000000
v -137.905045 54.540459 46.000000
v -133.896469 53.867538 46.000000
v -129.948537 52.900411 46.000000
v -126.082811 51.644361 46.000000
v -122.320404 50.106246 46.000000
v -118.681865 48.294469 46.000000
v -115.187067 46.218925 46.000000
v -111.855097 43.890948 46.000000
v -108.704152 41.323255 46.000000
v -105.751443 38.529868 46.000000
v -103.013096 35.526044 46.000000
v -100.504067 32.328189 46.000000
v -98.238059 28.953769 46.000000
v -96.227449 25.421214 46.000000
v -94.483217 21.749817 46.000000
v -93.014891 17.959629 46.000000
v -91.830489 14.071353 46.000000
v -90.936481 10.106224 46.000000
v -90.337749 6.085898 46.000000
v -90.037563 2.032332 46.000000
v -90.037563 -2.032332 46.000000
v -90.337749 -6.085898 46.000000
v -90.936481 -10.106224 46.000000
v -91.830489 -14.071353 46.000000
v -93.014891 -17.959629 46.000000
v -94.483217 -21.749817 46.000000
v -96.227449 -25.421214 46.000000
v -98.238059 -28.953769 46.000000
v -100.504067 -32.328189 46.000000
v -103.013096 -35.526044 46.000000
v -105.751443 -38.529868 46.000000
v -108.704152 -41.323255 46.000000
v -111.855097 -43.890948 46.000000
v -115.187067 -46.218925 46.000000
v -118.681865 -48.294469 46.000000
v -122.320404 -50.106246 46.000000
v -126.082811 -51.644361 46.000000
v -129.948537 -52.900411 46.000000
v -133.896469 -53.867538 46.000000
v -137.905045 -54.540459 46.000000
v -141.952371 -54.915499 46.000000
v -146.016342 -54.990610 46.000000
v -150.074762 -54.765380 46.000000
v -154.105465 -54.241042 46.000000
v -158.086438 -53.420458 46.000000
v -161.995937 -52.308109 46.000000
v -165.812610 -50.910072 46.000000
v -169.515612 -49.233982 46.000000
v -173.084718 -47.288993 46.000000
v -176.500435 -45.085727 46.000000
v -179.744108 -42.636219 46.000000
v -182.798020 -39.953847 46.000000
v -185.645493 -37.053261 46.000000
v -188.270974 -33.950303 46.000000
v -190.660125 -30.661920 46.000000
v -192.799895 -27.206072 46.000000
v -194.678599 -23.601634 46.000000
v -196.285976 -19.868292 46.000000
v -197.613246 -16.026436 46.000000
v -198.653161 -12.097050 46.000000
v -199.400041 -8.101594 46.000000
v -199.849807 -4.061889 46.000000
v -96.000001 54.000001 1.000000
v -96.102224 53.223544 1.000000
v -96.401925 52.500001 1.000000
v -96.878681 51.878680 1.000000
v -97.500001 51.401925 1.000000
v -98.223544 51.102223 1.000000
v -99.000001 51.000001 1.000000
v -99.000001 51.000001 42.000000
v -98.223544 51.102223 42.000000
v -97.500001 51.401925 42.000000
v -96.878681 51.878680 42.000000
v -96.401925 52.500001 42.000000
v -96.102224 53.223544 42.000000
v -96.000001 54.000001 42.000000
v -96.102224 53.223544 14.666667
v -96.102224 53.223544 28.333333
v -96.401925 52.500001 14.666667
v -96.401925 52.500001 28.333333
v -96.878681 51.878680 14.666667
v -96.878681 51.878680 28.333333
v -97.500001 51.401925 14.666667
v -97.500001 51.401925 28.333333
v -98.223544 51.102223 14.666667
v -98.223544 51.102223 28.333333
v -96.000001 145.000002 1.000000
v -96.136298 146.035278 1.000000
v -96.535900 147.000002 1.000000
v -97.171574 147.828429 1.000000
v -98.000001 148.464104 1.000000
v -98.964725 148.863706 1.000000
v -100.000001 149.000002 1.000000
v -190.000002 149.000001 1.000000
v -191.035278 148.863704 1.000000
v -192.000002 148.464102 1.000000
v -192.828429 147.828428 1.000000
v -193.464104 147.000001 1.000000
v -193.863705 146.035277 1.000000
v -194.000002 145.000001 1.000000
v -194.000002 55.000001 1.000000
v -193.863705 53.964725 1.000000
v -193.464104 53.000001 1.000000
v -192.828429 52.171574 1.000000
v -192.000002 51.535899 1.000000
v -191.035278 51.136297 1.000000
v -190.000002 51.000001 1.000000
v -168.130070 51.000001 1.000000
v -164.455707 52.511671 1.000000
v -160.683408 53.759007 1.000000
v -156.832162 54.735730 1.000000
v -152.921354 55.436922 1.000000
v -148.970672 55.859054 1.000000
v -145.000002 56.000001 1.000000
v -141.029332 55.859054 1.000000
v -137.078650 55.436922 1.000000
v -133.167842 54.735730 1.000000
v -129.316596 53.759007 1.000000
v -125.544297 52.511671 1.000000
v -121.869935 51.000001 1.000000
v -96.000001 145.000002 42.000000
v -121.869935 51.000001 42.000000
v -121.169037 50.676278 42.000000
v -120.472668 50.342924 42.000000
v -119.780961 50.000001 42.000000
v -100.000001 50.000001 42.000000
v -98.887397 50.125361 42.000000
v -97.830583 50.495156 42.000000
v -96.882552 51.090843 42.000000
v -96.090844 51.882552 42.000000
v -95.495157 52.830582 42.000000
v -95.125362 53.887396 42.000000
v -95.000001 55.000001 42.000000
v -95.000001 145.000002 42.000000
v -95.125362 146.112607 42.000000
v -95.495157 147.169421 42.000000
v -96.090844 148.117451 42.000000
v -96.882552 148.909160 42.000000
v -97.830583 149.504847 42.000000
v -98.887397 149.874642 42.000000
v -100.000001 150.000002 42.000000
v -190.000003 150.000002 42.000000
v -191.112608 149.874642 42.000000
v -192.169422 149.504847 42.000000
v -193.117452 148.909160 42.000000
v -193.909160 148.117451 42.000000
v -194.504847 147.169421 42.000000
v -194.874642 146.112607 42.000000
v -195.000003 145.000002 42.000000
v -195.000003 55.000001 42.000000
v -194.874642 53.887396 42.000000
v -194.504847 52.830582 42.000000
v -193.909160 51.882552 42.000000
v -193.117452 51.090843 42.000000
v -192.169422 50.495156 42.000000
v -191.112608 50.125361 42.000000
v -190.000003 50.000001 42.000000
v -170.219043 50.000001 42.000000
v -169.527336 50.342924 42.000000
v -168.830968 50.676278 42.000000
v -168.130070 51.000001 42.000000
v -190.000002 51.000001 42.000000
v -191.035278 51.136297 42.000000
v -192.000002 51.535899 42.000000
v -192.828429 52.171574 42.000000
v -193.464104 53.000001 42.000000
v -193.863705 53.964725 42.000000
v -194.000002 55.000001 42.000000
v -194.000002 145.000001 42.000000
v -193.863705 146.035277 42.000000
v -193.464104 147.000001 42.000000
v -192.828429 147.828428 42.000000
v -192.000002 148.464102 42.000000
v -191.035278 148.863704 42.000000
v -190.000002 149.000001 42.000000
v -100.000001 149.000002 42.000000
v -98.964725 148.863706 42.000000
v -98.000001 148.464104 42.000000
v -97.171574 147.828429 42.000000
v -96.535900 147.000002 42.000000
v -96.136298 146.035278 42.000000
v -136.000002 54.258641 2.000000
v -136.000002 55.272055 2.000000
v -139.584956 55.737576 2.000000
v -143.192476 55.970822 2.000000
v -146.807528 55.970822 2.000000
v -150.415048 55.737576 2.000000
v -154.000002 55.272055 2.000000
v -154.000002 54.258641 2.000000
v -150.415607 54.732726 2.000000
v -146.807808 54.970282 2.000000
v -143.192196 54.970282 2.000000
v -139.584397 54.732726 2.000000
v -136.000002 54.258641 20.000000
v -136.000002 55.272055 20.000000
v -154.000002 55.272055 20.000000
v -154.000002 54.258641 20.000000
v -139.584397 54.732726 20.000000
v -143.192196 54.970282 20.000000
v -146.807808 54.970282 20.000000
v -150.415607 54.732726 20.000000
v -150.415048 55.737576 20.000000
v -146.807528 55.970822 20.000000
v -143.192476 55.970822 20.000000
v -139.584956 55.737576 20.000000
v -134.602529 -10.811686 1.000000
v -134.572242 -10.782477 1.000000
v -134.542037 -10.753184 1.000000
v -134.511914 -10.723805 1.000000
v -134.511914 -10.902302 1.000000
v -134.602529 -10.811686 22.000000
v -106.316787 -39.097429 1.000000
v -106.316787 -39.097429 22.000000
v -133.905192 -10.094810 1.000000
v -133.905192 -10.094810 22.000000
v -105.612343 -38.387659 22.000000
v -105.612343 -38.387659 1.000000
v -132.676403 -8.551544 22.000000
v -131.660763 -6.860371 22.000000
v -130.875837 -5.050542 22.000000
v -130.335203 -3.153358 22.000000
v -130.048210 -1.201634 22.000000
v -130.019823 0.770873 22.000000
v -130.250533 2.730048 22.000000
v -130.736349 4.642003 22.000000
v -131.468868 6.473671 22.000000
v -132.435422 8.193371 22.000000
v -133.619292 9.771358 22.000000
v -135.000002 11.180340 22.000000
v -135.000002 50.000001 22.000000
v -122.087123 50.000001 22.000000
v -123.730539 50.720903 22.000000
v -125.396599 51.387807 22.000000
v -127.083529 52.000001 22.000000
v -136.000002 52.000001 22.000000
v -136.000002 10.723805 22.000000
v -134.556795 9.324132 22.000000
v -133.328949 7.732175 22.000000
v -132.341785 5.980764 22.000000
v -131.615660 4.106018 22.000000
v -131.165548 2.146597 22.000000
v -131.000732 0.142908 22.000000
v -131.124610 -1.863727 22.000000
v -131.534627 -3.831929 22.000000
v -132.222329 -5.721108 22.000000
v -133.173534 -7.492306 22.000000
v -134.368625 -9.108997 22.000000
v -135.782958 -10.537841 22.000000
v -137.387365 -11.749373 22.000000
v -139.148761 -12.718608 22.000000
v -141.030822 -13.425558 22.000000
v -142.994736 -13.855645 22.000000
v -145.000002 -14.000000 22.000000
v -147.005269 -13.855645 22.000000
v -148.969182 -13.425558 22.000000
v -150.851243 -12.718608 22.000000
v -152.612639 -11.749373 22.000000
v -154.217047 -10.537841 22.000000
v -155.631379 -9.108997 22.000000
v -156.826470 -7.492306 22.000000
v -157.777675 -5.721108 22.000000
v -158.465377 -3.831929 22.000000
v -158.875395 -1.863727 22.000000
v -158.999273 0.142908 22.000000
v -158.834456 2.146597 22.000000
v -158.384344 4.106018 22.000000
v -157.658219 5.980764 22.000000
v -156.671055 7.732175 22.000000
v -155.443209 9.324132 22.000000
v -154.000002 10.723805 22.000000
v -154.000002 52.000001 22.000000
v -162.916475 52.000001 22.000000
v -164.603406 51.387807 22.000000
v -166.269465 50.720903 22.000000
v -167.912881 50.000001 22.000000
v -155.000002 50.000001 22.000000
v -155.000002 11.180340 22.000000
v -156.380713 9.771358 22.000000
v -157.564583 8.193371 22.000000
v -158.531136 6.473671 22.000000
v -159.263655 4.642003 22.000000
v -159.749471 2.730048 22.000000
v -159.980181 0.770873 22.000000
v -159.951794 -1.201634 22.000000
v -159.664801 -3.153358 22.000000
v -159.124167 -5.050542 22.000000
v -158.339241 -6.860371 22.000000
v -157.323601 -8.551544 22.000000
v -156.094812 -10.094810 22.000000
v -184.387661 -38.387659 22.000000
v -184.154282 -38.625671 22.000000
v -183.919465 -38.862264 22.000000
v -183.683217 -39.097429 22.000000
v -155.397475 -10.811686 22.000000
v -153.796174 -12.150200 22.000000
v -152.024588 -13.253497 22.000000
v -150.117013 -14.100220 22.000000
v -148.110377 -14.673976 22.000000
v -146.043528 -14.963658 22.000000
v -143.956477 -14.963658 22.000000
v -141.889627 -14.673976 22.000000
v -139.882991 -14.100220 22.000000
v -137.975416 -13.253497 22.000000
v -136.203830 -12.150200 22.000000
v -106.080540 -38.862264 22.000000
v -105.845722 -38.625671 22.000000
v -132.609116 -8.453752 1.000000
v -131.553856 -6.648396 1.000000
v -130.759924 -4.713827 1.000000
v -130.242748 -2.687645 1.000000
v -130.012379 -0.609229 1.000000
v -130.073296 1.481028 1.000000
v -130.424314 3.542501 1.000000
v -131.058611 5.535126 1.000000
v -131.963860 7.420175 1.000000
v -133.122466 9.161012 1.000000
v -134.511914 10.723805 1.000000
v -134.511914 10.723805 0.000000
v -134.672343 10.878394 0.000000
v -134.835051 11.030584 0.000000
v -135.000002 11.180340 0.000000
v -134.511914 -12.000000 1.000000
v -136.000002 -12.000000 1.000000
v -137.614579 -13.055862 1.000000
v -139.351317 -13.895768 1.000000
v -141.181490 -14.505825 1.000000
v -143.074824 -14.875943 1.000000
v -145.000002 -15.000000 1.000000
v -146.925181 -14.875943 1.000000
v -148.818515 -14.505825 1.000000
v -150.648687 -13.895768 1.000000
v -152.385426 -13.055862 1.000000
v -154.000002 -12.000000 1.000000
v -155.488091 -12.000000 1.000000
v -155.488091 -10.902302 1.000000
v -183.683217 -39.097429 1.000000
v -180.815690 -41.740108 1.000000
v -177.768120 -44.172962 1.000000
v -174.555826 -46.383762 1.000000
v -171.194957 -48.361394 1.000000
v -167.702409 -50.095916 1.000000
v -164.095736 -51.578610 1.000000
v -160.393071 -52.802022 1.000000
v -156.613026 -53.760002 1.000000
v -152.774603 -54.447733 1.000000
v -148.897098 -54.861760 1.000000
v -145.000002 -55.000001 1.000000
v -141.102906 -54.861760 1.000000
v -137.225401 -54.447733 1.000000
v -133.386978 -53.760002 1.000000
v -129.606933 -52.802022 1.000000
v -125.904268 -51.578610 1.000000
v -122.297596 -50.095916 1.000000
v -118.805047 -48.361394 1.000000
v -115.444178 -46.383762 1.000000
v -112.231885 -44.172962 1.000000
v -109.184314 -41.740108 1.000000
v -102.896142 -35.387357 1.000000
v -100.407922 -32.195442 1.000000
v -98.161157 -28.829198 1.000000
v -96.168011 -25.306851 1.000000
v -94.439277 -21.647474 1.000000
v -92.984315 -17.870882 1.000000
v -91.811005 -13.997524 1.000000
v -90.925699 -10.048374 1.000000
v -90.333190 -6.044814 1.000000
v -90.036688 -2.008523 1.000000
v -90.037797 2.038644 1.000000
v -90.336511 6.074772 1.000000
v -90.931214 10.078007 1.000000
v -91.818684 14.026672 1.000000
v -92.994117 17.899386 1.000000
v -94.451148 21.675180 1.000000
v -96.181887 25.333609 1.000000
v -98.176963 28.854863 1.000000
v -100.425573 32.219875 1.000000
v -102.915542 35.410426 1.000000
v -105.633387 38.409239 1.000000
v -108.564391 41.200077 1.000000
v -111.692684 43.767827 1.000000
v -115.001327 46.098586 1.000000
v -118.472406 48.179733 1.000000
v -122.087123 50.000001 1.000000
v -134.511914 50.000001 1.000000
v -162.916475 52.000001 1.000000
v -159.037026 53.178586 1.000000
v -155.081294 54.068176 1.000000
v -151.070775 54.663935 1.000000
v -147.027266 54.962626 1.000000
v -142.972739 54.962626 1.000000
v -138.929229 54.663935 1.000000
v -134.918710 54.068176 1.000000
v -130.962978 53.178586 1.000000
v -127.083529 52.000001 1.000000
v -184.387661 -38.387659 1.000000
v -187.103862 -35.387357 1.000000
v -189.592082 -32.195442 1.000000
v -191.838848 -28.829198 1.000000
v -193.831994 -25.306851 1.000000
v -195.560728 -21.647474 1.000000
v -197.015689 -17.870882 1.000000
v -198.188999 -13.997524 1.000000
v -199.074305 -10.048374 1.000000
v -199.666814 -6.044814 1.000000
v -199.963317 -2.008523 1.000000
v -199.962208 2.038644 1.000000
v -199.663493 6.074772 1.000000
v -199.068790 10.078007 1.000000
v -198.181320 14.026672 1.000000
v -197.005887 17.899386 1.000000
v -195.548856 21.675180 1.000000
v -193.818117 25.333609 1.000000
v -191.823041 28.854863 1.000000
v -189.574431 32.219875 1.000000
v -187.084462 35.410426 1.000000
v -184.366618 38.409239 1.000000
v -181.435614 41.200077 1.000000
v -178.307320 43.767827 1.000000
v -174.998677 46.098586 1.000000
v -171.527599 48.179733 1.000000
v -167.912881 50.000001 1.000000
v -155.488091 -10.723805 1.000000
v -155.457968 -10.753184 1.000000
v -155.427762 -10.782477 1.000000
v -155.397475 -10.811686 1.000000
v -156.094812 -10.094810 1.000000
v -157.390889 -8.453752 1.000000
v -158.446148 -6.648396 1.000000
v -159.240081 -4.713827 1.000000
v -159.757257 -2.687645 1.000000
v -159.987625 -0.609229 1.000000
v -159.926708 1.481028 1.000000
v -159.575690 3.542501 1.000000
v -158.941393 5.535126 1.000000
v -158.036144 7.420175 1.000000
v -156.877538 9.161012 1.000000
v -155.488091 10.723805 1.000000
v -155.488091 50.000001 1.000000
v -155.000002 11.180340 0.000000
v -155.164953 11.030584 0.000000
v -155.327661 10.878394 0.000000
v -155.488091 10.723805 0.000000
v -136.000002 52.000001 1.000000
v -154.000002 52.000001 1.000000
v -155.488091 50.000001 0.000000
v -155.000002 50.000001 0.000000
v -135.000002 50.000001 0.000000
v -134.511914 50.000001 0.000000
v -170.219043 50.000001 0.000000
v -173.811723 48.019630 0.000000
v -177.249785 45.781564 0.000000
v -180.514781 43.297813 0.000000
v -183.589188 40.581706 0.000000
v -186.456507 37.647819 0.000000
v -189.101353 34.511896 0.000000
v -191.509530 31.190767 0.000000
v -193.668115 27.702254 0.000000
v -195.565525 24.065078 0.000000
v -197.191578 20.298757 0.000000
v -198.537546 16.423505 0.000000
v -199.596207 12.460116 0.000000
v -200.361880 8.429860 0.000000
v -200.830456 4.354366 0.000000
v -200.999420 0.255504 0.000000
v -200.867866 -3.844728 0.000000
v -200.436498 -7.924328 0.000000
v -199.707634 -11.961403 0.000000
v -198.685182 -15.934287 0.000000
v -197.374632 -19.821661 0.000000
v -195.783015 -23.602662 0.000000
v -193.918874 -27.257001 0.000000
v -191.792211 -30.765066 0.000000
v -189.414440 -34.108032 0.000000
v -186.798320 -37.267958 0.000000
v -183.957892 -40.227887 0.000000
v -180.908398 -42.971935 0.000000
v -177.666202 -45.485376 0.000000
v -174.248705 -47.754722 0.000000
v -170.674246 -49.767794 0.000000
v -166.962007 -51.513789 0.000000
v -163.131910 -52.983337 0.000000
v -159.204509 -54.168552 0.000000
v -155.200880 -55.063075 0.000000
v -151.142509 -55.662103 0.000000
v -147.051173 -55.962423 0.000000
v -142.948831 -55.962423 0.000000
v -138.857496 -55.662103 0.000000
v -134.799124 -55.063075 0.000000
v -130.795495 -54.168552 0.000000
v -126.868094 -52.983337 0.000000
v -123.037997 -51.513789 0.000000
v -119.325758 -49.767794 0.000000
v -115.751299 -47.754722 0.000000
v -112.333802 -45.485376 0.000000
v -109.091607 -42.971935 0.000000
v -106.042112 -40.227887 0.000000
v -103.201684 -37.267958 0.000000
v -100.585565 -34.108032 0.000000
v -98.207793 -30.765066 0.000000
v -96.081131 -27.257001 0.000000
v -94.216989 -23.602662 0.000000
v -92.625372 -19.821661 0.000000
v -91.314822 -15.934287 0.000000
v -90.292371 -11.961403 0.000000
v -89.563506 -7.924328 0.000000
v -89.132139 -3.844728 0.000000
v -89.000584 0.255504 0.000000
v -89.169548 4.354366 0.000000
v -89.638124 8.429860 0.000000
v -90.403797 12.460116 0.000000
v -91.462458 16.423505 0.000000
v -92.808427 20.298757 0.000000
v -94.434479 24.065078 0.000000
v -96.331889 27.702254 0.000000
v -98.490475 31.190767 0.000000
v -100.898652 34.511896 0.000000
v -103.543497 37.647819 0.000000
v -106.410817 40.581706 0.000000
v -109.485223 43.297813 0.000000
v -112.750219 45.781564 0.000000
v -116.188282 48.019630 0.000000
v -119.780961 50.000001 0.000000
v -134.511914 -12.000000 0.000000
v -134.511914 -10.723805 0.000000
v -134.989235 -11.170700 0.000000
v -135.485579 -11.596368 0.000000
v -136.000002 -12.000000 0.000000
v -155.488091 -12.000000 0.000000
v -154.000002 -12.000000 0.000000
v -154.514426 -11.596368 0.000000
v -155.010770 -11.170700 0.000000
v -155.488091 -10.723805 0.000000
v -190.000002 50.000001 0.000000
v -191.112607 50.125361 0.000000
v -192.169421 50.495156 0.000000
v -193.117451 51.090843 0.000000
v -193.909160 51.882552 0.000000
v -194.504847 52.830582 0.000000
v -194.874642 53.887396 0.000000
v -195.000002 55.000001 0.000000
v -195.000002 145.000001 0.000000
v -194.874642 146.112605 0.000000
v -194.504847 147.169419 0.000000
v -193.909160 148.117450 0.000000
v -193.117451 148.909158 0.000000
v -192.169421 149.504845 0.000000
v -191.112607 149.874640 0.000000
v -190.000002 150.000001 0.000000
v -100.000001 150.000002 0.000000
v -98.887397 149.874642 0.000000
v -97.830583 149.504847 0.000000
v -96.882552 148.909160 0.000000
v -96.090844 148.117451 0.000000
v -95.495157 147.169421 0.000000
v -95.125362 146.112607 0.000000
v -95.000001 145.000002 0.000000
v -95.000001 55.000001 0.000000
v -95.125362 53.887396 0.000000
v -95.495157 52.830582 0.000000
v -96.090844 51.882552 0.000000
v -96.882552 51.090843 0.000000
v -97.830583 50.495156 0.000000
v -98.887397 50.125361 0.000000
v -100.000001 50.000001 0.000000
v -154.000002 10.723805 1.000000
v -155.443209 9.324132 1.000000
v -156.671055 7.732175 1.000000
v -157.658219 5.980764 1.000000
v -158.384344 4.106018 1.000000
v -158.834456 2.146597 1.000000
v -158.999273 0.142908 1.000000
v -158.875395 -1.863727 1.000000
v -158.465377 -3.831929 1.000000
v -157.777675 -5.721108 1.000000
v -156.826470 -7.492306 1.000000
v -155.631379 -9.108997 1.000000
v -154.217047 -10.537841 1.000000
v -152.612639 -11.749373 1.000000
v -150.851243 -12.718608 1.000000
v -148.969182 -13.425558 1.000000
v -147.005269 -13.855645 1.000000
v -145.000002 -14.000000 1.000000
v -142.994736 -13.855645 1.000000
v -141.030822 -13.425558 1.000000
v -139.148761 -12.718608 1.000000
v -137.387365 -11.749373 1.000000
v -135.782958 -10.537841 1.000000
v -134.368625 -9.108997 1.000000
v -133.173534 -7.492306 1.000000
v -132.222329 -5.721108 1.000000
v -131.534627 -3.831929 1.000000
v -131.124610 -1.863727 1.000000
v -131.000732 0.142908 1.000000
v -131.165548 2.146597 1.000000
v -131.615660 4.106018 1.000000
v -132.341785 5.980764 1.000000
v -133.328949 7.732175 1.000000
v -134.556795 9.324132 1.000000
v -136.000002 10.723805 1.000000
v -190.000002 50.000001 22.000000
v -190.000002 149.000001 22.000000
v -100.000001 149.000002 22.000000
v -195.000002 55.000001 22.000000
v -194.874642 53.887396 22.000000
v -194.504847 52.830582 22.000000
v -193.909160 51.882552 22.000000
v -193.117451 51.090843 22.000000
v -192.169421 50.495156 22.000000
v -191.112607 50.125361 22.000000
v -190.000002 150.000001 22.000000
v -191.112607 149.874640 22.000000
v -192.169421 149.504845 22.000000
v -193.117451 148.909158 22.000000
v -193.909160 148.117450 22.000000
v -194.504847 147.169419 22.000000
v -194.874642 146.112605 22.000000
v -195.000002 145.000001 22.000000
v -154.000002 48.000001 15.000000
v -154.000002 48.000001 5.000000
v -154.000002 28.000000 5.000000
v -154.000002 28.000000 15.000000
v -191.035278 51.136297 21.500000
v -192.000002 51.535899 21.500000
v -192.828429 52.171574 21.500000
v -193.464104 53.000001 21.500000
v -193.863705 53.964725 21.500000
v -193.863705 146.035277 21.500000
v -193.464104 147.000001 21.500000
v -192.828429 147.828428 21.500000
v -192.000002 148.464102 21.500000
v -191.035278 148.863704 21.500000
v -98.964725 148.863706 21.500000
v -98.000001 148.464104 21.500000
v -97.171574 147.828429 21.500000
v -96.535900 147.000002 21.500000
v -96.136298 146.035278 21.500000
v -155.000002 28.000000 5.000000
v -155.000002 28.000000 15.000000
v -135.000002 28.000000 15.000000
v -135.000002 28.000000 5.000000
v -136.000002 28.000000 5.000000
v -136.000002 28.000000 15.000000
v -155.000002 48.000001 5.000000
v -155.000002 48.000001 15.000000
v -135.000002 48.000001 15.000000
v -136.000002 48.000001 15.000000
v -135.000002 48.000001 5.000000
v -136.000002 48.000001 5.000000
v -95.125362 146.112607 21.000000
v -95.495157 147.169421 21.000000
v -96.090844 148.117451 21.000000
v -96.882552 148.909160 21.000000
v -97.830583 149.504847 21.000000
v -98.887397 149.874642 21.000000
v -95.125362 53.887396 21.000000
v -95.495157 52.830582 21.000000
v -96.090844 51.882552 21.000000
v -96.882552 51.090843 21.000000
v -97.830583 50.495156 21.000000
v -98.887397 50.125361 21.000000
vt -5.585061 0.454610 0.000000
vt -5.600000 0.045837 0.000000
vt -5.500000 0.045837 0.000000
vt -5.585061 -0.362937 0.000000
vt -5.484981 -0.360352 0.000000
vt -5.540323 -0.769530 0.000000
vt -5.440004 -0.764323 0.000000
vt -5.466025 -1.171772 0.000000
vt -5.365316 -1.163868 0.000000
vt -5.362563 -1.567518 0.000000
vt -5.261324 -1.556807 0.000000
vt -5.230490 -1.954656 0.000000
vt -5.128597 -1.940993 0.000000
vt -5.070510 -2.331121 0.000000
vt -4.967860 -2.314327 0.000000
vt -4.883477 -2.694903 0.000000
vt -4.779989 -2.674771 0.000000
vt -4.670388 -3.044063 0.000000
vt -4.566012 -3.020355 0.000000
vt -4.432380 -3.376736 0.000000
vt -4.327097 -3.349194 0.000000
vt -4.170724 -3.691149 0.000000
vt -4.064549 -3.659490 0.000000
vt -3.886816 -3.985623 0.000000
vt -3.779802 -3.949548 0.000000
vt -3.582169 -4.258588 0.000000
vt -3.474411 -4.217785 0.000000
vt -3.258410 -4.508586 0.000000
vt -3.150043 -4.462736 0.000000
vt -2.917266 -4.734285 0.000000
vt -2.808472 -4.683063 0.000000
vt -2.560557 -4.934480 0.000000
vt -2.451561 -4.877562 0.000000
vt -2.190186 -5.108102 0.000000
vt -2.081261 -5.045171 0.000000
vt -1.808130 -5.254226 0.000000
vt -1.699593 -5.184974 0.000000
vt -1.416427 -5.372072 0.000000
vt -1.308644 -5.296209 0.000000
vt -1.017166 -5.461011 0.000000
vt -0.910546 -5.378268 0.000000
vt -0.612479 -5.520569 0.000000
vt -0.507476 -5.430702 0.000000
vt -0.204523 -5.550427 0.000000
vt -0.101634 -5.453224 0.000000
vt 0.204523 -5.550427 0.000000
vt 0.304763 -5.445713 0.000000
vt 0.612479 -5.520569 0.000000
vt 0.709496 -5.408209 0.000000
vt 1.017166 -5.461011 0.000000
vt 1.110353 -5.340917 0.000000
vt 1.416427 -5.372072 0.000000
vt 1.505146 -5.244205 0.000000
vt 1.808130 -5.254226 0.000000
vt 1.891719 -5.118600 0.000000
vt 2.190186 -5.108102 0.000000
vt 2.267960 -4.964788 0.000000
vt 2.560557 -4.934480 0.000000
vt 2.631814 -4.783610 0.000000
vt 2.917266 -4.734285 0.000000
vt 2.981294 -4.576056 0.000000
vt 3.258410 -4.508586 0.000000
vt 3.314491 -4.343258 0.000000
vt 3.582169 -4.258588 0.000000
vt 3.629585 -4.086489 0.000000
vt 3.886816 -3.985623 0.000000
vt 3.924856 -3.807150 0.000000
vt 4.170724 -3.691149 0.000000
vt 4.198691 -3.506768 0.000000
vt 4.432380 -3.376736 0.000000
vt 4.449594 -3.186982 0.000000
vt 4.670388 -3.044063 0.000000
vt 4.676194 -2.849540 0.000000
vt 4.883477 -2.694903 0.000000
vt 4.877255 -2.496285 0.000000
vt 5.070510 -2.331121 0.000000
vt 5.051678 -2.129145 0.000000
vt 5.230490 -1.954656 0.000000
vt 5.198511 -1.750126 0.000000
vt 5.362563 -1.567518 0.000000
vt 5.316951 -1.361299 0.000000
vt 5.466025 -1.171772 0.000000
vt 5.406352 -0.964786 0.000000
vt 5.540323 -0.769530 0.000000
vt 5.466225 -0.562753 0.000000
vt 5.585061 -0.362937 0.000000
vt 5.496244 -0.157397 0.000000
vt 5.600000 0.045837 0.000000
vt 5.496244 0.249070 0.000000
vt 5.585061 0.454610 0.000000
vt 5.466225 0.654426 0.000000
vt 5.540323 0.861203 0.000000
vt 5.406352 1.056459 0.000000
vt 5.466025 1.263446 0.000000
vt 5.316951 1.452972 0.000000
vt 5.362563 1.659192 0.000000
vt 5.198511 1.841799 0.000000
vt 5.230490 2.046330 0.000000
vt 5.051678 2.220818 0.000000
vt 5.070510 2.422794 0.000000
vt 4.877255 2.587958 0.000000
vt 4.883477 2.786577 0.000000
vt 4.676194 2.941213 0.000000
vt 4.670388 3.135736 0.000000
vt 4.449594 3.278655 0.000000
vt 4.432380 3.468409 0.000000
vt 4.198691 3.598441 0.000000
vt 4.170724 3.782822 0.000000
vt 3.924856 3.898823 0.000000
vt 3.886816 4.077296 0.000000
vt 3.629585 4.178162 0.000000
vt 3.582169 4.350261 0.000000
vt 3.314491 4.434931 0.000000
vt 3.258410 4.600259 0.000000
vt 2.981294 4.667729 0.000000
vt 2.917266 4.825958 0.000000
vt 2.631814 4.875283 0.000000
vt 2.560557 5.026153 0.000000
vt 2.267960 5.056461 0.000000
vt 2.190186 5.199775 0.000000
vt 1.891719 5.210273 0.000000
vt 1.808130 5.345899 0.000000
vt 1.505146 5.335878 0.000000
vt 1.416427 5.463745 0.000000
vt 1.110353 5.432590 0.000000
vt 1.017166 5.552684 0.000000
vt 0.709496 5.499882 0.000000
vt 0.612479 5.612242 0.000000
vt 0.304763 5.537386 0.000000
vt 0.204523 5.642101 0.000000
vt -0.101634 5.544898 0.000000
vt -0.204523 5.642101 0.000000
vt -0.507476 5.522375 0.000000
vt -0.612479 5.612242 0.000000
vt -0.910546 5.469941 0.000000
vt -1.017166 5.552684 0.000000
vt -1.308644 5.387882 0.000000
vt -1.416427 5.463745 0.000000
vt -1.699593 5.276647 0.000000
vt -1.808130 5.345899 0.000000
vt -2.081261 5.136844 0.000000
vt -2.190186 5.199775 0.000000
vt -2.451561 4.969235 0.000000
vt -2.560557 5.026153 0.000000
vt -2.808472 4.774736 0.000000
vt -2.917266 4.825958 0.000000
vt -3.150043 4.554409 0.000000
vt -3.258410 4.600259 0.000000
vt -3.474411 4.309458 0.000000
vt -3.582169 4.350261 0.000000
vt -3.779802 4.041221 0.000000
vt -3.886816 4.077296 0.000000
vt -4.064549 3.751163 0.000000
vt -4.170724 3.782822 0.000000
vt -4.327097 3.440867 0.000000
vt -4.432380 3.468409 0.000000
vt -4.566012 3.112029 0.000000
vt -4.670388 3.135736 0.000000
vt -4.779989 2.766444 0.000000
vt -4.883477 2.786577 0.000000
vt -4.967860 2.406000 0.000000
vt -5.070510 2.422794 0.000000
vt -5.128597 2.032666 0.000000
vt -5.230490 2.046330 0.000000
vt -5.261324 1.648480 0.000000
vt -5.362563 1.659192 0.000000
vt -5.365316 1.255542 0.000000
vt -5.466025 1.263446 0.000000
vt -5.440004 0.855996 0.000000
vt -5.540323 0.861203 0.000000
vt -5.484981 0.452025 0.000000
vt 0.100000 0.157080 0.000000
vt 1.466667 0.157080 0.000000
vt 0.100000 0.235619 0.000000
vt 2.833333 0.157080 0.000000
vt 4.200000 0.235619 0.000000
vt 4.200000 0.157080 0.000000
vt 4.200000 0.078540 0.000000
vt 2.833333 0.078540 0.000000
vt 4.200000 0.000000 0.000000
vt 2.833333 0.000000 0.000000
vt 4.200000 -0.078540 0.000000
vt 2.833333 -0.078540 0.000000
vt 4.200000 -0.157080 0.000000
vt 2.833333 -0.157080 0.000000
vt 4.200000 -0.235619 0.000000
vt 1.466667 -0.157080 0.000000
vt 0.100000 -0.235619 0.000000
vt 0.100000 -0.157080 0.000000
vt 0.100000 -0.078540 0.000000
vt 1.466667 -0.078540 0.000000
vt 0.100000 0.000000 0.000000
vt 1.466667 0.000000 0.000000
vt 0.100000 0.078540 0.000000
vt 1.466667 0.078540 0.000000
vt 2.313007 -4.900000 0.000000
vt 4.600000 -4.900000 0.000000
vt 4.900000 -4.600000 0.000000
vt 4.677646 -4.889778 0.000000
vt 4.750000 -4.859808 0.000000
vt 4.812132 -4.812132 0.000000
vt 4.859808 -4.750000 0.000000
vt 4.889778 -4.677646 0.000000
vt 4.900000 4.500000 0.000000
vt 1.568341 -4.624099 0.000000
vt 1.945570 -4.748833 0.000000
vt 4.886370 4.603528 0.000000
vt 4.846410 4.700000 0.000000
vt 4.782843 4.782843 0.000000
vt 4.700000 4.846410 0.000000
vt 4.603528 4.886370 0.000000
vt 4.500000 4.900000 0.000000
vt 0.397067 -4.414095 0.000000
vt -0.000000 -4.400000 0.000000
vt -4.500000 4.900000 0.000000
vt -0.397067 -4.414095 0.000000
vt -4.900000 4.500000 0.000000
vt -0.792135 -4.456308 0.000000
vt -1.183216 -4.526427 0.000000
vt -1.568341 -4.624099 0.000000
vt -4.900000 -4.500000 0.000000
vt -1.945571 -4.748833 0.000000
vt -2.313007 -4.900000 0.000000
vt -4.500000 -4.900000 0.000000
vt -4.603528 -4.886370 0.000000
vt -4.700000 -4.846410 0.000000
vt -4.782843 -4.782843 0.000000
vt -4.846410 -4.700000 0.000000
vt -4.886370 -4.603528 0.000000
vt -4.603528 4.886370 0.000000
vt -4.700000 4.846410 0.000000
vt -4.782843 4.782843 0.000000
vt -4.846410 4.700000 0.000000
vt -4.886370 4.603528 0.000000
vt 0.792135 -4.456308 0.000000
vt 1.183216 -4.526427 0.000000
vt 9.100000 4.200000 0.000000
vt -0.000000 4.200000 0.000000
vt 9.100000 0.100000 0.000000
vt -0.000000 0.100000 0.000000
vt -2.313007 4.900000 0.000000
vt -2.383097 4.932372 0.000000
vt -4.600000 4.900000 0.000000
vt -2.452733 4.965708 0.000000
vt -2.521904 5.000000 0.000000
vt -4.500000 5.000000 0.000000
vt -4.611261 4.987464 0.000000
vt -4.677646 4.889778 0.000000
vt -4.716942 4.950485 0.000000
vt -4.750000 4.859808 0.000000
vt -4.811745 4.890916 0.000000
vt -4.812132 4.812132 0.000000
vt -4.890916 4.811745 0.000000
vt -4.859808 4.750000 0.000000
vt -4.950485 4.716942 0.000000
vt -4.889778 4.677646 0.000000
vt -4.987464 4.611261 0.000000
vt -4.900000 4.600000 0.000000
vt -5.000000 4.500000 0.000000
vt -4.900000 -4.500000 0.000000
vt -5.000000 -4.500000 0.000000
vt -4.987464 -4.611261 0.000000
vt -4.886370 -4.603528 0.000000
vt -4.950485 -4.716942 0.000000
vt -4.846410 -4.700000 0.000000
vt -4.890916 -4.811745 0.000000
vt -4.782843 -4.782843 0.000000
vt -4.811745 -4.890916 0.000000
vt -4.700000 -4.846410 0.000000
vt -4.716942 -4.950485 0.000000
vt -4.603528 -4.886370 0.000000
vt -4.611261 -4.987464 0.000000
vt -4.500000 -4.900000 0.000000
vt -4.500000 -5.000000 0.000000
vt 4.500000 -4.900000 0.000000
vt 4.500000 -5.000000 0.000000
vt 4.611261 -4.987464 0.000000
vt 4.603528 -4.886370 0.000000
vt 4.716942 -4.950485 0.000000
vt 4.700000 -4.846410 0.000000
vt 4.811745 -4.890916 0.000000
vt 4.782843 -4.782843 0.000000
vt 4.890916 -4.811745 0.000000
vt 4.846410 -4.700000 0.000000
vt 4.950485 -4.716942 0.000000
vt 4.886370 -4.603528 0.000000
vt 4.987464 -4.611261 0.000000
vt 4.900000 -4.500000 0.000000
vt 5.000000 -4.500000 0.000000
vt 5.000000 4.500000 0.000000
vt 4.900000 4.500000 0.000000
vt 4.987464 4.611261 0.000000
vt 4.886370 4.603528 0.000000
vt 4.950485 4.716942 0.000000
vt 4.846410 4.700000 0.000000
vt 4.890916 4.811745 0.000000
vt 4.782843 4.782843 0.000000
vt 4.811745 4.890916 0.000000
vt 4.700000 4.846410 0.000000
vt 4.716942 4.950485 0.000000
vt 4.603528 4.886370 0.000000
vt 4.611261 4.987464 0.000000
vt 4.500000 4.900000 0.000000
vt 4.500000 5.000000 0.000000
vt 2.521904 5.000000 0.000000
vt 2.452733 4.965708 0.000000
vt 2.383097 4.932372 0.000000
vt 2.313007 4.900000 0.000000
vt -0.100000 0.100000 0.000000
vt 2.186993 0.100000 0.000000
vt -0.100000 4.200000 0.000000
vt 2.186993 4.200000 0.000000
vt 0.900000 0.013628 0.000000
vt 0.900000 0.114970 0.000000
vt 0.541560 0.061037 0.000000
vt 0.180781 0.084792 0.000000
vt 0.541505 0.161522 0.000000
vt 0.180753 0.184846 0.000000
vt -0.180753 0.184846 0.000000
vt -0.180781 0.084792 0.000000
vt -0.541505 0.161522 0.000000
vt -0.900000 0.114970 0.000000
vt -0.900000 0.013628 0.000000
vt -0.541560 0.061037 0.000000
vt -0.202734 0.200000 0.000000
vt -0.101392 0.200000 0.000000
vt -0.202734 2.000000 0.000000
vt -0.101392 2.000000 0.000000
vt -0.000000 0.200000 0.000000
vt 0.101341 0.200000 0.000000
vt -0.000000 2.000000 0.000000
vt 0.101341 2.000000 0.000000
vt -0.900000 0.013628 0.000000
vt -0.541560 0.061037 0.000000
vt -0.900000 0.114970 0.000000
vt -0.180781 0.084792 0.000000
vt -0.541505 0.161522 0.000000
vt -0.180753 0.184846 0.000000
vt 0.180781 0.084792 0.000000
vt 0.180753 0.184846 0.000000
vt 0.541505 0.161522 0.000000
vt 0.900000 0.114970 0.000000
vt 0.541560 0.061037 0.000000
vt 0.900000 0.013628 0.000000
vt -1.399928 -1.349871 0.000000
vt -1.396899 -1.352792 0.000000
vt -1.390866 -1.340810 0.000000
vt -1.393878 -1.355721 0.000000
vt -1.390866 -1.358659 0.000000
vt 0.073209 0.000000 0.000000
vt 0.086024 0.000000 0.000000
vt 0.073209 2.100000 0.000000
vt 4.073417 2.100000 0.000000
vt 4.073417 0.000000 0.000000
vt 3.934184 2.100000 0.000000
vt -0.067030 2.100000 0.000000
vt 3.934184 0.000000 0.000000
vt -0.067030 0.000000 0.000000
vt 1.232360 -0.818086 0.000000
vt 1.063138 -0.873832 0.000000
vt 1.109481 -0.972413 0.000000
vt 1.039747 -1.044101 0.000000
vt 3.868322 -3.872675 0.000000
vt 1.182647 -0.712163 0.000000
vt 1.333924 -0.648969 0.000000
vt 1.277767 -0.535043 0.000000
vt 1.412416 -0.467986 0.000000
vt 1.346537 -0.346125 0.000000
vt 1.466480 -0.278268 0.000000
vt 1.387539 -0.149305 0.000000
vt 1.495179 -0.083095 0.000000
vt 1.399927 0.051359 0.000000
vt 1.498018 0.114155 0.000000
vt 1.383445 0.251728 0.000000
vt 1.474947 0.310073 0.000000
vt 1.338434 0.447670 0.000000
vt 1.426365 0.501268 0.000000
vt 1.265822 0.635144 0.000000
vt 1.353113 0.684435 0.000000
vt 1.256458 0.856405 0.000000
vt 1.167105 0.810285 0.000000
vt 1.138071 1.014204 0.000000
vt 1.044321 0.969481 0.000000
vt 1.000000 1.155102 0.000000
vt 0.900000 1.109449 0.000000
vt 1.000000 5.037068 0.000000
vt 0.900000 5.237068 0.000000
vt 1.791647 5.237068 0.000000
vt 1.960340 5.175849 0.000000
vt 2.126946 5.109158 0.000000
vt 2.291288 5.037068 0.000000
vt 0.921704 -1.016716 0.000000
vt 0.879617 -1.177952 0.000000
vt 0.761264 -1.137869 0.000000
vt 0.702459 -1.288282 0.000000
vt 0.585124 -1.234793 0.000000
vt 0.511701 -1.372954 0.000000
vt 0.396918 -1.305488 0.000000
vt 0.311038 -1.430330 0.000000
vt 0.200527 -1.348497 0.000000
vt 0.104353 -1.459298 0.000000
vt 0.000000 -1.362932 0.000000
vt -0.104353 -1.459298 0.000000
vt -0.200527 -1.348497 0.000000
vt -0.311038 -1.430330 0.000000
vt -0.396918 -1.305488 0.000000
vt -0.511701 -1.372954 0.000000
vt -0.585124 -1.234793 0.000000
vt -0.702459 -1.288282 0.000000
vt -0.761264 -1.137869 0.000000
vt -0.879617 -1.177952 0.000000
vt -0.921704 -1.016716 0.000000
vt -1.039747 -1.044101 0.000000
vt -1.063138 -0.873832 0.000000
vt -1.109481 -0.972413 0.000000
vt -1.232360 -0.818086 0.000000
vt -1.182647 -0.712163 0.000000
vt -1.333924 -0.648969 0.000000
vt -1.277767 -0.535043 0.000000
vt -1.412416 -0.467986 0.000000
vt -1.346537 -0.346125 0.000000
vt -1.466480 -0.278268 0.000000
vt -1.387539 -0.149305 0.000000
vt -1.495179 -0.083095 0.000000
vt -1.399927 0.051359 0.000000
vt -1.498018 0.114155 0.000000
vt -1.383445 0.251728 0.000000
vt -1.474947 0.310073 0.000000
vt -1.338434 0.447670 0.000000
vt -1.426365 0.501268 0.000000
vt -1.265822 0.635144 0.000000
vt -1.353113 0.684435 0.000000
vt -1.256458 0.856405 0.000000
vt -1.167105 0.810285 0.000000
vt -1.138071 1.014204 0.000000
vt -1.044321 0.969481 0.000000
vt -1.000000 1.155102 0.000000
vt -0.900000 1.109449 0.000000
vt -1.000000 5.037068 0.000000
vt -0.900000 5.237068 0.000000
vt -1.791647 5.237068 0.000000
vt -1.960340 5.175849 0.000000
vt -2.126946 5.109158 0.000000
vt -2.291288 5.037068 0.000000
vt -3.938766 -3.801698 0.000000
vt -3.915428 -3.825499 0.000000
vt -3.891946 -3.849158 0.000000
vt -3.868322 -3.872675 0.000000
vt 3.891946 -3.849158 0.000000
vt 3.915428 -3.825499 0.000000
vt 3.938766 -3.801698 0.000000
vt -2.200000 -1.107360 0.000000
vt -0.100000 -1.107360 0.000000
vt -2.200000 -0.909947 0.000000
vt -0.100000 -0.898076 0.000000
vt -2.200000 -0.712533 0.000000
vt -0.100000 -0.688792 0.000000
vt -2.200000 -0.515120 0.000000
vt -0.100000 -0.479508 0.000000
vt -2.200000 -0.317706 0.000000
vt -0.100000 -0.270224 0.000000
vt -2.200000 -0.120292 0.000000
vt -0.100000 -0.060940 0.000000
vt -2.200000 0.077121 0.000000
vt -0.100000 0.148345 0.000000
vt -2.200000 0.274535 0.000000
vt -0.100000 0.357629 0.000000
vt -2.200000 0.471949 0.000000
vt -0.100000 0.566913 0.000000
vt -2.200000 0.669362 0.000000
vt -0.100000 0.776197 0.000000
vt -2.200000 0.866776 0.000000
vt -0.100000 0.985481 0.000000
vt -2.200000 1.064189 0.000000
vt -0.100000 1.194765 0.000000
vt -2.200000 1.261603 0.000000
vt -0.000000 1.239324 0.000000
vt -0.000000 1.261603 0.000000
vt -0.000000 1.194765 0.000000
vt -0.000000 1.217045 0.000000
vt -0.148809 6.290230 0.000000
vt -0.148809 6.400000 0.000000
vt -2.968322 9.109743 0.000000
vt 0.335131 6.589577 0.000000
vt 0.518149 6.650583 0.000000
vt 0.000000 6.400000 0.000000
vt 0.161458 6.505586 0.000000
vt 0.707482 6.687594 0.000000
vt -2.681569 9.374011 0.000000
vt -2.376812 9.617296 0.000000
vt -2.055582 9.838376 0.000000
vt 0.900000 6.700000 0.000000
vt -1.719496 10.036139 0.000000
vt -1.370241 10.209592 0.000000
vt -1.009573 10.357861 0.000000
vt 2.809573 10.357861 0.000000
vt -0.639307 10.480202 0.000000
vt 2.439307 10.480202 0.000000
vt -0.261302 10.576000 0.000000
vt 2.061302 10.576000 0.000000
vt 0.122540 10.644773 0.000000
vt 1.677460 10.644773 0.000000
vt 0.510290 10.686176 0.000000
vt 1.289710 10.686176 0.000000
vt 0.900000 10.700000 0.000000
vt 1.092518 6.687594 0.000000
vt 3.855582 9.838376 0.000000
vt 3.519496 10.036139 0.000000
vt 3.170241 10.209592 0.000000
vt 1.281851 6.650583 0.000000
vt 4.768322 9.109743 0.000000
vt 4.481569 9.374011 0.000000
vt 4.176812 9.617296 0.000000
vt 1.464869 6.589577 0.000000
vt 1.948809 6.400000 0.000000
vt 1.948809 6.290230 0.000000
vt 1.638542 6.505586 0.000000
vt 1.800000 6.400000 0.000000
vt -0.209481 6.209481 0.000000
vt -3.038766 9.038766 0.000000
vt -0.339089 6.045375 0.000000
vt -0.444615 5.864840 0.000000
vt -0.524008 5.671383 0.000000
vt -0.575725 5.468765 0.000000
vt -0.598762 5.260923 0.000000
vt -3.310386 8.738736 0.000000
vt -3.559208 8.419544 0.000000
vt -3.783885 8.082920 0.000000
vt -3.983199 7.730685 0.000000
vt -4.156073 7.364747 0.000000
vt -4.301569 6.987088 0.000000
vt -4.418900 6.599752 0.000000
vt -4.507430 6.204837 0.000000
vt -4.566681 5.804481 0.000000
vt -4.596331 5.400852 0.000000
vt -4.596221 4.996136 0.000000
vt -4.566349 4.592523 0.000000
vt -4.506879 4.192199 0.000000
vt -4.418132 3.797333 0.000000
vt -4.300588 3.410061 0.000000
vt -4.154885 3.032482 0.000000
vt -3.981811 2.666639 0.000000
vt -3.782304 2.314514 0.000000
vt -3.557443 1.978013 0.000000
vt -0.592671 5.051897 0.000000
vt -3.308446 1.658957 0.000000
vt -3.036662 1.359076 0.000000
vt -2.743561 1.079992 0.000000
vt -0.557569 4.845750 0.000000
vt -2.430732 0.823217 0.000000
vt -2.099867 0.590142 0.000000
vt -0.494139 4.646487 0.000000
vt -1.752760 0.382027 0.000000
vt -0.403614 4.457983 0.000000
vt -1.391288 0.200000 0.000000
vt -0.287754 4.283899 0.000000
vt -0.148809 4.127620 0.000000
vt -0.148809 0.200000 0.000000
vt 4.600000 -16.872201 0.000000
vt 0.100000 -17.077863 0.000000
vt 4.600000 -17.278760 0.000000
vt 4.600000 17.278760 0.000000
vt 0.100000 17.479657 0.000000
vt 0.100000 17.074849 0.000000
vt 4.600000 16.872201 0.000000
vt 0.100000 16.670041 0.000000
vt 4.600000 16.465642 0.000000
vt 0.100000 16.265233 0.000000
vt 4.600000 16.059083 0.000000
vt 0.100000 15.860425 0.000000
vt 4.600000 15.652524 0.000000
vt 0.100000 15.455617 0.000000
vt 4.600000 15.245965 0.000000
vt 0.100000 15.050809 0.000000
vt 4.600000 14.839406 0.000000
vt 0.100000 14.646000 0.000000
vt 4.600000 14.432846 0.000000
vt 0.100000 14.241192 0.000000
vt 4.600000 14.026287 0.000000
vt 0.100000 13.836384 0.000000
vt 4.600000 13.619728 0.000000
vt 0.100000 13.431576 0.000000
vt 4.600000 13.213169 0.000000
vt 0.100000 13.026768 0.000000
vt 4.600000 12.806610 0.000000
vt 0.100000 12.621960 0.000000
vt 4.600000 12.400051 0.000000
vt 0.100000 12.217152 0.000000
vt 4.600000 11.993492 0.000000
vt 0.100000 11.812344 0.000000
vt 4.600000 11.586933 0.000000
vt 0.100000 11.407536 0.000000
vt 4.600000 11.180374 0.000000
vt 0.100000 11.002728 0.000000
vt 2.200000 11.002728 0.000000
vt 0.100000 -16.673055 0.000000
vt 4.600000 -16.465642 0.000000
vt 0.100000 -16.268247 0.000000
vt 4.600000 -16.059083 0.000000
vt 0.100000 -15.863439 0.000000
vt 4.600000 -15.652524 0.000000
vt 0.100000 -15.458631 0.000000
vt 4.600000 -15.245965 0.000000
vt 0.100000 -15.053823 0.000000
vt 4.600000 -14.839406 0.000000
vt 0.100000 -14.649015 0.000000
vt 4.600000 -14.432846 0.000000
vt 0.100000 -14.244207 0.000000
vt 4.600000 -14.026287 0.000000
vt 0.100000 -13.839399 0.000000
vt 4.600000 -13.619728 0.000000
vt 0.100000 -13.434591 0.000000
vt 4.600000 -13.213169 0.000000
vt 0.100000 -13.029783 0.000000
vt 2.200000 -13.029783 0.000000
vt 2.200000 -12.996448 0.000000
vt 4.600000 -12.806610 0.000000
vt 2.200000 -12.963114 0.000000
vt 2.200000 -12.929780 0.000000
vt 0.100000 -12.929780 0.000000
vt 0.100000 -12.539744 0.000000
vt 4.600000 -12.400051 0.000000
vt 0.100000 -12.149708 0.000000
vt 4.600000 -11.993492 0.000000
vt 0.100000 -11.759671 0.000000
vt 4.600000 -11.586933 0.000000
vt 0.100000 -11.369635 0.000000
vt 4.600000 -11.180374 0.000000
vt 0.100000 -10.979598 0.000000
vt 4.600000 -10.773815 0.000000
vt 0.100000 -10.589562 0.000000
vt 4.600000 -10.367256 0.000000
vt 0.100000 -10.199526 0.000000
vt 4.600000 -9.960697 0.000000
vt 0.100000 -9.809489 0.000000
vt 4.600000 -9.554138 0.000000
vt 0.100000 -9.419453 0.000000
vt 4.600000 -9.147579 0.000000
vt 0.100000 -9.029416 0.000000
vt 4.600000 -8.741020 0.000000
vt 0.100000 -8.639380 0.000000
vt 4.600000 -8.334461 0.000000
vt 0.100000 -8.249344 0.000000
vt 4.600000 -7.927902 0.000000
vt 0.100000 -7.859307 0.000000
vt 4.600000 -7.521343 0.000000
vt 0.100000 -7.469271 0.000000
vt 4.600000 -7.114783 0.000000
vt 0.100000 -7.079234 0.000000
vt 4.600000 -6.708224 0.000000
vt 0.100000 -6.689198 0.000000
vt 4.600000 -6.301665 0.000000
vt 0.100000 -6.299161 0.000000
vt 0.100000 -5.909125 0.000000
vt 4.600000 -5.895106 0.000000
vt 0.100000 -5.519089 0.000000
vt 4.600000 -5.488547 0.000000
vt 0.100000 -5.129052 0.000000
vt 4.600000 -5.081988 0.000000
vt 0.100000 -4.739016 0.000000
vt 4.600000 -4.675429 0.000000
vt 0.100000 -4.348979 0.000000
vt 2.200000 -4.348979 0.000000
vt 4.600000 -4.268870 0.000000
vt 2.200000 -4.315645 0.000000
vt 2.200000 -4.282311 0.000000
vt 2.200000 -4.248977 0.000000
vt 4.600000 -3.862311 0.000000
vt 0.100000 -3.844169 0.000000
vt 4.600000 -3.455752 0.000000
vt 0.100000 -3.439361 0.000000
vt 4.600000 -3.049193 0.000000
vt 0.100000 -3.034553 0.000000
vt 4.600000 -2.642634 0.000000
vt 0.100000 -2.629745 0.000000
vt 4.600000 -2.236075 0.000000
vt 0.100000 -2.224937 0.000000
vt 4.600000 -1.829516 0.000000
vt 0.100000 -1.820129 0.000000
vt 4.600000 -1.422957 0.000000
vt 0.100000 -1.415321 0.000000
vt 4.600000 -1.016398 0.000000
vt 0.100000 -1.010513 0.000000
vt 4.600000 -0.609839 0.000000
vt 0.100000 -0.605705 0.000000
vt 4.600000 -0.203280 0.000000
vt 0.100000 -0.200897 0.000000
vt 4.600000 0.203280 0.000000
vt 0.100000 0.203911 0.000000
vt 0.100000 0.608719 0.000000
vt 4.600000 0.609839 0.000000
vt 0.100000 1.013527 0.000000
vt 4.600000 1.016398 0.000000
vt 0.100000 1.418335 0.000000
vt 4.600000 1.422957 0.000000
vt 0.100000 1.823143 0.000000
vt 4.600000 1.829516 0.000000
vt 0.100000 2.227951 0.000000
vt 4.600000 2.236075 0.000000
vt 0.100000 2.632759 0.000000
vt 4.600000 2.642634 0.000000
vt 0.100000 3.037567 0.000000
vt 4.600000 3.049193 0.000000
vt 0.100000 3.442375 0.000000
vt 4.600000 3.455752 0.000000
vt 0.100000 3.847183 0.000000
vt 4.600000 3.862311 0.000000
vt 0.100000 4.251992 0.000000
vt 4.600000 4.268870 0.000000
vt 0.100000 4.656800 0.000000
vt 4.600000 4.675429 0.000000
vt 0.100000 5.061608 0.000000
vt 4.600000 5.081988 0.000000
vt 0.100000 5.466416 0.000000
vt 4.600000 5.488547 0.000000
vt 0.100000 5.871224 0.000000
vt 4.600000 5.895106 0.000000
vt 0.100000 6.276032 0.000000
vt 2.200000 6.276032 0.000000
vt 4.600000 6.301665 0.000000
vt 2.200000 6.455498 0.000000
vt 4.600000 6.708224 0.000000
vt 2.200000 6.634964 0.000000
vt 2.200000 6.814429 0.000000
vt 4.600000 7.114783 0.000000
vt 0.100000 7.219974 0.000000
vt 4.600000 7.521343 0.000000
vt 0.100000 7.625519 0.000000
vt 2.000000 7.735314 0.000000
vt 0.200000 7.735314 0.000000
vt 4.600000 7.927902 0.000000
vt 2.000000 8.096940 0.000000
vt 4.600000 8.334461 0.000000
vt 2.000000 8.458567 0.000000
vt 4.600000 8.741020 0.000000
vt 2.000000 8.820193 0.000000
vt 4.600000 9.147579 0.000000
vt 2.000000 9.181819 0.000000
vt 4.600000 9.554138 0.000000
vt 2.000000 9.543446 0.000000
vt 0.200000 9.543446 0.000000
vt 0.100000 9.653241 0.000000
vt 0.100000 9.247697 0.000000
vt 4.600000 9.960697 0.000000
vt 0.100000 10.058786 0.000000
vt 4.600000 10.367256 0.000000
vt 0.100000 10.464330 0.000000
vt 2.200000 10.464330 0.000000
vt 2.200000 10.643796 0.000000
vt 4.600000 10.773815 0.000000
vt 2.200000 10.823262 0.000000
vt 0.100000 8.031063 0.000000
vt 0.200000 8.096940 0.000000
vt 0.100000 8.436608 0.000000
vt 0.200000 8.458567 0.000000
vt 0.200000 8.820193 0.000000
vt 0.100000 8.842152 0.000000
vt 0.200000 9.181819 0.000000
vt 0.100000 6.814429 0.000000
vt 0.100000 -4.248977 0.000000
vt 1.405567 -1.358659 0.000000
vt 1.408579 -1.355721 0.000000
vt 1.405567 -1.340810 0.000000
vt 1.411600 -1.352792 0.000000
vt 1.414629 -1.349871 0.000000
vt -0.067406 0.000000 0.000000
vt 3.919987 0.000000 0.000000
vt -0.067406 2.100000 0.000000
vt 3.932802 2.100000 0.000000
vt 3.932802 0.000000 0.000000
vt 4.014621 2.100000 0.000000
vt 0.013408 2.100000 0.000000
vt 4.014621 0.000000 0.000000
vt 0.013408 0.000000 0.000000
vt 2.009481 6.209481 0.000000
vt 2.139089 6.045375 0.000000
vt 4.838766 9.038766 0.000000
vt 2.244615 5.864840 0.000000
vt 2.324008 5.671383 0.000000
vt 2.375725 5.468765 0.000000
vt 2.398762 5.260923 0.000000
vt 5.110386 8.738736 0.000000
vt 5.359208 8.419544 0.000000
vt 5.583885 8.082920 0.000000
vt 5.783199 7.730685 0.000000
vt 5.956073 7.364747 0.000000
vt 6.101569 6.987088 0.000000
vt 6.218900 6.599752 0.000000
vt 6.307430 6.204837 0.000000
vt 6.366681 5.804481 0.000000
vt 6.396331 5.400852 0.000000
vt 6.396221 4.996136 0.000000
vt 6.366349 4.592523 0.000000
vt 6.306879 4.192199 0.000000
vt 6.218132 3.797333 0.000000
vt 6.100589 3.410061 0.000000
vt 5.954885 3.032482 0.000000
vt 5.781812 2.666639 0.000000
vt 5.582304 2.314514 0.000000
vt 5.357443 1.978013 0.000000
vt 2.392671 5.051897 0.000000
vt 5.108446 1.658957 0.000000
vt 4.836662 1.359076 0.000000
vt 4.543561 1.079992 0.000000
vt 2.357569 4.845750 0.000000
vt 4.230732 0.823217 0.000000
vt 3.899867 0.590142 0.000000
vt 2.294139 4.646487 0.000000
vt 3.552760 0.382027 0.000000
vt 2.203614 4.457983 0.000000
vt 3.191288 0.200000 0.000000
vt 2.087754 4.283899 0.000000
vt 1.948809 4.127620 0.000000
vt 1.948809 0.200000 0.000000
vt -2.200000 -3.605029 0.000000
vt -2.200000 -3.802442 0.000000
vt -0.100000 -3.605029 0.000000
vt -0.100000 -3.814313 0.000000
vt -2.200000 -3.999856 0.000000
vt -0.100000 -4.023597 0.000000
vt -2.200000 -4.197269 0.000000
vt -0.100000 -4.232881 0.000000
vt -2.200000 -4.394683 0.000000
vt -0.100000 -4.442165 0.000000
vt -2.200000 -4.592097 0.000000
vt -0.100000 -4.651449 0.000000
vt -2.200000 -4.789510 0.000000
vt -0.100000 -4.860734 0.000000
vt -2.200000 -4.986924 0.000000
vt -0.100000 -5.070018 0.000000
vt -2.200000 -5.184338 0.000000
vt -0.100000 -5.279302 0.000000
vt -2.200000 -5.381751 0.000000
vt -0.100000 -5.488586 0.000000
vt -2.200000 -5.579165 0.000000
vt -0.100000 -5.697870 0.000000
vt -2.200000 -5.776578 0.000000
vt -0.100000 -5.907154 0.000000
vt -2.200000 -5.973992 0.000000
vt -0.000000 -5.951713 0.000000
vt -0.000000 -5.973992 0.000000
vt -0.000000 -5.929433 0.000000
vt -0.000000 -5.907154 0.000000
vt 3.600000 2.200000 0.000000
vt 2.708353 2.200000 0.000000
vt 3.600000 0.100000 0.000000
vt 2.708353 0.100000 0.000000
vt 6.291647 2.200000 0.000000
vt 5.400000 2.200000 0.000000
vt 6.291647 0.100000 0.000000
vt 5.400000 0.100000 0.000000
vt 3.500000 0.000000 0.000000
vt 3.500000 2.200000 0.000000
vt 3.451191 0.100000 0.000000
vt 2.208712 2.200000 0.000000
vt 2.208712 0.100000 0.000000
vt 3.451191 0.000000 0.000000
vt 6.791288 0.100000 0.000000
vt 6.791288 2.200000 0.000000
vt 5.548809 0.100000 0.000000
vt 5.500000 2.200000 0.000000
vt 5.500000 0.000000 0.000000
vt 5.548809 0.000000 0.000000
vt -4.600000 17.183781 0.000000
vt -0.000000 17.567369 0.000000
vt -4.600000 17.592919 0.000000
vt -4.600000 -17.592919 0.000000
vt 0.000000 -17.618470 0.000000
vt -0.000000 -17.208144 0.000000
vt -4.600000 -17.183781 0.000000
vt -0.000000 -16.797818 0.000000
vt -4.600000 -16.774644 0.000000
vt -0.000000 -16.387491 0.000000
vt -4.600000 -16.365506 0.000000
vt -0.000000 -15.977165 0.000000
vt -4.600000 -15.956368 0.000000
vt -0.000000 -15.566839 0.000000
vt -4.600000 -15.547231 0.000000
vt -0.000000 -15.156513 0.000000
vt -4.600000 -15.138093 0.000000
vt -0.000000 -14.746187 0.000000
vt -4.600000 -14.728956 0.000000
vt -0.000000 -14.335861 0.000000
vt -4.600000 -14.319818 0.000000
vt -0.000000 -13.925535 0.000000
vt -4.600000 -13.910680 0.000000
vt -0.000000 -13.515209 0.000000
vt -4.600000 -13.501543 0.000000
vt -0.000000 -13.104883 0.000000
vt -4.600000 -13.092405 0.000000
vt -0.000000 -12.694557 0.000000
vt -4.600000 -12.683267 0.000000
vt -0.000000 -12.284231 0.000000
vt -4.600000 -12.274130 0.000000
vt -0.000000 -11.873905 0.000000
vt -4.600000 -11.864992 0.000000
vt -0.000000 -11.463579 0.000000
vt -4.600000 -11.455854 0.000000
vt -0.000000 -11.053253 0.000000
vt -4.600000 -11.046717 0.000000
vt -0.000000 -10.642927 0.000000
vt -4.600000 -10.637579 0.000000
vt -0.000000 -10.232601 0.000000
vt -4.600000 -10.228441 0.000000
vt -0.000000 -9.822275 0.000000
vt -4.600000 -9.819304 0.000000
vt -0.000000 -9.411949 0.000000
vt -4.600000 -9.410166 0.000000
vt -0.000000 -9.001623 0.000000
vt -4.600000 -9.001028 0.000000
vt -4.600000 -8.591891 0.000000
vt -0.000000 -8.591297 0.000000
vt -4.600000 -8.182753 0.000000
vt -0.000000 -8.180970 0.000000
vt -4.600000 -7.773615 0.000000
vt -0.000000 -7.770644 0.000000
vt -4.600000 -7.364478 0.000000
vt -0.000000 -7.360318 0.000000
vt -4.600000 -6.955340 0.000000
vt -0.000000 -6.949992 0.000000
vt -4.600000 -6.546202 0.000000
vt -0.000000 -6.539666 0.000000
vt -4.600000 -6.137065 0.000000
vt -0.000000 -6.129340 0.000000
vt -4.600000 -5.727927 0.000000
vt -0.000000 -5.719014 0.000000
vt -4.600000 -5.318789 0.000000
vt -0.000000 -5.308688 0.000000
vt -4.600000 -4.909652 0.000000
vt -0.000000 -4.898362 0.000000
vt -4.600000 -4.500514 0.000000
vt -0.000000 -4.488036 0.000000
vt -4.600000 -4.091377 0.000000
vt -0.000000 -4.077710 0.000000
vt -4.600000 -3.682239 0.000000
vt -0.000000 -3.667384 0.000000
vt -4.600000 -3.273101 0.000000
vt -0.000000 -3.257058 0.000000
vt -4.600000 -2.863964 0.000000
vt -0.000000 -2.846732 0.000000
vt -4.600000 -2.454826 0.000000
vt -0.000000 -2.436406 0.000000
vt -4.600000 -2.045688 0.000000
vt -0.000000 -2.026080 0.000000
vt -4.600000 -1.636551 0.000000
vt -0.000000 -1.615754 0.000000
vt -4.600000 -1.227413 0.000000
vt -0.000000 -1.205428 0.000000
vt -4.600000 -0.818275 0.000000
vt -0.000000 -0.795102 0.000000
vt -4.600000 -0.409138 0.000000
vt -0.000000 -0.384776 0.000000
vt -4.600000 0.000000 0.000000
vt -0.000000 0.025551 0.000000
vt -4.600000 0.409138 0.000000
vt -0.000000 0.435877 0.000000
vt -4.600000 0.818275 0.000000
vt -0.000000 0.846203 0.000000
vt -4.600000 1.227413 0.000000
vt -0.000000 1.256529 0.000000
vt -4.600000 1.636551 0.000000
vt -0.000000 1.666855 0.000000
vt -4.600000 2.045688 0.000000
vt -0.000000 2.077181 0.000000
vt -4.600000 2.454826 0.000000
vt -0.000000 2.487507 0.000000
vt -4.600000 2.863964 0.000000
vt -0.000000 2.897833 0.000000
vt -4.600000 3.273101 0.000000
vt -0.000000 3.308159 0.000000
vt -4.600000 3.682239 0.000000
vt -0.000000 3.718485 0.000000
vt -4.600000 4.091377 0.000000
vt -0.000000 4.128811 0.000000
vt -4.600000 4.500514 0.000000
vt -0.000000 4.539137 0.000000
vt -4.600000 4.909652 0.000000
vt -0.000000 4.949463 0.000000
vt -4.600000 5.318789 0.000000
vt -0.000000 5.359789 0.000000
vt -4.600000 5.727927 0.000000
vt -0.000000 5.770115 0.000000
vt -4.600000 6.137065 0.000000
vt -0.000000 6.180441 0.000000
vt -4.200000 6.180441 0.000000
vt -0.000000 17.157043 0.000000
vt -4.600000 16.774644 0.000000
vt -0.000000 16.746716 0.000000
vt -4.600000 16.365506 0.000000
vt -0.000000 16.336390 0.000000
vt -4.600000 15.956368 0.000000
vt -0.000000 15.926064 0.000000
vt -4.600000 15.547231 0.000000
vt -0.000000 15.515738 0.000000
vt -4.600000 15.138093 0.000000
vt -0.000000 15.105412 0.000000
vt -4.600000 14.728956 0.000000
vt -0.000000 14.695086 0.000000
vt -4.600000 14.319818 0.000000
vt -0.000000 14.284760 0.000000
vt -4.600000 13.910680 0.000000
vt -0.000000 13.874434 0.000000
vt -4.600000 13.501543 0.000000
vt -0.000000 13.464108 0.000000
vt -4.600000 13.092405 0.000000
vt -0.000000 13.053782 0.000000
vt -4.600000 12.683267 0.000000
vt -0.000000 12.643456 0.000000
vt -4.600000 12.274130 0.000000
vt -0.000000 12.233130 0.000000
vt -4.600000 11.864992 0.000000
vt -0.000000 11.822804 0.000000
vt -4.600000 11.455854 0.000000
vt -0.000000 11.412478 0.000000
vt -4.200000 11.412478 0.000000
vt -4.200000 11.335273 0.000000
vt -4.200000 11.258067 0.000000
vt -4.600000 11.046717 0.000000
vt -4.200000 11.180862 0.000000
vt -0.100000 11.180862 0.000000
vt -0.100000 10.783462 0.000000
vt -4.600000 10.637579 0.000000
vt -0.100000 10.386061 0.000000
vt -4.600000 10.228441 0.000000
vt -0.100000 9.988661 0.000000
vt -4.600000 9.819304 0.000000
vt -0.200000 9.700380 0.000000
vt -2.000000 9.700380 0.000000
vt -4.600000 9.410166 0.000000
vt -2.000000 9.338812 0.000000
vt -4.600000 9.001028 0.000000
vt -2.000000 8.977244 0.000000
vt -4.600000 8.591891 0.000000
vt -2.000000 8.615676 0.000000
vt -2.000000 8.254107 0.000000
vt -4.600000 8.182753 0.000000
vt -2.000000 7.892539 0.000000
vt -4.600000 7.773615 0.000000
vt -0.200000 7.892539 0.000000
vt -0.100000 7.604258 0.000000
vt -0.100000 8.001659 0.000000
vt -4.600000 7.364478 0.000000
vt -0.100000 7.206858 0.000000
vt -4.600000 6.955340 0.000000
vt -0.100000 6.809457 0.000000
vt -4.600000 6.546202 0.000000
vt -0.100000 6.412057 0.000000
vt -4.200000 6.412057 0.000000
vt -4.200000 6.334852 0.000000
vt -4.200000 6.257646 0.000000
vt -0.100000 9.591260 0.000000
vt -0.200000 9.338812 0.000000
vt -0.100000 9.193860 0.000000
vt -0.200000 8.977244 0.000000
vt -0.100000 8.796460 0.000000
vt -0.200000 8.615676 0.000000
vt -0.100000 8.399059 0.000000
vt -0.200000 8.254107 0.000000
vt -1.000000 5.037068 0.000000
vt -4.500000 15.037068 0.000000
vt -1.048809 5.037068 0.000000
vt -2.521904 5.037068 0.000000
vt -1.048809 1.109449 0.000000
vt -2.881172 4.839031 0.000000
vt -3.224978 4.615224 0.000000
vt -1.000000 1.155102 0.000000
vt 1.000000 1.155102 0.000000
vt 1.000000 5.037068 0.000000
vt 4.500000 15.037068 0.000000
vt 1.048809 5.037068 0.000000
vt 2.521904 5.037068 0.000000
vt 1.048809 1.109449 0.000000
vt 2.881172 4.839031 0.000000
vt 3.224978 4.615224 0.000000
vt 3.551478 4.366849 0.000000
vt 3.858919 4.095239 0.000000
vt 4.145651 3.801850 0.000000
vt 4.410135 3.488258 0.000000
vt 4.650953 3.156145 0.000000
vt 4.866811 2.807293 0.000000
vt 5.056552 2.443576 0.000000
vt 5.219158 2.066944 0.000000
vt 5.353754 1.679418 0.000000
vt 5.459621 1.283080 0.000000
vt 5.536188 0.880054 0.000000
vt 5.583045 0.472505 0.000000
vt 5.599942 0.062618 0.000000
vt 5.586786 -0.347405 0.000000
vt 5.543650 -0.755365 0.000000
vt 5.470763 -1.159072 0.000000
vt 5.368518 -1.556361 0.000000
vt 5.237463 -1.945098 0.000000
vt 5.078301 -2.323198 0.000000
vt 4.891887 -2.688632 0.000000
vt 4.679221 -3.039439 0.000000
vt 4.441444 -3.373735 0.000000
vt 1.048809 -1.035313 0.000000
vt 4.179832 -3.689728 0.000000
vt 3.895789 -3.985721 0.000000
vt 3.590840 -4.260126 0.000000
vt 1.048809 -1.162932 0.000000
vt 3.266620 -4.511470 0.000000
vt 2.924870 -4.738404 0.000000
vt 2.567424 -4.939711 0.000000
vt 2.196201 -5.114311 0.000000
vt 1.813191 -5.261266 0.000000
vt 1.420451 -5.379787 0.000000
vt 1.020088 -5.469239 0.000000
vt 0.900000 -1.162932 0.000000
vt 0.614251 -5.529142 0.000000
vt 0.205117 -5.559174 0.000000
vt -0.900000 -1.162932 0.000000
vt -0.205117 -5.559174 0.000000
vt -0.614251 -5.529142 0.000000
vt -1.020088 -5.469239 0.000000
vt -1.048809 -1.162932 0.000000
vt -1.420451 -5.379787 0.000000
vt -1.813191 -5.261266 0.000000
vt -2.196201 -5.114311 0.000000
vt -2.567424 -4.939711 0.000000
vt -2.924870 -4.738404 0.000000
vt -3.266620 -4.511470 0.000000
vt -3.590840 -4.260126 0.000000
vt -1.048809 -1.035313 0.000000
vt -3.895789 -3.985721 0.000000
vt -4.179832 -3.689728 0.000000
vt -4.441444 -3.373735 0.000000
vt -4.679221 -3.039439 0.000000
vt -4.891887 -2.688632 0.000000
vt -5.078301 -2.323198 0.000000
vt -5.237463 -1.945098 0.000000
vt -5.368518 -1.556361 0.000000
vt -5.470763 -1.159072 0.000000
vt -5.543650 -0.755365 0.000000
vt -5.586786 -0.347405 0.000000
vt -5.599942 0.062618 0.000000
vt -5.583045 0.472505 0.000000
vt -5.536188 0.880054 0.000000
vt -5.459621 1.283080 0.000000
vt -5.353754 1.679418 0.000000
vt -5.219158 2.066944 0.000000
vt -5.056552 2.443576 0.000000
vt -4.866811 2.807293 0.000000
vt -4.650953 3.156145 0.000000
vt -4.410135 3.488258 0.000000
vt -4.145651 3.801850 0.000000
vt -3.858919 4.095239 0.000000
vt -3.551478 4.366849 0.000000
vt -1.016495 1.140126 0.000000
vt -1.001077 -1.080002 0.000000
vt -0.951442 -1.122569 0.000000
vt -1.032766 1.124907 0.000000
vt 0.951442 -1.122569 0.000000
vt 1.001077 -1.080002 0.000000
vt 1.016495 1.140126 0.000000
vt 1.032766 1.124907 0.000000
vt 4.500000 5.037068 0.000000
vt 5.000000 5.537068 0.000000
vt 5.000000 14.537068 0.000000
vt 4.611260 15.024532 0.000000
vt 4.716942 14.987553 0.000000
vt 4.811745 14.927984 0.000000
vt 4.890916 14.848813 0.000000
vt 4.950484 14.754010 0.000000
vt 4.987464 14.648329 0.000000
vt 4.611260 5.049604 0.000000
vt 4.716942 5.086584 0.000000
vt 4.811745 5.146152 0.000000
vt 4.890916 5.225323 0.000000
vt 4.950484 5.320126 0.000000
vt 4.987464 5.425808 0.000000
vt -5.000000 14.537068 0.000000
vt -4.611261 15.024532 0.000000
vt -4.716942 14.987553 0.000000
vt -4.811745 14.927984 0.000000
vt -4.890916 14.848813 0.000000
vt -4.950485 14.754010 0.000000
vt -4.987464 14.648329 0.000000
vt -5.000000 5.537068 0.000000
vt -4.500000 5.037068 0.000000
vt -4.611261 5.049604 0.000000
vt -4.716942 5.086584 0.000000
vt -4.811745 5.146152 0.000000
vt -4.890916 5.225323 0.000000
vt -4.950485 5.320126 0.000000
vt -4.987464 5.425808 0.000000
vt 1.791647 -4.800000 0.000000
vt 1.403702 -4.682142 0.000000
vt 0.900000 -4.800000 0.000000
vt 1.008129 -4.593183 0.000000
vt 0.607077 -4.533607 0.000000
vt 0.202726 -4.503738 0.000000
vt 0.900000 -8.927620 0.000000
vt -0.202726 -4.503738 0.000000
vt -0.900000 -8.927620 0.000000
vt -0.900000 -4.800000 0.000000
vt -0.607077 -4.533607 0.000000
vt -1.008129 -4.593183 0.000000
vt -1.403702 -4.682142 0.000000
vt -1.791647 -4.800000 0.000000
vt -1.044321 -9.067587 0.000000
vt -0.921704 -11.053784 0.000000
vt -0.761264 -11.174937 0.000000
vt -0.585124 -11.271861 0.000000
vt -1.063138 -10.910900 0.000000
vt -1.167105 -9.226783 0.000000
vt -1.182647 -10.749231 0.000000
vt -1.265822 -9.401924 0.000000
vt -1.277767 -10.572111 0.000000
vt -1.338434 -9.589398 0.000000
vt -1.346538 -10.383193 0.000000
vt -1.383445 -9.785340 0.000000
vt -1.387539 -10.186373 0.000000
vt -1.399927 -9.985709 0.000000
vt -0.396918 -11.342556 0.000000
vt -0.200527 -11.385565 0.000000
vt -0.000000 -11.400000 0.000000
vt 0.200527 -11.385565 0.000000
vt 0.396918 -11.342556 0.000000
vt 0.585124 -11.271861 0.000000
vt 0.761264 -11.174937 0.000000
vt 0.921704 -11.053784 0.000000
vt 1.044321 -9.067587 0.000000
vt 1.063138 -10.910900 0.000000
vt 1.167105 -9.226783 0.000000
vt 1.182647 -10.749231 0.000000
vt 1.265822 -9.401924 0.000000
vt 1.277767 -10.572111 0.000000
vt 1.338434 -9.589398 0.000000
vt 1.346537 -10.383193 0.000000
vt 1.383445 -9.785340 0.000000
vt 1.387539 -10.186373 0.000000
vt 1.399927 -9.985709 0.000000
vt 6.813007 0.100000 0.000000
vt 9.000000 0.100000 0.000000
vt 6.813007 4.200000 0.000000
vt 9.000000 4.200000 0.000000
vt 7.021904 0.000000 0.000000
vt 9.000000 0.000000 0.000000
vt 7.021904 4.200000 0.000000
vt 9.000000 4.200000 0.000000
vt 0.000000 0.000000 0.000000
vt 1.978096 0.000000 0.000000
vt 0.000000 2.200000 0.000000
vt 1.978096 4.200000 0.000000
vt -0.000000 4.200000 0.000000
vt 9.000000 0.000000 0.000000
vt 9.000000 2.000000 0.000000
vt 0.000000 0.000000 0.000000
vt 0.000000 2.000000 0.000000
vt -2.000000 0.000000 0.000000
vt -0.000000 0.000000 0.000000
vt -2.000000 0.112200 0.000000
vt -0.000000 0.112200 0.000000
vt -2.000000 0.224399 0.000000
vt -0.000000 0.224400 0.000000
vt -2.000000 0.336599 0.000000
vt -0.000000 0.336599 0.000000
vt -2.000000 0.448799 0.000000
vt -0.000000 0.448799 0.000000
vt -2.000000 0.560999 0.000000
vt -0.000000 0.560999 0.000000
vt -2.000000 0.673198 0.000000
vt -0.000000 0.673198 0.000000
vt -2.000000 0.785398 0.000000
vt -0.000000 0.785398 0.000000
vt -0.000000 -0.000000 0.000000
vt -0.000000 0.112200 0.000000
vt -2.000000 0.000000 0.000000
vt -2.000000 0.112200 0.000000
vt -0.000000 0.224399 0.000000
vt -2.000000 0.224399 0.000000
vt -2.000000 0.336599 0.000000
vt -0.000000 0.336599 0.000000
vt -2.000000 0.448799 0.000000
vt -0.000000 0.448799 0.000000
vt -2.000000 0.560999 0.000000
vt -0.000000 0.560999 0.000000
vt -2.000000 0.673198 0.000000
vt -0.000000 0.673199 0.000000
vt -2.000000 0.785398 0.000000
vt -0.000000 0.785398 0.000000
vt -0.000000 -6.072381 0.000000
vt 0.100000 -6.072381 0.000000
vt -0.000000 -2.144761 0.000000
vt 0.100000 -2.144761 0.000000
vt 0.000000 0.127619 0.000000
vt 0.000000 0.017850 0.000000
vt 0.100000 0.127619 0.000000
vt 0.100000 0.000000 0.000000
vt -0.000000 0.000000 0.000000
vt 0.000000 -6.072381 0.000000
vt 0.100000 -6.072381 0.000000
vt 0.000000 -2.144761 0.000000
vt 0.100000 -2.144761 0.000000
vt 0.100000 0.127619 0.000000
vt 0.000000 0.127619 0.000000
vt 0.100000 0.017850 0.000000
vt 0.000000 0.000000 0.000000
vt 0.100000 0.000000 0.000000
vt 0.000000 -1.948809 0.000000
vt 0.100000 -1.948809 0.000000
vt 0.000000 -1.800000 0.000000
vt 0.100000 -1.800000 0.000000
vt -0.000000 0.785398 0.000000
vt -2.200000 0.785398 0.000000
vt -0.000000 0.673198 0.000000
vt -2.200000 0.673198 0.000000
vt -0.000000 0.560999 0.000000
vt -2.200000 0.560999 0.000000
vt -0.000000 0.448799 0.000000
vt -2.200000 0.448799 0.000000
vt -0.000000 0.336599 0.000000
vt -2.200000 0.336599 0.000000
vt -0.000000 0.224399 0.000000
vt -2.200000 0.224399 0.000000
vt -0.000000 0.112200 0.000000
vt -2.200000 0.112200 0.000000
vt -0.000000 0.000000 0.000000
vt -2.200000 0.000000 0.000000
vt -2.200000 -1.207388 0.000000
vt -0.000000 -1.260158 0.000000
vt -0.100000 -1.207388 0.000000
vt -0.000000 -1.194765 0.000000
vt -0.100000 -1.203181 0.000000
vt -0.100000 -1.198973 0.000000
vt -0.100000 -1.194765 0.000000
vt -0.000000 -1.325550 0.000000
vt -2.200000 -1.416262 0.000000
vt -0.100000 -1.390943 0.000000
vt -0.100000 -1.583993 0.000000
vt -2.200000 -1.625136 0.000000
vt -0.100000 -1.777043 0.000000
vt -2.200000 -1.834010 0.000000
vt -0.100000 -1.970094 0.000000
vt -2.200000 -2.042884 0.000000
vt -0.100000 -2.163144 0.000000
vt -2.200000 -2.251758 0.000000
vt -0.100000 -2.356194 0.000000
vt -2.200000 -2.460631 0.000000
vt -0.100000 -2.549245 0.000000
vt -2.200000 -2.669505 0.000000
vt -0.100000 -2.742295 0.000000
vt -2.200000 -2.878379 0.000000
vt -0.100000 -2.935345 0.000000
vt -2.200000 -3.087253 0.000000
vt -0.100000 -3.128396 0.000000
vt -2.200000 -3.296127 0.000000
vt -0.100000 -3.321446 0.000000
vt -0.000000 -3.386839 0.000000
vt -0.000000 -3.321446 0.000000
vt -2.200000 -3.505001 0.000000
vt -0.000000 -3.452231 0.000000
vt -0.100000 -3.505001 0.000000
vt -0.000000 -3.517624 0.000000
vt -0.100000 -3.509208 0.000000
vt -0.100000 -3.513416 0.000000
vt -0.100000 -3.517624 0.000000
vt -0.000000 -1.390943 0.000000
vt 2.200000 1.221603 0.000000
vt 0.100000 1.221603 0.000000
vt 2.200000 1.020385 0.000000
vt 0.100000 1.020385 0.000000
vt 2.200000 0.819166 0.000000
vt 0.100000 0.819166 0.000000
vt 2.200000 0.617947 0.000000
vt 0.100000 0.617947 0.000000
vt 2.200000 0.416728 0.000000
vt 0.100000 0.416728 0.000000
vt 2.200000 0.215510 0.000000
vt 0.100000 0.215510 0.000000
vt 2.200000 0.014291 0.000000
vt 0.100000 0.014291 0.000000
vt 2.200000 -0.186928 0.000000
vt 0.100000 -0.186928 0.000000
vt 2.200000 -0.388146 0.000000
vt 0.100000 -0.388146 0.000000
vt 2.200000 -0.589365 0.000000
vt 0.100000 -0.589365 0.000000
vt 2.200000 -0.790584 0.000000
vt 0.100000 -0.790584 0.000000
vt 2.200000 -0.991803 0.000000
vt 0.100000 -0.991803 0.000000
vt 2.200000 -1.193021 0.000000
vt 0.100000 -1.193021 0.000000
vt 2.200000 -1.394240 0.000000
vt 0.100000 -1.394240 0.000000
vt 2.200000 -1.595459 0.000000
vt 0.100000 -1.595459 0.000000
vt 2.200000 -1.796677 0.000000
vt 0.100000 -1.796677 0.000000
vt 2.200000 -1.997896 0.000000
vt 0.100000 -1.997896 0.000000
vt 2.200000 -2.199115 0.000000
vt 0.100000 -2.199115 0.000000
vt 2.200000 -2.400334 0.000000
vt 0.100000 -2.400334 0.000000
vt 2.200000 -2.601552 0.000000
vt 0.100000 -2.601552 0.000000
vt 2.200000 -2.802771 0.000000
vt 0.100000 -2.802771 0.000000
vt 2.200000 -3.003990 0.000000
vt 0.100000 -3.003990 0.000000
vt 2.200000 -3.205208 0.000000
vt 0.100000 -3.205208 0.000000
vt 2.200000 -3.406427 0.000000
vt 0.100000 -3.406427 0.000000
vt 2.200000 -3.607646 0.000000
vt 0.100000 -3.607646 0.000000
vt 2.200000 -3.808865 0.000000
vt 0.100000 -3.808865 0.000000
vt 2.200000 -4.010083 0.000000
vt 0.100000 -4.010083 0.000000
vt 2.200000 -4.211302 0.000000
vt 0.100000 -4.211302 0.000000
vt 2.200000 -4.412521 0.000000
vt 0.100000 -4.412521 0.000000
vt 2.200000 -4.613739 0.000000
vt 0.100000 -4.613739 0.000000
vt 2.200000 -4.814958 0.000000
vt 0.100000 -4.814958 0.000000
vt 2.200000 -5.016177 0.000000
vt 0.100000 -5.016177 0.000000
vt 2.200000 -5.217396 0.000000
vt 0.100000 -5.217396 0.000000
vt 2.200000 -5.418614 0.000000
vt 0.100000 -5.418614 0.000000
vt 2.200000 -5.619833 0.000000
vt 0.100000 -5.619833 0.000000
vt 0.100000 0.148809 0.000000
vt 0.000000 0.148809 0.000000
vt 0.100000 0.000000 0.000000
vt 0.000000 0.000000 0.000000
vt 4.127620 0.100000 0.000000
vt 1.727620 0.500000 0.000000
vt 0.000000 0.100000 0.000000
vt 1.727620 1.500000 0.000000
vt -0.000000 2.200000 0.000000
vt 4.127620 2.200000 0.000000
vt 3.727620 1.500000 0.000000
vt 3.727620 0.500000 0.000000
vt 4.200000 0.628319 0.000000
vt 0.100000 0.628319 0.000000
vt 2.150000 0.523599 0.000000
vt 0.100000 0.523599 0.000000
vt 2.150000 0.418879 0.000000
vt 0.100000 0.418879 0.000000
vt 2.150000 0.314159 0.000000
vt 0.100000 0.314159 0.000000
vt 2.150000 0.209440 0.000000
vt 0.100000 0.209440 0.000000
vt 2.150000 0.104720 0.000000
vt 0.100000 0.104720 0.000000
vt 0.100000 -0.000000 0.000000
vt 4.200000 -0.000000 0.000000
vt 4.200000 0.104720 0.000000
vt 4.200000 0.209440 0.000000
vt 4.200000 0.314159 0.000000
vt 4.200000 0.418879 0.000000
vt 4.200000 0.523599 0.000000
vt 0.000000 0.100000 0.000000
vt 9.000000 0.100000 0.000000
vt 0.000000 4.200000 0.000000
vt 9.000000 4.200000 0.000000
vt 4.200000 0.628319 0.000000
vt 0.100000 0.628319 0.000000
vt 2.150000 0.523599 0.000000
vt 0.100000 0.523599 0.000000
vt 2.150000 0.418879 0.000000
vt 0.100000 0.418879 0.000000
vt 2.150000 0.314159 0.000000
vt 0.100000 0.314159 0.000000
vt 2.150000 0.209440 0.000000
vt 0.100000 0.209440 0.000000
vt 2.150000 0.104720 0.000000
vt 0.100000 0.104720 0.000000
vt 0.100000 -0.000000 0.000000
vt 2.200000 -0.000000 0.000000
vt 4.200000 0.104720 0.000000
vt 4.200000 0.209440 0.000000
vt 4.200000 0.314159 0.000000
vt 4.200000 0.418879 0.000000
vt 4.200000 0.523599 0.000000
vt 4.200000 0.000000 0.000000
vt 0.000000 0.100000 0.000000
vt 9.000000 0.100000 0.000000
vt 0.000000 2.200000 0.000000
vt 9.000000 2.200000 0.000000
vt 2.200000 0.628319 0.000000
vt 0.100000 0.628319 0.000000
vt 2.150000 0.523599 0.000000
vt 0.100000 0.523599 0.000000
vt 2.150000 0.418879 0.000000
vt 0.100000 0.418879 0.000000
vt 2.150000 0.314159 0.000000
vt 0.100000 0.314159 0.000000
vt 2.150000 0.209440 0.000000
vt 0.100000 0.209440 0.000000
vt 2.150000 0.104720 0.000000
vt 0.100000 0.104720 0.000000
vt 0.100000 0.000000 0.000000
vt 4.200000 0.000000 0.000000
vt 4.200000 0.104720 0.000000
vt 4.200000 0.209440 0.000000
vt 4.200000 0.314159 0.000000
vt 4.200000 0.418879 0.000000
vt 4.200000 0.523599 0.000000
vt 4.200000 0.628319 0.000000
vt -0.000000 1.900000 0.000000
vt -1.000000 1.900000 0.000000
vt -0.000000 1.800000 0.000000
vt -1.000000 1.800000 0.000000
vt -1.000000 -0.100000 0.000000
vt 0.000000 -0.100000 0.000000
vt -1.000000 0.000000 0.000000
vt -0.000000 0.000000 0.000000
vt 0.000000 1.900000 0.000000
vt -2.000000 1.900000 0.000000
vt 0.000000 1.800000 0.000000
vt -2.000000 1.800000 0.000000
vt -0.000000 1.900000 0.000000
vt -2.000000 1.900000 0.000000
vt -0.000000 1.800000 0.000000
vt -2.000000 1.800000 0.000000
vt -2.000000 -0.100000 0.000000
vt 0.000000 -0.100000 0.000000
vt -2.000000 0.000000 0.000000
vt -0.000000 0.000000 0.000000
vt 0.000000 1.900000 0.000000
vt -1.000000 1.900000 0.000000
vt 0.000000 1.800000 0.000000
vt -1.000000 1.800000 0.000000
vt -1.000000 -0.100000 0.000000
vt -0.000000 -0.100000 0.000000
vt -1.000000 0.000000 0.000000
vt -0.000000 0.000000 0.000000
vt -2.000000 -0.100000 0.000000
vt -0.000000 -0.100000 0.000000
vt -2.000000 0.000000 0.000000
vt -0.000000 0.000000 0.000000
vt 9.000000 0.000000 0.000000
vt 9.000000 2.200000 0.000000
vt 0.000000 0.000000 0.000000
vt -0.000000 4.200000 0.000000
vt 9.000000 4.200000 0.000000
vt -4.200000 0.000000 0.000000
vt -0.000000 0.000000 0.000000
vt -2.100000 0.112200 0.000000
vt -0.000000 0.112200 0.000000
vt -2.100000 0.224399 0.000000
vt -0.000000 0.224399 0.000000
vt -2.100000 0.336599 0.000000
vt -0.000000 0.336599 0.000000
vt -2.100000 0.448799 0.000000
vt -0.000000 0.448799 0.000000
vt -2.100000 0.560999 0.000000
vt -0.000000 0.560999 0.000000
vt -2.100000 0.673198 0.000000
vt -0.000000 0.673198 0.000000
vt -0.000000 0.785398 0.000000
vt -4.200000 0.785398 0.000000
vt -4.200000 0.673198 0.000000
vt -4.200000 0.560999 0.000000
vt -4.200000 0.448799 0.000000
vt -4.200000 0.336599 0.000000
vt -4.200000 0.224399 0.000000
vt -4.200000 0.112200 0.000000
vt 0.000000 0.000000 0.000000
vt 9.000000 0.000000 0.000000
vt 0.000000 4.200000 0.000000
vt 9.000000 4.200000 0.000000
vt -0.000000 0.673198 0.000000
vt -0.000000 0.785398 0.000000
vt -2.100000 0.673198 0.000000
vt -4.200000 0.785398 0.000000
vt -4.200000 0.673198 0.000000
vt -2.100000 0.560999 0.000000
vt -4.200000 0.560999 0.000000
vt -2.100000 0.448799 0.000000
vt -4.200000 0.448799 0.000000
vt -2.100000 0.336599 0.000000
vt -4.200000 0.336599 0.000000
vt -2.100000 0.224399 0.000000
vt -4.200000 0.224399 0.000000
vt -2.100000 0.112200 0.000000
vt -4.200000 0.112200 0.000000
vt -4.200000 0.000000 0.000000
vt -0.000000 0.000000 0.000000
vt -0.000000 0.112200 0.000000
vt -0.000000 0.224399 0.000000
vt -0.000000 0.336599 0.000000
vt -0.000000 0.448799 0.000000
vt -0.000000 0.560999 0.000000
vt 0.000000 0.000000 0.000000
vt 9.000000 0.000000 0.000000
vt 0.000000 2.200000 0.000000
vt 9.000000 2.200000 0.000000
vt 9.000000 4.200000 0.000000
vt -0.000000 4.200000 0.000000
vt -2.200000 0.000000 0.000000
vt -0.000000 0.000000 0.000000
vt -2.200000 0.112200 0.000000
vt -0.000000 0.112200 0.000000
vt -2.200000 0.224399 0.000000
vt -0.000000 0.224399 0.000000
vt -2.200000 0.336599 0.000000
vt -0.000000 0.336599 0.000000
vt -2.200000 0.448799 0.000000
vt -0.000000 0.448799 0.000000
vt -2.200000 0.560999 0.000000
vt -0.000000 0.560999 0.000000
vt -2.200000 0.673198 0.000000
vt -0.000000 0.673198 0.000000
vt -2.200000 0.785398 0.000000
vt -0.000000 0.785398 0.000000
vt 3.681966 0.500000 0.000000
vt 3.881966 0.000000 0.000000
vt 3.681966 1.500000 0.000000
vt 3.881966 2.200000 0.000000
vt 1.681966 1.500000 0.000000
vt 0.000000 2.200000 0.000000
vt 0.000000 0.000000 0.000000
vt 1.681966 0.500000 0.000000
vt 4.353484 0.100000 0.000000
vt 2.625864 0.500000 0.000000
vt 0.225864 0.100000 0.000000
vt 0.625864 0.500000 0.000000
vt 0.625864 1.500000 0.000000
vt 2.625864 1.500000 0.000000
vt 4.353484 2.200000 0.000000
vt 0.225864 2.200000 0.000000
vt 2.506600 0.500000 0.000000
vt 0.506600 0.500000 0.000000
vt 0.306600 0.000000 0.000000
vt 0.506600 1.500000 0.000000
vt 0.306600 2.200000 0.000000
vt 2.506600 1.500000 0.000000
vt 4.188566 2.200000 0.000000
vt 4.188566 0.000000 0.000000
vn 0.000000 0.000000 0.100000
vn 0.000000 0.000000 0.100000
vn 0.000000 0.000000 0.100000
vn 0.000000 0.000000 0.100000
vn 0.000000 0.000000 0.100000
vn 0.000000 0.000000 0.100000
vn 0.000000 0.000000 0.100000
vn 0.000000 0.000000 0.100000
vn 0.000000 0.000000 0.100000
vn 0.000000 0.000000 0.100000
vn 0.000000 0.000000 0.100000
vn 0.000000 0.000000 0.100000
vn 0.000000 0.000000 0.100000
vn 0.000000 0.000000 0.100000
vn 0.000000 0.000000 0.100000
vn 0.000000 0.000000 0.100000
vn 0.000000 0.000000 0.100000
vn 0.000000 0.000000 0.100000
vn 0.000000 0.000000 0.100000
vn 0.000000 0.000000 0.100000
vn 0.000000 0.000000 0.100000
vn 0.000000 0.000000 0.100000
vn 0.000000 0.000000 0.100000
vn 0.000000 0.000000 0.100000
vn 0.000000 0.000000 0.100000
vn 0.000000 0.000000 0.100000
vn 0.000000 0.000000 0.100000
vn 0.000000 0.000000 0.100000
vn 0.000000 0.000000 0.100000
vn 0.000000 0.000000 0.100000
vn 0.000000 0.000000 0.100000
vn 0.000000 0.000000 0.100000
vn 0.000000 0.000000 0.100000
vn 0.000000 0.000000 0.100000
vn 0.000000 0.000000 0.100000
vn 0.000000 0.000000 0.100000
vn 0.000000 0.000000 0.100000
vn 0.000000 0.000000 0.100000
vn 0.000000 0.000000 0.100000
vn 0.000000 0.000000 0.100000
vn 0.000000 0.000000 0.100000
vn 0.000000 0.000000 0.100000
vn 0.000000 0.000000 0.100000
vn 0.000000 0.000000 0.100000
vn 0.000000 0.000000 0.100000
vn 0.000000 0.000000 0.100000
vn 0.000000 0.000000 0.100000
vn 0.000000 0.000000 0.100000
vn 0.000000 0.000000 0.100000
vn 0.000000 0.000000 0.100000
vn 0.000000 0.000000 0.100000
vn 0.000000 0.000000 0.100000
vn 0.000000 0.000000 0.100000
vn 0.000000 0.000000 0.100000
vn 0.000000 0.000000 0.100000
vn 0.000000 0.000000 0.100000
vn 0.000000 0.000000 0.100000
vn 0.000000 0.000000 0.100000
vn 0.000000 0.000000 0.100000
vn 0.000000 0.000000 0.100000
vn 0.000000 0.000000 0.100000
vn 0.000000 0.000000 0.100000
vn 0.000000 0.000000 0.100000
vn 0.000000 0.000000 0.100000
vn 0.000000 0.000000 0.100000
vn 0.000000 0.000000 0.100000
vn 0.000000 0.000000 0.100000
vn 0.000000 0.000000 0.100000
vn 0.000000 0.000000 0.100000
vn 0.000000 0.000000 0.100000
vn 0.000000 0.000000 0.100000
vn 0.000000 0.000000 0.100000
vn 0.000000 0.000000 0.100000
vn 0.000000 0.000000 0.100000
vn 0.000000 0.000000 0.100000
vn 0.000000 0.000000 0.100000
vn 0.000000 0.000000 0.100000
vn 0.000000 0.000000 0.100000
vn 0.000000 0.000000 0.100000
vn 0.000000 0.000000 0.100000
vn 0.000000 0.000000 0.100000
vn 0.000000 0.000000 0.100000
vn 0.000000 0.000000 0.100000
vn 0.000000 0.000000 0.100000
vn 0.000000 0.000000 0.100000
vn 0.000000 0.000000 0.100000
vn 0.000000 0.000000 0.100000
vn 0.000000 0.000000 0.100000
vn 0.000000 0.000000 0.100000
vn 0.000000 0.000000 0.100000
vn 0.000000 0.000000 0.100000
vn 0.000000 0.000000 0.100000
vn 0.000000 0.000000 0.100000
vn 0.000000 0.000000 0.100000
vn 0.000000 0.000000 0.100000
vn 0.000000 0.000000 0.100000
vn 0.000000 0.000000 0.100000
vn 0.000000 0.000000 0.100000
vn 0.000000 0.000000 0.100000
vn 0.000000 0.000000 0.100000
vn 0.000000 0.000000 0.100000
vn 0.000000 0.000000 0.100000
vn 0.000000 0.000000 0.100000
vn 0.000000 0.000000 0.100000
vn 0.000000 0.000000 0.100000
vn 0.000000 0.000000 0.100000
vn 0.000000 0.000000 0.100000
vn 0.000000 0.000000 0.100000
vn 0.000000 0.000000 0.100000
vn 0.000000 0.000000 0.100000
vn 0.000000 0.000000 0.100000
vn 0.000000 0.000000 0.100000
vn 0.000000 0.000000 0.100000
vn 0.000000 0.000000 0.100000
vn 0.000000 0.000000 0.100000
vn 0.000000 0.000000 0.100000
vn 0.000000 0.000000 0.100000
vn 0.000000 0.000000 0.100000
vn 0.000000 0.000000 0.100000
vn 0.000000 0.000000 0.100000
vn 0.000000 0.000000 0.100000
vn 0.000000 0.000000 0.100000
vn 0.000000 0.000000 0.100000
vn 0.000000 0.000000 0.100000
vn 0.000000 0.000000 0.100000
vn 0.000000 0.000000 0.100000
vn 0.000000 0.000000 0.100000
vn 0.000000 0.000000 0.100000
vn 0.000000 0.000000 0.100000
vn 0.000000 0.000000 0.100000
vn 0.000000 0.000000 0.100000
vn 0.000000 0.000000 0.100000
vn 0.000000 0.000000 0.100000
vn 0.000000 0.000000 0.100000
vn 0.000000 0.000000 0.100000
vn 0.000000 0.000000 0.100000
vn 0.000000 0.000000 0.100000
vn 0.000000 0.000000 0.100000
vn 0.000000 0.000000 0.100000
vn 0.000000 0.000000 0.100000
vn 0.000000 0.000000 0.100000
vn 0.000000 0.000000 0.100000
vn 0.000000 0.000000 0.100000
vn 0.000000 0.000000 0.100000
vn 0.000000 0.000000 0.100000
vn 0.000000 0.000000 0.100000
vn 0.000000 0.000000 0.100000
vn 0.000000 0.000000 0.100000
vn 0.000000 0.000000 0.100000
vn 0.000000 0.000000 0.100000
vn 0.000000 0.000000 0.100000
vn 0.000000 0.000000 0.100000
vn 0.000000 0.000000 0.100000
vn 0.000000 0.000000 0.100000
vn 0.000000 0.000000 0.100000
vn 0.000000 0.000000 0.100000
vn 0.000000 0.000000 0.100000
vn 0.000000 0.000000 0.100000
vn 0.000000 0.000000 0.100000
vn 0.000000 0.000000 0.100000
vn 0.000000 0.000000 0.100000
vn 0.000000 0.000000 0.100000
vn 0.000000 0.000000 0.100000
vn 0.000000 0.000000 0.100000
vn 0.000000 0.000000 0.100000
vn 0.000000 0.000000 0.100000
vn 0.000000 0.000000 0.100000
vn 0.000000 0.000000 0.100000
vn 0.000000 0.000000 0.100000
vn 0.000000 0.000000 0.100000
vn 0.000000 0.000000 0.100000
vn -0.096593 0.025882 0.000000
vn -0.096593 0.025882 0.000000
vn -0.100000 0.000000 0.000000
vn -0.096593 0.025882 0.000000
vn -0.100000 0.000000 0.000000
vn -0.096593 0.025882 0.000000
vn -0.086603 0.050000 0.000000
vn -0.086603 0.050000 0.000000
vn -0.070711 0.070711 0.000000
vn -0.070711 0.070711 0.000000
vn -0.050000 0.086603 0.000000
vn -0.050000 0.086603 0.000000
vn -0.025882 0.096593 0.000000
vn -0.025882 0.096593 0.000000
vn 0.000000 0.100000 0.000000
vn -0.025882 0.096593 0.000000
vn 0.000000 0.100000 0.000000
vn -0.025882 0.096593 0.000000
vn -0.050000 0.086603 0.000000
vn -0.050000 0.086603 0.000000
vn -0.070711 0.070711 0.000000
vn -0.070711 0.070711 0.000000
vn -0.086603 0.050000 0.000000
vn -0.086603 0.050000 0.000000
vn 0.000000 0.000000 0.100000
vn 0.000000 0.000000 0.100000
vn 0.000000 0.000000 0.100000
vn 0.000000 0.000000 0.100000
vn 0.000000 0.000000 0.100000
vn 0.000000 0.000000 0.100000
vn 0.000000 0.000000 0.100000
vn 0.000000 0.000000 0.100000
vn 0.000000 0.000000 0.100000
vn 0.000000 0.000000 0.100000
vn 0.000000 0.000000 0.100000
vn 0.000000 0.000000 0.100000
vn 0.000000 0.000000 0.100000
vn 0.000000 0.000000 0.100000
vn 0.000000 0.000000 0.100000
vn 0.000000 0.000000 0.100000
vn 0.000000 0.000000 0.100000
vn 0.000000 0.000000 0.100000
vn 0.000000 0.000000 0.100000
vn 0.000000 0.000000 0.100000
vn 0.000000 0.000000 0.100000
vn 0.000000 0.000000 0.100000
vn 0.000000 0.000000 0.100000
vn 0.000000 0.000000 0.100000
vn 0.000000 0.000000 0.100000
vn 0.000000 0.000000 0.100000
vn 0.000000 0.000000 0.100000
vn 0.000000 0.000000 0.100000
vn 0.000000 0.000000 0.100000
vn 0.000000 0.000000 0.100000
vn 0.000000 0.000000 0.100000
vn 0.000000 0.000000 0.100000
vn 0.000000 0.000000 0.100000
vn 0.000000 0.000000 0.100000
vn 0.000000 0.000000 0.100000
vn 0.000000 0.000000 0.100000
vn 0.000000 0.000000 0.100000
vn 0.000000 0.000000 0.100000
vn 0.000000 0.000000 0.100000
vn 0.000000 0.000000 0.100000
vn 0.000000 0.000000 0.100000
vn -0.100000 0.000000 0.000000
vn -0.100000 0.000000 0.000000
vn 0.000000 0.000000 0.100000
vn 0.000000 0.000000 0.100000
vn 0.000000 0.000000 0.100000
vn 0.000000 0.000000 0.100000
vn 0.000000 0.000000 0.100000
vn 0.000000 0.000000 0.100000
vn 0.000000 0.000000 0.100000
vn 0.000000 0.000000 0.100000
vn 0.000000 0.000000 0.100000
vn 0.000000 0.000000 0.100000
vn 0.000000 0.000000 0.100000
vn 0.000000 0.000000 0.100000
vn 0.000000 0.000000 0.100000
vn 0.000000 0.000000 0.100000
vn 0.000000 0.000000 0.100000
vn 0.000000 0.000000 0.100000
vn 0.000000 0.000000 0.100000
vn 0.000000 0.000000 0.100000
vn 0.000000 0.000000 0.100000
vn 0.000000 0.000000 0.100000
vn 0.000000 0.000000 0.100000
vn 0.000000 0.000000 0.100000
vn 0.000000 0.000000 0.100000
vn 0.000000 0.000000 0.100000
vn 0.000000 0.000000 0.100000
vn 0.000000 0.000000 0.100000
vn 0.000000 0.000000 0.100000
vn 0.000000 0.000000 0.100000
vn 0.000000 0.000000 0.100000
vn 0.000000 0.000000 0.100000
vn 0.000000 0.000000 0.100000
vn 0.000000 0.000000 0.100000
vn 0.000000 0.000000 0.100000
vn 0.000000 0.000000 0.100000
vn 0.000000 0.000000 0.100000
vn 0.000000 0.000000 0.100000
vn 0.000000 0.000000 0.100000
vn 0.000000 0.000000 0.100000
vn 0.000000 0.000000 0.100000
vn 0.000000 0.000000 0.100000
vn 0.000000 0.000000 0.100000
vn 0.000000 0.000000 0.100000
vn 0.000000 0.000000 0.100000
vn 0.000000 0.000000 0.100000
vn 0.000000 0.000000 0.100000
vn 0.000000 0.000000 0.100000
vn 0.000000 0.000000 0.100000
vn 0.000000 0.000000 0.100000
vn 0.000000 0.000000 0.100000
vn 0.000000 0.000000 0.100000
vn 0.000000 0.000000 0.100000
vn 0.000000 0.000000 0.100000
vn 0.000000 0.000000 0.100000
vn 0.000000 0.000000 0.100000
vn 0.000000 0.000000 0.100000
vn 0.000000 0.000000 0.100000
vn 0.000000 0.000000 0.100000
vn 0.000000 0.000000 0.100000
vn 0.000000 0.000000 0.100000
vn 0.000000 0.000000 0.100000
vn 0.000000 0.000000 0.100000
vn 0.000000 0.000000 0.100000
vn 0.000000 0.000000 0.100000
vn 0.000000 0.000000 0.100000
vn 0.000000 0.000000 0.100000
vn 0.000000 0.000000 0.100000
vn 0.000000 0.000000 0.100000
vn 0.000000 0.000000 0.100000
vn 0.000000 0.100000 0.000000
vn 0.000000 0.100000 0.000000
vn 0.000000 0.000000 0.100000
vn 0.000000 0.000000 0.100000
vn 0.000000 0.000000 0.100000
vn 0.000000 0.000000 0.100000
vn 0.000000 0.000000 0.100000
vn 0.000000 0.000000 0.100000
vn 0.000000 0.000000 0.100000
vn 0.000000 0.000000 0.100000
vn 0.000000 0.000000 0.100000
vn 0.000000 0.000000 0.100000
vn 0.000000 0.000000 0.100000
vn 0.000000 0.000000 0.100000
vn -0.100000 0.000000 0.000000
vn -0.100000 0.000000 0.000000
vn -0.100000 0.000000 0.000000
vn -0.100000 0.000000 0.000000
vn 0.100000 0.000000 0.000000
vn 0.100000 0.000000 0.000000
vn 0.100000 0.000000 0.000000
vn 0.100000 0.000000 0.000000
vn 0.000000 0.000000 -0.100000
vn 0.000000 0.000000 -0.100000
vn 0.000000 0.000000 -0.100000
vn 0.000000 0.000000 -0.100000
vn 0.000000 0.000000 -0.100000
vn 0.000000 0.000000 -0.100000
vn 0.000000 0.000000 -0.100000
vn 0.000000 0.000000 -0.100000
vn 0.000000 0.000000 -0.100000
vn 0.000000 0.000000 -0.100000
vn 0.000000 0.000000 -0.100000
vn 0.000000 0.000000 -0.100000
vn 0.000000 0.000000 -0.100000
vn 0.000000 0.000000 -0.100000
vn 0.000000 0.000000 -0.100000
vn 0.000000 0.000000 -0.100000
vn 0.000000 0.000000 -0.100000
vn -0.070711 -0.070711 0.000000
vn -0.070711 -0.070711 0.000000
vn -0.070711 -0.070711 0.000000
vn -0.070711 -0.070711 0.000000
vn -0.070711 -0.070711 0.000000
vn 0.070711 0.070711 0.000000
vn 0.070711 0.070711 0.000000
vn 0.070711 0.070711 0.000000
vn 0.070711 0.070711 0.000000
vn 0.000000 0.000000 0.100000
vn 0.000000 0.000000 0.100000
vn 0.000000 0.000000 0.100000
vn 0.000000 0.000000 0.100000
vn 0.000000 0.000000 0.100000
vn 0.000000 0.000000 0.100000
vn 0.000000 0.000000 0.100000
vn 0.000000 0.000000 0.100000
vn 0.000000 0.000000 0.100000
vn 0.000000 0.000000 0.100000
vn 0.000000 0.000000 0.100000
vn 0.000000 0.000000 0.100000
vn 0.000000 0.000000 0.100000
vn 0.000000 0.000000 0.100000
vn 0.000000 0.000000 0.100000
vn 0.000000 0.000000 0.100000
vn 0.000000 0.000000 0.100000
vn 0.000000 0.000000 0.100000
vn 0.000000 0.000000 0.100000
vn 0.000000 0.000000 0.100000
vn 0.000000 0.000000 0.100000
vn 0.000000 0.000000 0.100000
vn 0.000000 0.000000 0.100000
vn 0.000000 0.000000 0.100000
vn 0.000000 0.000000 0.100000
vn 0.000000 0.000000 0.100000
vn 0.000000 0.000000 0.100000
vn 0.000000 0.000000 0.100000
vn 0.000000 0.000000 0.100000
vn 0.000000 0.000000 0.100000
vn 0.000000 0.000000 0.100000
vn 0.000000 0.000000 0.100000
vn 0.000000 0.000000 0.100000
vn 0.000000 0.000000 0.100000
vn 0.000000 0.000000 0.100000
vn 0.000000 0.000000 0.100000
vn 0.000000 0.000000 0.100000
vn 0.000000 0.000000 0.100000
vn 0.000000 0.000000 0.100000
vn 0.000000 0.000000 0.100000
vn 0.000000 0.000000 0.100000
vn 0.000000 0.000000 0.100000
vn 0.000000 0.000000 0.100000
vn 0.000000 0.000000 0.100000
vn 0.000000 0.000000 0.100000
vn 0.000000 0.000000 0.100000
vn 0.000000 0.000000 0.100000
vn 0.000000 0.000000 0.100000
vn 0.000000 0.000000 0.100000
vn 0.000000 0.000000 0.100000
vn 0.000000 0.000000 0.100000
vn 0.000000 0.000000 0.100000
vn 0.000000 0.000000 0.100000
vn 0.000000 0.000000 0.100000
vn 0.000000 0.000000 0.100000
vn 0.000000 0.000000 0.100000
vn 0.000000 0.000000 0.100000
vn 0.000000 0.000000 0.100000
vn 0.000000 0.000000 0.100000
vn 0.000000 0.000000 0.100000
vn 0.000000 0.000000 0.100000
vn 0.000000 0.000000 0.100000
vn 0.000000 0.000000 0.100000
vn 0.000000 0.000000 0.100000
vn 0.000000 0.000000 0.100000
vn 0.000000 0.000000 0.100000
vn 0.000000 0.000000 0.100000
vn 0.000000 0.000000 0.100000
vn 0.000000 0.000000 0.100000
vn 0.000000 0.000000 0.100000
vn 0.000000 0.000000 0.100000
vn 0.000000 0.000000 0.100000
vn 0.000000 0.000000 0.100000
vn 0.000000 0.000000 0.100000
vn 0.000000 0.000000 0.100000
vn 0.000000 0.000000 0.100000
vn 0.000000 0.000000 0.100000
vn 0.000000 0.000000 0.100000
vn 0.000000 0.000000 0.100000
vn 0.000000 0.000000 0.100000
vn 0.000000 0.000000 0.100000
vn 0.000000 0.000000 0.100000
vn 0.000000 0.000000 0.100000
vn 0.000000 0.000000 0.100000
vn 0.000000 0.000000 0.100000
vn 0.000000 0.000000 0.100000
vn 0.000000 0.000000 0.100000
vn 0.000000 0.000000 0.100000
vn 0.000000 0.000000 0.100000
vn 0.000000 0.000000 0.100000
vn 0.000000 0.000000 0.100000
vn 0.000000 0.000000 0.100000
vn 0.000000 0.000000 0.100000
vn 0.073965 -0.067299 0.000000
vn 0.073965 -0.067299 0.000000
vn 0.082157 -0.057010 0.000000
vn 0.082606 -0.056358 0.000000
vn 0.088928 -0.045736 0.000000
vn 0.089641 -0.044323 0.000000
vn 0.094161 -0.033670 0.000000
vn 0.094934 -0.031426 0.000000
vn 0.097765 -0.021022 0.000000
vn 0.098382 -0.017918 0.000000
vn 0.099679 -0.008011 0.000000
vn 0.099917 -0.004062 0.000000
vn 0.099868 0.005139 0.000000
vn 0.099511 0.009874 0.000000
vn 0.098330 0.018200 0.000000
vn 0.097171 0.023617 0.000000
vn 0.095091 0.030947 0.000000
vn 0.092943 0.036901 0.000000
vn 0.090208 0.043158 0.000000
vn 0.086908 0.049468 0.000000
vn 0.083764 0.054622 0.000000
vn 0.079184 0.061073 0.000000
vn 0.075871 0.065142 0.000000
vn 0.069921 0.071492 0.000000
vn 0.066667 0.074536 0.000000
vn 0.067766 0.073537 0.000000
vn 0.066667 0.074536 0.000000
vn 0.069921 0.071492 0.000000
vn 0.068851 0.072523 0.000000
vn 0.000000 0.000000 0.100000
vn 0.000000 0.000000 0.100000
vn 0.000000 0.000000 0.100000
vn 0.000000 0.000000 0.100000
vn 0.000000 0.000000 0.100000
vn 0.000000 0.000000 0.100000
vn 0.000000 0.000000 0.100000
vn 0.000000 0.000000 0.100000
vn 0.000000 0.000000 0.100000
vn 0.000000 0.000000 0.100000
vn 0.000000 0.000000 0.100000
vn 0.000000 0.000000 0.100000
vn 0.000000 0.000000 0.100000
vn 0.000000 0.000000 0.100000
vn 0.000000 0.000000 0.100000
vn 0.000000 0.000000 0.100000
vn 0.000000 0.000000 0.100000
vn 0.000000 0.000000 0.100000
vn 0.000000 0.000000 0.100000
vn 0.000000 0.000000 0.100000
vn 0.000000 0.000000 0.100000
vn 0.000000 0.000000 0.100000
vn 0.000000 0.000000 0.100000
vn 0.000000 0.000000 0.100000
vn 0.000000 0.000000 0.100000
vn 0.000000 0.000000 0.100000
vn 0.000000 0.000000 0.100000
vn 0.000000 0.000000 0.100000
vn 0.000000 0.000000 0.100000
vn 0.000000 0.000000 0.100000
vn 0.000000 0.000000 0.100000
vn 0.000000 0.000000 0.100000
vn 0.000000 0.000000 0.100000
vn 0.000000 0.000000 0.100000
vn 0.000000 0.000000 0.100000
vn 0.000000 0.000000 0.100000
vn 0.000000 0.000000 0.100000
vn 0.000000 0.000000 0.100000
vn 0.000000 0.000000 0.100000
vn 0.000000 0.000000 0.100000
vn 0.000000 0.000000 0.100000
vn 0.000000 0.000000 0.100000
vn 0.000000 0.000000 0.100000
vn 0.000000 0.000000 0.100000
vn 0.000000 0.000000 0.100000
vn 0.000000 0.000000 0.100000
vn 0.000000 0.000000 0.100000
vn 0.000000 0.000000 0.100000
vn 0.000000 0.000000 0.100000
vn 0.000000 0.000000 0.100000
vn 0.000000 0.000000 0.100000
vn 0.000000 0.000000 0.100000
vn 0.000000 0.000000 0.100000
vn 0.000000 0.000000 0.100000
vn 0.000000 0.000000 0.100000
vn 0.000000 0.000000 0.100000
vn 0.000000 0.000000 0.100000
vn 0.000000 0.000000 0.100000
vn 0.000000 0.000000 0.100000
vn 0.000000 0.000000 0.100000
vn 0.000000 0.000000 0.100000
vn 0.000000 0.000000 0.100000
vn 0.000000 0.000000 0.100000
vn 0.000000 0.000000 0.100000
vn 0.000000 0.000000 0.100000
vn 0.000000 0.000000 0.100000
vn 0.000000 0.000000 0.100000
vn 0.000000 0.000000 0.100000
vn 0.000000 0.000000 0.100000
vn 0.000000 0.000000 0.100000
vn 0.000000 0.000000 0.100000
vn 0.000000 0.000000 0.100000
vn 0.000000 0.000000 0.100000
vn 0.000000 0.000000 0.100000
vn 0.000000 0.000000 0.100000
vn 0.000000 0.000000 0.100000
vn 0.000000 0.000000 0.100000
vn 0.000000 0.000000 0.100000
vn 0.099727 0.007385 0.000000
vn 0.099933 0.003652 0.000000
vn 0.100000 0.000000 0.000000
vn 0.099931 -0.003707 0.000000
vn 0.099727 -0.007385 0.000000
vn 0.099388 -0.011045 0.000000
vn 0.098909 -0.014730 0.000000
vn 0.098307 -0.018324 0.000000
vn 0.097551 -0.021995 0.000000
vn 0.096693 -0.025503 0.000000
vn 0.095660 -0.029139 0.000000
vn 0.094556 -0.032544 0.000000
vn 0.093247 -0.036124 0.000000
vn 0.091907 -0.039409 0.000000
vn 0.090325 -0.042912 0.000000
vn 0.088760 -0.046061 0.000000
vn 0.086909 -0.049466 0.000000
vn 0.085133 -0.052463 0.000000
vn 0.083018 -0.055749 0.000000
vn 0.081044 -0.058582 0.000000
vn 0.078674 -0.061728 0.000000
vn 0.076517 -0.064383 0.000000
vn 0.073901 -0.067370 0.000000
vn 0.071576 -0.069835 0.000000
vn 0.068724 -0.072643 0.000000
vn 0.066247 -0.074909 0.000000
vn 0.063171 -0.077520 0.000000
vn 0.060559 -0.079578 0.000000
vn 0.057274 -0.081974 0.000000
vn 0.054543 -0.083816 0.000000
vn 0.051063 -0.085980 0.000000
vn 0.048232 -0.087600 0.000000
vn 0.044574 -0.089516 0.000000
vn 0.041660 -0.090909 0.000000
vn 0.041660 -0.090909 0.000000
vn 0.099394 0.010991 0.000000
vn 0.098909 0.014730 0.000000
vn 0.098317 0.018270 0.000000
vn 0.097551 0.021995 0.000000
vn 0.096707 0.025450 0.000000
vn 0.095660 0.029139 0.000000
vn 0.094574 0.032493 0.000000
vn 0.093247 0.036124 0.000000
vn 0.091929 0.039359 0.000000
vn 0.090325 0.042912 0.000000
vn 0.088785 0.046012 0.000000
vn 0.086909 0.049466 0.000000
vn 0.085162 0.052417 0.000000
vn 0.083018 0.055749 0.000000
vn 0.081077 0.058537 0.000000
vn 0.078674 0.061728 0.000000
vn 0.076552 0.064341 0.000000
vn 0.073901 0.067370 0.000000
vn 0.071614 0.069796 0.000000
vn 0.071614 0.069796 0.000000
vn 0.071190 0.070228 0.000000
vn 0.068724 0.072643 0.000000
vn 0.070763 0.070659 0.000000
vn 0.070333 0.071086 0.000000
vn 0.070333 0.071086 0.000000
vn 0.065119 0.075891 0.000000
vn 0.063171 0.077520 0.000000
vn 0.059578 0.080314 0.000000
vn 0.057274 0.081974 0.000000
vn 0.053738 0.084334 0.000000
vn 0.051063 0.085980 0.000000
vn 0.047627 0.087930 0.000000
vn 0.044574 0.089516 0.000000
vn 0.041277 0.091083 0.000000
vn 0.037841 0.092564 0.000000
vn 0.034720 0.093779 0.000000
vn 0.030902 0.095106 0.000000
vn 0.027987 0.096004 0.000000
vn 0.023794 0.097128 0.000000
vn 0.021115 0.097745 0.000000
vn 0.016555 0.098620 0.000000
vn 0.014136 0.098996 0.000000
vn 0.009227 0.099573 0.000000
vn 0.007086 0.099749 0.000000
vn 0.001848 0.099983 0.000000
vn -0.000000 0.100000 0.000000
vn -0.005541 0.099846 0.000000
vn -0.007086 0.099749 0.000000
vn -0.012900 0.099164 0.000000
vn -0.014136 0.098996 0.000000
vn -0.020188 0.097941 0.000000
vn -0.021115 0.097745 0.000000
vn -0.027366 0.096183 0.000000
vn -0.027987 0.096004 0.000000
vn -0.034395 0.093899 0.000000
vn -0.034720 0.093779 0.000000
vn -0.041236 0.091102 0.000000
vn -0.041277 0.091083 0.000000
vn -0.047627 0.087930 0.000000
vn -0.047851 0.087808 0.000000
vn -0.053738 0.084334 0.000000
vn -0.054205 0.084034 0.000000
vn -0.059578 0.080314 0.000000
vn -0.060263 0.079802 0.000000
vn -0.065119 0.075891 0.000000
vn -0.065992 0.075133 0.000000
vn -0.070333 0.071086 0.000000
vn -0.070333 0.071086 0.000000
vn -0.071361 0.070054 0.000000
vn -0.070763 0.070659 0.000000
vn -0.071190 0.070228 0.000000
vn -0.071614 0.069796 0.000000
vn -0.076340 0.064593 0.000000
vn -0.076552 0.064341 0.000000
vn -0.080902 0.058779 0.000000
vn -0.081077 0.058537 0.000000
vn -0.085022 0.052643 0.000000
vn -0.085162 0.052417 0.000000
vn -0.088677 0.046220 0.000000
vn -0.088785 0.046012 0.000000
vn -0.091849 0.039545 0.000000
vn -0.091929 0.039359 0.000000
vn -0.094518 0.032654 0.000000
vn -0.094574 0.032493 0.000000
vn -0.096672 0.025584 0.000000
vn -0.096707 0.025450 0.000000
vn -0.098297 0.018375 0.000000
vn -0.098317 0.018270 0.000000
vn -0.099386 0.011065 0.000000
vn -0.099394 0.010991 0.000000
vn -0.099932 0.003695 0.000000
vn -0.099933 0.003652 0.000000
vn -0.099932 -0.003695 0.000000
vn -0.099931 -0.003707 0.000000
vn -0.099388 -0.011045 0.000000
vn -0.099386 -0.011065 0.000000
vn -0.098307 -0.018324 0.000000
vn -0.098297 -0.018375 0.000000
vn -0.096693 -0.025503 0.000000
vn -0.096672 -0.025584 0.000000
vn -0.094556 -0.032544 0.000000
vn -0.094518 -0.032654 0.000000
vn -0.091907 -0.039409 0.000000
vn -0.091849 -0.039545 0.000000
vn -0.088760 -0.046061 0.000000
vn -0.088677 -0.046220 0.000000
vn -0.085133 -0.052463 0.000000
vn -0.085022 -0.052643 0.000000
vn -0.081044 -0.058582 0.000000
vn -0.080902 -0.058779 0.000000
vn -0.076517 -0.064383 0.000000
vn -0.076340 -0.064593 0.000000
vn -0.071576 -0.069835 0.000000
vn -0.071361 -0.070054 0.000000
vn -0.066247 -0.074909 0.000000
vn -0.065992 -0.075133 0.000000
vn -0.060559 -0.079578 0.000000
vn -0.060263 -0.079802 0.000000
vn -0.054543 -0.083816 0.000000
vn -0.054205 -0.084034 0.000000
vn -0.048232 -0.087600 0.000000
vn -0.047851 -0.087808 0.000000
vn -0.041660 -0.090909 0.000000
vn -0.041660 -0.090909 0.000000
vn -0.041236 -0.091102 0.000000
vn -0.038672 -0.092220 0.000000
vn -0.034395 -0.093899 0.000000
vn -0.035643 -0.093432 0.000000
vn -0.032575 -0.094545 0.000000
vn -0.027366 -0.096183 0.000000
vn -0.025522 -0.096688 0.000000
vn -0.020188 -0.097941 0.000000
vn -0.018330 -0.098306 0.000000
vn -0.016364 -0.098652 0.000000
vn -0.016364 -0.098652 0.000000
vn -0.012900 -0.099164 0.000000
vn -0.009847 -0.099514 0.000000
vn -0.005541 -0.099846 0.000000
vn -0.003287 -0.099946 0.000000
vn 0.001848 -0.099983 0.000000
vn 0.003287 -0.099946 0.000000
vn 0.009227 -0.099573 0.000000
vn 0.009847 -0.099514 0.000000
vn 0.016555 -0.098620 0.000000
vn 0.016364 -0.098652 0.000000
vn 0.016364 -0.098652 0.000000
vn 0.018330 -0.098306 0.000000
vn 0.011038 -0.099389 0.000000
vn 0.023794 -0.097128 0.000000
vn 0.025522 -0.096688 0.000000
vn 0.030902 -0.095106 0.000000
vn 0.032575 -0.094545 0.000000
vn 0.032575 -0.094545 0.000000
vn 0.035643 -0.093432 0.000000
vn 0.037841 -0.092564 0.000000
vn 0.038672 -0.092220 0.000000
vn -0.011038 -0.099389 0.000000
vn -0.009847 -0.099514 0.000000
vn -0.003686 -0.099932 0.000000
vn -0.003287 -0.099946 0.000000
vn 0.003287 -0.099946 0.000000
vn 0.003686 -0.099932 0.000000
vn 0.009847 -0.099514 0.000000
vn -0.032575 -0.094545 0.000000
vn -0.071614 0.069796 0.000000
vn 0.000000 0.000000 -0.100000
vn 0.000000 0.000000 -0.100000
vn 0.000000 0.000000 -0.100000
vn 0.000000 0.000000 -0.100000
vn 0.000000 0.000000 -0.100000
vn 0.070711 -0.070711 0.000000
vn 0.070711 -0.070711 0.000000
vn 0.070711 -0.070711 0.000000
vn 0.070711 -0.070711 0.000000
vn 0.070711 -0.070711 0.000000
vn -0.070711 0.070711 0.000000
vn -0.070711 0.070711 0.000000
vn -0.070711 0.070711 0.000000
vn -0.070711 0.070711 0.000000
vn 0.000000 0.000000 0.100000
vn 0.000000 0.000000 0.100000
vn 0.000000 0.000000 0.100000
vn 0.000000 0.000000 0.100000
vn 0.000000 0.000000 0.100000
vn 0.000000 0.000000 0.100000
vn 0.000000 0.000000 0.100000
vn 0.000000 0.000000 0.100000
vn 0.000000 0.000000 0.100000
vn 0.000000 0.000000 0.100000
vn 0.000000 0.000000 0.100000
vn 0.000000 0.000000 0.100000
vn 0.000000 0.000000 0.100000
vn 0.000000 0.000000 0.100000
vn 0.000000 0.000000 0.100000
vn 0.000000 0.000000 0.100000
vn 0.000000 0.000000 0.100000
vn 0.000000 0.000000 0.100000
vn 0.000000 0.000000 0.100000
vn 0.000000 0.000000 0.100000
vn 0.000000 0.000000 0.100000
vn 0.000000 0.000000 0.100000
vn 0.000000 0.000000 0.100000
vn 0.000000 0.000000 0.100000
vn 0.000000 0.000000 0.100000
vn 0.000000 0.000000 0.100000
vn 0.000000 0.000000 0.100000
vn 0.000000 0.000000 0.100000
vn 0.000000 0.000000 0.100000
vn 0.000000 0.000000 0.100000
vn 0.000000 0.000000 0.100000
vn 0.000000 0.000000 0.100000
vn 0.000000 0.000000 0.100000
vn 0.000000 0.000000 0.100000
vn 0.000000 0.000000 0.100000
vn 0.000000 0.000000 0.100000
vn 0.000000 0.000000 0.100000
vn 0.000000 0.000000 0.100000
vn 0.000000 0.000000 0.100000
vn 0.000000 0.000000 0.100000
vn -0.073965 -0.067299 0.000000
vn -0.082157 -0.057010 0.000000
vn -0.073965 -0.067299 0.000000
vn -0.082606 -0.056358 0.000000
vn -0.088928 -0.045736 0.000000
vn -0.089641 -0.044323 0.000000
vn -0.094161 -0.033670 0.000000
vn -0.094934 -0.031426 0.000000
vn -0.097765 -0.021022 0.000000
vn -0.098382 -0.017918 0.000000
vn -0.099679 -0.008011 0.000000
vn -0.099917 -0.004062 0.000000
vn -0.099868 0.005139 -0.000000
vn -0.099511 0.009874 -0.000000
vn -0.098330 0.018200 -0.000000
vn -0.097171 0.023617 -0.000000
vn -0.095091 0.030947 -0.000000
vn -0.092943 0.036901 -0.000000
vn -0.090208 0.043158 -0.000000
vn -0.086908 0.049468 -0.000000
vn -0.083764 0.054622 -0.000000
vn -0.079184 0.061073 -0.000000
vn -0.075871 0.065142 -0.000000
vn -0.069921 0.071492 -0.000000
vn -0.066667 0.074536 -0.000000
vn -0.067766 0.073537 -0.000000
vn -0.066667 0.074536 -0.000000
vn -0.068851 0.072523 -0.000000
vn -0.069921 0.071492 -0.000000
vn 0.000000 0.100000 0.000000
vn 0.000000 0.100000 0.000000
vn 0.000000 0.100000 0.000000
vn 0.000000 0.100000 0.000000
vn 0.000000 0.100000 0.000000
vn 0.000000 0.100000 0.000000
vn 0.000000 0.100000 0.000000
vn 0.000000 0.100000 0.000000
vn 0.000000 -0.100000 0.000000
vn 0.000000 -0.100000 0.000000
vn 0.000000 -0.100000 0.000000
vn 0.000000 -0.100000 0.000000
vn 0.000000 -0.100000 0.000000
vn 0.000000 -0.100000 0.000000
vn 0.000000 -0.100000 0.000000
vn 0.000000 -0.100000 0.000000
vn 0.000000 -0.100000 0.000000
vn 0.000000 -0.100000 0.000000
vn 0.000000 -0.100000 0.000000
vn 0.000000 -0.100000 0.000000
vn -0.099733 0.007300 -0.000000
vn -0.099999 0.000456 -0.000000
vn -0.100000 0.000000 -0.000000
vn -0.099764 -0.006866 0.000000
vn -0.099733 -0.007300 0.000000
vn -0.098994 -0.014151 0.000000
vn -0.098934 -0.014560 0.000000
vn -0.097692 -0.021360 0.000000
vn -0.097608 -0.021743 0.000000
vn -0.095866 -0.028454 0.000000
vn -0.095760 -0.028810 0.000000
vn -0.093526 -0.035396 0.000000
vn -0.093402 -0.035723 0.000000
vn -0.090684 -0.042148 0.000000
vn -0.090545 -0.042446 0.000000
vn -0.087355 -0.048673 0.000000
vn -0.087205 -0.048942 0.000000
vn -0.083558 -0.054938 0.000000
vn -0.083400 -0.055177 0.000000
vn -0.079311 -0.060907 0.000000
vn -0.079150 -0.061117 0.000000
vn -0.074640 -0.066550 0.000000
vn -0.074477 -0.066732 0.000000
vn -0.069568 -0.071836 0.000000
vn -0.069407 -0.071990 0.000000
vn -0.064122 -0.076736 0.000000
vn -0.063967 -0.076865 0.000000
vn -0.058332 -0.081224 0.000000
vn -0.058186 -0.081329 0.000000
vn -0.052230 -0.085276 0.000000
vn -0.052094 -0.085359 0.000000
vn -0.045847 -0.088871 0.000000
vn -0.045724 -0.088934 0.000000
vn -0.039218 -0.091989 0.000000
vn -0.039110 -0.092035 0.000000
vn -0.032378 -0.094613 0.000000
vn -0.032288 -0.094644 0.000000
vn -0.025365 -0.096730 0.000000
vn -0.025293 -0.096748 0.000000
vn -0.018216 -0.098327 0.000000
vn -0.018164 -0.098337 0.000000
vn -0.010969 -0.099397 0.000000
vn -0.010937 -0.099400 0.000000
vn -0.003663 -0.099933 0.000000
vn -0.003652 -0.099933 0.000000
vn 0.003652 -0.099933 0.000000
vn 0.003663 -0.099933 0.000000
vn 0.010937 -0.099400 0.000000
vn 0.010969 -0.099397 0.000000
vn 0.018164 -0.098337 0.000000
vn 0.018216 -0.098327 0.000000
vn 0.025293 -0.096748 0.000000
vn 0.025365 -0.096730 0.000000
vn 0.032288 -0.094644 0.000000
vn 0.032378 -0.094613 0.000000
vn 0.039110 -0.092035 0.000000
vn 0.039218 -0.091989 0.000000
vn 0.045724 -0.088934 0.000000
vn 0.045847 -0.088871 0.000000
vn 0.052094 -0.085359 0.000000
vn 0.052230 -0.085276 0.000000
vn 0.058186 -0.081329 0.000000
vn 0.058332 -0.081224 0.000000
vn 0.063967 -0.076865 0.000000
vn 0.064122 -0.076736 0.000000
vn 0.069407 -0.071990 0.000000
vn 0.069568 -0.071836 0.000000
vn 0.074477 -0.066732 0.000000
vn 0.074640 -0.066550 0.000000
vn 0.079150 -0.061117 0.000000
vn 0.079311 -0.060907 0.000000
vn 0.083400 -0.055177 0.000000
vn 0.083558 -0.054938 0.000000
vn 0.087205 -0.048942 0.000000
vn 0.087355 -0.048673 0.000000
vn 0.090545 -0.042446 0.000000
vn 0.090684 -0.042148 0.000000
vn 0.093402 -0.035723 0.000000
vn 0.093526 -0.035396 0.000000
vn 0.095760 -0.028810 0.000000
vn 0.095866 -0.028454 0.000000
vn 0.097608 -0.021743 0.000000
vn 0.097692 -0.021360 0.000000
vn 0.098934 -0.014560 0.000000
vn 0.098994 -0.014151 0.000000
vn 0.099733 -0.007300 0.000000
vn 0.099764 -0.006866 0.000000
vn 0.100000 0.000000 0.000000
vn 0.099999 0.000456 0.000000
vn 0.099733 0.007300 0.000000
vn 0.099697 0.007776 0.000000
vn 0.098934 0.014560 0.000000
vn 0.098860 0.015053 0.000000
vn 0.097608 0.021743 0.000000
vn 0.097493 0.022250 0.000000
vn 0.095760 0.028810 0.000000
vn 0.095603 0.029328 0.000000
vn 0.093402 0.035723 0.000000
vn 0.093199 0.036248 0.000000
vn 0.090545 0.042446 0.000000
vn 0.090296 0.042973 0.000000
vn 0.087205 0.048942 0.000000
vn 0.086907 0.049468 0.000000
vn 0.083400 0.055177 0.000000
vn 0.083053 0.055698 0.000000
vn 0.079150 0.061117 0.000000
vn 0.078752 0.061628 0.000000
vn 0.074477 0.066732 0.000000
vn 0.074029 0.067228 0.000000
vn 0.069407 0.071990 0.000000
vn 0.068909 0.072467 0.000000
vn 0.063967 0.076865 0.000000
vn 0.063419 0.077318 0.000000
vn 0.058186 0.081329 0.000000
vn 0.057589 0.081753 0.000000
vn 0.052094 0.085359 0.000000
vn 0.051449 0.085749 0.000000
vn 0.045724 0.088934 0.000000
vn 0.045034 0.089286 0.000000
vn 0.045034 0.089286 0.000000
vn -0.099697 0.007776 -0.000000
vn -0.098934 0.014560 -0.000000
vn -0.098860 0.015053 -0.000000
vn -0.097608 0.021743 -0.000000
vn -0.097493 0.022250 -0.000000
vn -0.095760 0.028810 -0.000000
vn -0.095603 0.029328 -0.000000
vn -0.093402 0.035723 -0.000000
vn -0.093199 0.036248 -0.000000
vn -0.090545 0.042446 -0.000000
vn -0.090296 0.042973 -0.000000
vn -0.087205 0.048942 -0.000000
vn -0.086907 0.049468 -0.000000
vn -0.083400 0.055177 -0.000000
vn -0.083053 0.055698 -0.000000
vn -0.079150 0.061117 -0.000000
vn -0.078752 0.061628 -0.000000
vn -0.074477 0.066732 -0.000000
vn -0.074029 0.067228 -0.000000
vn -0.069407 0.071990 -0.000000
vn -0.068909 0.072467 -0.000000
vn -0.063967 0.076865 -0.000000
vn -0.063419 0.077318 -0.000000
vn -0.058186 0.081329 -0.000000
vn -0.057589 0.081753 -0.000000
vn -0.052094 0.085359 -0.000000
vn -0.051449 0.085749 -0.000000
vn -0.045724 0.088934 -0.000000
vn -0.045034 0.089286 -0.000000
vn -0.045034 0.089286 -0.000000
vn -0.043799 0.089898 -0.000000
vn -0.042555 0.090493 -0.000000
vn -0.039110 0.092035 -0.000000
vn -0.041304 0.091071 -0.000000
vn -0.041304 0.091071 -0.000000
vn -0.034742 0.093771 -0.000000
vn -0.032288 0.094644 -0.000000
vn -0.028006 0.095998 -0.000000
vn -0.025293 0.096748 -0.000000
vn -0.021129 0.097742 -0.000000
vn -0.018164 0.098337 -0.000000
vn -0.016071 0.098700 -0.000000
vn -0.016071 0.098700 -0.000000
vn -0.010937 0.099400 -0.000000
vn -0.009670 0.099531 -0.000000
vn -0.003652 0.099933 -0.000000
vn -0.003228 0.099948 -0.000000
vn 0.003652 0.099933 0.000000
vn 0.003228 0.099948 0.000000
vn 0.009670 0.099531 0.000000
vn 0.010937 0.099400 0.000000
vn 0.016071 0.098700 0.000000
vn 0.018164 0.098337 0.000000
vn 0.016071 0.098700 0.000000
vn 0.021129 0.097742 0.000000
vn 0.014145 0.098995 0.000000
vn 0.025293 0.096748 0.000000
vn 0.028006 0.095998 0.000000
vn 0.032288 0.094644 0.000000
vn 0.034742 0.093771 0.000000
vn 0.039110 0.092035 0.000000
vn 0.041304 0.091071 0.000000
vn 0.041304 0.091071 0.000000
vn 0.042555 0.090493 0.000000
vn 0.043799 0.089898 0.000000
vn -0.014145 0.098995 -0.000000
vn -0.009670 0.099531 -0.000000
vn -0.007090 0.099748 -0.000000
vn -0.003228 0.099948 -0.000000
vn 0.000000 0.100000 0.000000
vn 0.003228 0.099948 0.000000
vn 0.007090 0.099748 0.000000
vn 0.009670 0.099531 0.000000
vn 0.000000 0.000000 -0.100000
vn 0.000000 0.000000 -0.100000
vn 0.000000 0.000000 -0.100000
vn 0.000000 0.000000 -0.100000
vn 0.000000 0.000000 -0.100000
vn 0.000000 0.000000 -0.100000
vn 0.000000 0.000000 -0.100000
vn 0.000000 0.000000 -0.100000
vn 0.000000 0.000000 -0.100000
vn 0.000000 0.000000 -0.100000
vn 0.000000 0.000000 -0.100000
vn 0.000000 0.000000 -0.100000
vn 0.000000 0.000000 -0.100000
vn 0.000000 0.000000 -0.100000
vn 0.000000 0.000000 -0.100000
vn 0.000000 0.000000 -0.100000
vn 0.000000 0.000000 -0.100000
vn 0.000000 0.000000 -0.100000
vn 0.000000 0.000000 -0.100000
vn 0.000000 0.000000 -0.100000
vn 0.000000 0.000000 -0.100000
vn 0.000000 0.000000 -0.100000
vn 0.000000 0.000000 -0.100000
vn 0.000000 0.000000 -0.100000
vn 0.000000 0.000000 -0.100000
vn 0.000000 0.000000 -0.100000
vn 0.000000 0.000000 -0.100000
vn 0.000000 0.000000 -0.100000
vn 0.000000 0.000000 -0.100000
vn 0.000000 0.000000 -0.100000
vn 0.000000 0.000000 -0.100000
vn 0.000000 0.000000 -0.100000
vn 0.000000 0.000000 -0.100000
vn 0.000000 0.000000 -0.100000
vn 0.000000 0.000000 -0.100000
vn 0.000000 0.000000 -0.100000
vn 0.000000 0.000000 -0.100000
vn 0.000000 0.000000 -0.100000
vn 0.000000 0.000000 -0.100000
vn 0.000000 0.000000 -0.100000
vn 0.000000 0.000000 -0.100000
vn 0.000000 0.000000 -0.100000
vn 0.000000 0.000000 -0.100000
vn 0.000000 0.000000 -0.100000
vn 0.000000 0.000000 -0.100000
vn 0.000000 0.000000 -0.100000
vn 0.000000 0.000000 -0.100000
vn 0.000000 0.000000 -0.100000
vn 0.000000 0.000000 -0.100000
vn 0.000000 0.000000 -0.100000
vn 0.000000 0.000000 -0.100000
vn 0.000000 0.000000 -0.100000
vn 0.000000 0.000000 -0.100000
vn 0.000000 0.000000 -0.100000
vn 0.000000 0.000000 -0.100000
vn 0.000000 0.000000 -0.100000
vn 0.000000 0.000000 -0.100000
vn 0.000000 0.000000 -0.100000
vn 0.000000 0.000000 -0.100000
vn 0.000000 0.000000 -0.100000
vn 0.000000 0.000000 -0.100000
vn 0.000000 0.000000 -0.100000
vn 0.000000 0.000000 -0.100000
vn 0.000000 0.000000 -0.100000
vn 0.000000 0.000000 -0.100000
vn 0.000000 0.000000 -0.100000
vn 0.000000 0.000000 -0.100000
vn 0.000000 0.000000 -0.100000
vn 0.000000 0.000000 -0.100000
vn 0.000000 0.000000 -0.100000
vn 0.000000 0.000000 -0.100000
vn 0.000000 0.000000 -0.100000
vn 0.000000 0.000000 -0.100000
vn 0.000000 0.000000 -0.100000
vn 0.000000 0.000000 -0.100000
vn 0.000000 0.000000 -0.100000
vn 0.000000 0.000000 -0.100000
vn 0.000000 0.000000 -0.100000
vn 0.000000 0.000000 -0.100000
vn 0.000000 0.000000 -0.100000
vn 0.000000 0.000000 -0.100000
vn 0.000000 0.000000 -0.100000
vn 0.000000 0.000000 -0.100000
vn 0.000000 0.000000 -0.100000
vn 0.000000 0.000000 -0.100000
vn 0.000000 0.000000 -0.100000
vn 0.000000 0.000000 -0.100000
vn 0.000000 0.000000 -0.100000
vn 0.000000 0.000000 -0.100000
vn 0.000000 0.000000 -0.100000
vn 0.000000 0.000000 -0.100000
vn 0.000000 0.000000 -0.100000
vn 0.000000 0.000000 -0.100000
vn 0.000000 0.000000 -0.100000
vn 0.000000 0.000000 -0.100000
vn 0.000000 0.000000 -0.100000
vn 0.000000 0.000000 -0.100000
vn 0.000000 0.000000 -0.100000
vn 0.000000 0.000000 -0.100000
vn 0.000000 0.000000 -0.100000
vn 0.000000 0.000000 -0.100000
vn 0.000000 0.000000 -0.100000
vn 0.000000 0.000000 -0.100000
vn 0.000000 0.000000 -0.100000
vn 0.000000 0.000000 -0.100000
vn 0.000000 0.000000 -0.100000
vn 0.000000 0.000000 -0.100000
vn 0.000000 0.000000 -0.100000
vn 0.000000 0.000000 -0.100000
vn 0.000000 0.000000 -0.100000
vn 0.000000 0.000000 -0.100000
vn 0.000000 0.000000 -0.100000
vn 0.000000 0.000000 -0.100000
vn 0.000000 0.000000 -0.100000
vn 0.000000 0.000000 -0.100000
vn 0.000000 0.000000 -0.100000
vn 0.000000 0.000000 -0.100000
vn 0.000000 0.000000 -0.100000
vn 0.000000 0.000000 -0.100000
vn 0.000000 0.000000 -0.100000
vn 0.000000 0.000000 -0.100000
vn 0.000000 0.000000 -0.100000
vn 0.000000 0.000000 -0.100000
vn 0.000000 0.000000 -0.100000
vn 0.000000 0.000000 -0.100000
vn 0.000000 0.000000 -0.100000
vn 0.000000 0.000000 -0.100000
vn 0.000000 0.000000 -0.100000
vn 0.000000 0.000000 0.100000
vn 0.000000 0.000000 0.100000
vn 0.000000 0.000000 0.100000
vn 0.000000 0.000000 0.100000
vn 0.000000 0.000000 0.100000
vn 0.000000 0.000000 0.100000
vn 0.000000 0.000000 0.100000
vn 0.000000 0.000000 0.100000
vn 0.000000 0.000000 0.100000
vn 0.000000 0.000000 0.100000
vn 0.000000 0.000000 0.100000
vn 0.000000 0.000000 0.100000
vn 0.000000 0.000000 0.100000
vn 0.000000 0.000000 0.100000
vn 0.000000 0.000000 0.100000
vn 0.000000 0.000000 0.100000
vn 0.000000 0.000000 0.100000
vn 0.000000 0.000000 0.100000
vn 0.000000 0.000000 0.100000
vn 0.000000 0.000000 0.100000
vn 0.000000 0.000000 0.100000
vn 0.000000 0.000000 0.100000
vn 0.000000 0.000000 0.100000
vn 0.000000 0.000000 0.100000
vn 0.000000 0.000000 0.100000
vn 0.000000 0.000000 0.100000
vn 0.000000 0.000000 0.100000
vn 0.000000 0.000000 0.100000
vn 0.000000 0.000000 0.100000
vn 0.000000 0.000000 0.100000
vn 0.000000 0.000000 0.100000
vn 0.000000 0.000000 0.100000
vn 0.000000 0.000000 0.100000
vn 0.000000 0.000000 0.100000
vn 0.000000 0.000000 0.100000
vn 0.000000 0.000000 0.100000
vn 0.000000 0.000000 0.100000
vn 0.000000 0.000000 0.100000
vn 0.000000 0.000000 0.100000
vn 0.000000 0.000000 0.100000
vn 0.000000 0.000000 0.100000
vn 0.000000 0.000000 0.100000
vn 0.000000 0.000000 0.100000
vn 0.000000 0.000000 0.100000
vn 0.000000 0.000000 0.100000
vn 0.000000 0.000000 0.100000
vn 0.000000 0.000000 0.100000
vn 0.000000 0.100000 0.000000
vn 0.000000 0.100000 0.000000
vn 0.000000 0.100000 0.000000
vn 0.000000 0.100000 0.000000
vn 0.000000 -0.100000 0.000000
vn 0.000000 -0.100000 0.000000
vn 0.000000 -0.100000 0.000000
vn 0.000000 -0.100000 0.000000
vn 0.000000 -0.100000 0.000000
vn 0.000000 -0.100000 0.000000
vn 0.000000 -0.100000 0.000000
vn 0.000000 -0.100000 0.000000
vn 0.000000 -0.100000 0.000000
vn 0.000000 -0.100000 0.000000
vn 0.000000 -0.100000 0.000000
vn 0.000000 -0.100000 0.000000
vn 0.000000 -0.100000 0.000000
vn -0.100000 -0.000000 0.000000
vn -0.100000 -0.000000 0.000000
vn -0.097493 -0.022252 0.000000
vn -0.097493 -0.022252 0.000000
vn -0.090097 -0.043388 0.000000
vn -0.090097 -0.043388 0.000000
vn -0.078183 -0.062349 0.000000
vn -0.078183 -0.062349 0.000000
vn -0.062349 -0.078183 0.000000
vn -0.062349 -0.078183 0.000000
vn -0.043388 -0.090097 0.000000
vn -0.043388 -0.090097 0.000000
vn -0.022252 -0.097493 0.000000
vn -0.022252 -0.097493 0.000000
vn 0.000000 -0.100000 0.000000
vn 0.000000 0.100000 0.000000
vn -0.022252 0.097493 -0.000000
vn -0.000000 0.100000 -0.000000
vn -0.022252 0.097493 -0.000000
vn -0.043388 0.090097 -0.000000
vn -0.043388 0.090097 -0.000000
vn -0.062349 0.078183 -0.000000
vn -0.062349 0.078183 -0.000000
vn -0.078183 0.062349 -0.000000
vn -0.078183 0.062349 -0.000000
vn -0.090097 0.043388 -0.000000
vn -0.090097 0.043388 -0.000000
vn -0.097493 0.022252 -0.000000
vn -0.097493 0.022252 -0.000000
vn -0.100000 0.000000 -0.000000
vn -0.100000 -0.000000 0.000000
vn -0.100000 0.000000 0.000000
vn -0.100000 0.000000 0.000000
vn -0.100000 0.000000 0.000000
vn -0.100000 0.000000 0.000000
vn -0.100000 0.000000 0.000000
vn -0.100000 0.000000 0.000000
vn -0.100000 0.000000 0.000000
vn -0.100000 0.000000 0.000000
vn -0.100000 0.000000 0.000000
vn 0.100000 0.000000 0.000000
vn 0.100000 0.000000 0.000000
vn 0.100000 0.000000 0.000000
vn 0.100000 0.000000 0.000000
vn 0.100000 0.000000 0.000000
vn 0.100000 0.000000 0.000000
vn 0.100000 0.000000 0.000000
vn 0.100000 0.000000 0.000000
vn 0.100000 0.000000 0.000000
vn 0.000000 0.100000 0.000000
vn 0.000000 0.100000 0.000000
vn 0.000000 0.100000 0.000000
vn 0.000000 0.100000 0.000000
vn -0.022252 -0.097493 0.000000
vn -0.022252 -0.097493 0.000000
vn -0.043388 -0.090097 0.000000
vn -0.043388 -0.090097 0.000000
vn -0.062349 -0.078183 0.000000
vn -0.062349 -0.078183 0.000000
vn -0.078183 -0.062349 0.000000
vn -0.078183 -0.062349 0.000000
vn -0.090097 -0.043388 0.000000
vn -0.090097 -0.043388 0.000000
vn -0.097493 -0.022252 0.000000
vn -0.097493 -0.022252 0.000000
vn -0.100000 -0.000000 0.000000
vn 0.069316 -0.072078 0.000000
vn 0.066738 -0.074471 0.000000
vn 0.069316 -0.072078 0.000000
vn 0.069921 -0.071492 0.000000
vn 0.069518 -0.071883 0.000000
vn 0.069720 -0.071688 0.000000
vn 0.069921 -0.071492 0.000000
vn 0.063429 -0.077309 0.000000
vn 0.058641 -0.081001 0.000000
vn 0.060000 -0.080000 0.000000
vn 0.049236 -0.087039 0.000000
vn 0.046831 -0.088357 0.000000
vn 0.037658 -0.092638 0.000000
vn 0.034113 -0.094001 0.000000
vn 0.025457 -0.096706 0.000000
vn 0.020736 -0.097827 0.000000
vn 0.012835 -0.099173 0.000000
vn 0.006957 -0.099758 0.000000
vn 0.000000 -0.100000 0.000000
vn -0.006957 -0.099758 0.000000
vn -0.012835 -0.099173 0.000000
vn -0.020736 -0.097827 0.000000
vn -0.025457 -0.096706 0.000000
vn -0.034113 -0.094001 0.000000
vn -0.037658 -0.092638 0.000000
vn -0.046831 -0.088357 0.000000
vn -0.049236 -0.087039 0.000000
vn -0.058641 -0.081001 0.000000
vn -0.060000 -0.080000 0.000000
vn -0.063429 -0.077309 0.000000
vn -0.060000 -0.080000 0.000000
vn -0.069316 -0.072078 0.000000
vn -0.066738 -0.074471 0.000000
vn -0.069316 -0.072078 0.000000
vn -0.069921 -0.071492 0.000000
vn -0.069518 -0.071883 0.000000
vn -0.069720 -0.071688 0.000000
vn -0.069921 -0.071492 0.000000
vn 0.060000 -0.080000 0.000000
vn -0.064286 -0.076599 0.000000
vn -0.064286 -0.076599 0.000000
vn -0.074594 -0.066601 0.000000
vn -0.074594 -0.066601 0.000000
vn -0.083365 -0.055230 0.000000
vn -0.083365 -0.055230 0.000000
vn -0.090416 -0.042720 0.000000
vn -0.090416 -0.042720 0.000000
vn -0.095602 -0.029329 0.000000
vn -0.095602 -0.029329 0.000000
vn -0.098818 -0.015333 0.000000
vn -0.098818 -0.015333 0.000000
vn -0.099995 -0.001021 0.000000
vn -0.099995 -0.001021 0.000000
vn -0.099110 0.013312 0.000000
vn -0.099110 0.013312 0.000000
vn -0.096181 0.027371 0.000000
vn -0.096181 0.027371 0.000000
vn -0.091269 0.040865 0.000000
vn -0.091269 0.040865 0.000000
vn -0.084475 0.053516 0.000000
vn -0.084475 0.053516 0.000000
vn -0.075938 0.065064 0.000000
vn -0.075938 0.065064 0.000000
vn -0.065836 0.075270 0.000000
vn -0.065836 0.075270 0.000000
vn -0.054376 0.083924 0.000000
vn -0.054376 0.083924 0.000000
vn -0.041795 0.090847 0.000000
vn -0.041795 0.090847 0.000000
vn -0.028351 0.095897 0.000000
vn -0.028351 0.095897 0.000000
vn -0.014323 0.098969 0.000000
vn -0.014323 0.098969 0.000000
vn -0.000000 0.100000 0.000000
vn -0.000000 0.100000 0.000000
vn 0.014323 0.098969 0.000000
vn 0.014323 0.098969 0.000000
vn 0.028351 0.095897 0.000000
vn 0.028351 0.095897 0.000000
vn 0.041795 0.090847 0.000000
vn 0.041795 0.090847 0.000000
vn 0.054376 0.083924 0.000000
vn 0.054376 0.083924 0.000000
vn 0.065836 0.075270 0.000000
vn 0.065836 0.075270 0.000000
vn 0.075938 0.065064 0.000000
vn 0.075938 0.065064 0.000000
vn 0.084475 0.053516 0.000000
vn 0.084475 0.053516 0.000000
vn 0.091269 0.040865 0.000000
vn 0.091269 0.040865 0.000000
vn 0.096181 0.027371 0.000000
vn 0.096181 0.027371 0.000000
vn 0.099110 0.013312 0.000000
vn 0.099110 0.013312 0.000000
vn 0.099995 -0.001021 0.000000
vn 0.099995 -0.001021 0.000000
vn 0.098818 -0.015333 0.000000
vn 0.098818 -0.015333 0.000000
vn 0.095602 -0.029329 0.000000
vn 0.095602 -0.029329 0.000000
vn 0.090416 -0.042720 0.000000
vn 0.090416 -0.042720 0.000000
vn 0.083365 -0.055230 0.000000
vn 0.083365 -0.055230 0.000000
vn 0.074594 -0.066601 0.000000
vn 0.074594 -0.066601 0.000000
vn 0.064286 -0.076599 0.000000
vn 0.064286 -0.076599 0.000000
vn 0.000000 0.100000 0.000000
vn 0.000000 0.100000 0.000000
vn 0.000000 0.100000 0.000000
vn 0.000000 0.100000 0.000000
vn 0.100000 0.000000 0.000000
vn 0.100000 0.000000 0.000000
vn 0.100000 0.000000 0.000000
vn 0.100000 0.000000 0.000000
vn 0.100000 0.000000 0.000000
vn 0.100000 0.000000 0.000000
vn 0.100000 0.000000 0.000000
vn 0.100000 0.000000 0.000000
vn 0.025882 0.096593 0.000000
vn 0.025882 0.096593 0.000000
vn 0.050000 0.086603 0.000000
vn 0.050000 0.086603 0.000000
vn 0.070711 0.070711 0.000000
vn 0.070711 0.070711 0.000000
vn 0.086603 0.050000 0.000000
vn 0.086603 0.050000 0.000000
vn 0.096593 0.025882 0.000000
vn 0.096593 0.025882 0.000000
vn 0.100000 0.000000 0.000000
vn 0.100000 0.000000 0.000000
vn 0.096593 0.025882 0.000000
vn 0.086603 0.050000 0.000000
vn 0.070711 0.070711 0.000000
vn 0.050000 0.086603 0.000000
vn 0.025882 0.096593 0.000000
vn 0.100000 0.000000 0.000000
vn 0.100000 0.000000 0.000000
vn 0.096593 -0.025882 0.000000
vn 0.096593 -0.025882 0.000000
vn 0.086603 -0.050000 0.000000
vn 0.086603 -0.050000 0.000000
vn 0.070711 -0.070711 0.000000
vn 0.070711 -0.070711 0.000000
vn 0.050000 -0.086603 0.000000
vn 0.050000 -0.086603 0.000000
vn 0.025882 -0.096593 0.000000
vn 0.025882 -0.096593 0.000000
vn 0.000000 -0.100000 0.000000
vn 0.000000 -0.100000 0.000000
vn 0.025882 -0.096593 0.000000
vn 0.050000 -0.086603 0.000000
vn 0.070711 -0.070711 0.000000
vn 0.086603 -0.050000 0.000000
vn 0.096593 -0.025882 0.000000
vn 0.000000 -0.100000 0.000000
vn 0.000000 -0.100000 0.000000
vn 0.000000 -0.100000 0.000000
vn -0.025882 -0.096593 0.000000
vn -0.025882 -0.096593 0.000000
vn -0.050000 -0.086603 0.000000
vn -0.050000 -0.086603 0.000000
vn -0.070711 -0.070711 0.000000
vn -0.070711 -0.070711 0.000000
vn -0.086603 -0.050000 0.000000
vn -0.086603 -0.050000 0.000000
vn -0.096593 -0.025882 0.000000
vn -0.096593 -0.025882 0.000000
vn -0.096593 -0.025882 0.000000
vn -0.086603 -0.050000 0.000000
vn -0.070711 -0.070711 0.000000
vn -0.050000 -0.086603 0.000000
vn -0.025882 -0.096593 0.000000
vn 0.000000 -0.100000 0.000000
vn 0.000000 0.100000 0.000000
vn 0.000000 0.100000 0.000000
vn 0.000000 0.100000 0.000000
vn 0.000000 0.100000 0.000000
vn 0.000000 0.100000 0.000000
vn 0.000000 0.100000 0.000000
vn 0.000000 0.100000 0.000000
vn 0.000000 0.100000 0.000000
vn 0.000000 -0.000000 0.100000
vn 0.000000 -0.000000 0.100000
vn 0.000000 -0.000000 0.100000
vn 0.000000 -0.000000 0.100000
vn -0.000000 0.000000 -0.100000
vn -0.000000 0.000000 -0.100000
vn -0.000000 0.000000 -0.100000
vn -0.000000 0.000000 -0.100000
vn -0.000000 0.000000 -0.100000
vn -0.000000 0.000000 -0.100000
vn -0.000000 0.000000 -0.100000
vn -0.000000 0.000000 -0.100000
vn -0.000000 -0.100000 0.000000
vn -0.000000 -0.100000 0.000000
vn -0.000000 -0.100000 0.000000
vn -0.000000 -0.100000 0.000000
vn -0.000000 -0.100000 0.000000
vn -0.000000 -0.100000 0.000000
vn -0.000000 -0.100000 0.000000
vn -0.000000 -0.100000 0.000000
vn 0.000000 -0.000000 0.100000
vn 0.000000 -0.000000 0.100000
vn 0.000000 -0.000000 0.100000
vn 0.000000 -0.000000 0.100000
vn -0.000000 0.100000 0.000000
vn -0.000000 0.100000 0.000000
vn -0.000000 0.100000 0.000000
vn -0.000000 0.100000 0.000000
vn 0.100000 0.000000 0.000000
vn 0.100000 0.000000 0.000000
vn 0.097493 0.022252 0.000000
vn 0.097493 0.022252 0.000000
vn 0.090097 0.043388 0.000000
vn 0.090097 0.043388 0.000000
vn 0.078183 0.062349 0.000000
vn 0.078183 0.062349 0.000000
vn 0.062349 0.078183 0.000000
vn 0.062349 0.078183 0.000000
vn 0.043388 0.090097 0.000000
vn 0.043388 0.090097 0.000000
vn 0.022252 0.097493 0.000000
vn 0.022252 0.097493 0.000000
vn 0.022252 0.097493 0.000000
vn 0.043388 0.090097 0.000000
vn 0.062349 0.078183 0.000000
vn 0.078183 0.062349 0.000000
vn 0.090097 0.043388 0.000000
vn 0.097493 0.022252 0.000000
vn 0.100000 0.000000 0.000000
vn 0.100000 0.000000 0.000000
vn 0.097493 -0.022252 0.000000
vn 0.097493 -0.022252 0.000000
vn 0.097493 -0.022252 0.000000
vn 0.090097 -0.043388 0.000000
vn 0.090097 -0.043388 0.000000
vn 0.078183 -0.062349 0.000000
vn 0.078183 -0.062349 0.000000
vn 0.062349 -0.078183 0.000000
vn 0.062349 -0.078183 0.000000
vn 0.043388 -0.090097 0.000000
vn 0.043388 -0.090097 0.000000
vn 0.022252 -0.097493 0.000000
vn 0.022252 -0.097493 0.000000
vn 0.022252 -0.097493 0.000000
vn 0.043388 -0.090097 0.000000
vn 0.062349 -0.078183 0.000000
vn 0.078183 -0.062349 0.000000
vn 0.090097 -0.043388 0.000000
vn -0.100000 0.000000 0.000000
vn -0.100000 0.000000 0.000000
vn -0.022252 0.097493 -0.000000
vn -0.022252 0.097493 -0.000000
vn -0.043388 0.090097 -0.000000
vn -0.043388 0.090097 -0.000000
vn -0.062349 0.078183 -0.000000
vn -0.062349 0.078183 -0.000000
vn -0.078183 0.062349 -0.000000
vn -0.078183 0.062349 -0.000000
vn -0.090097 0.043388 -0.000000
vn -0.090097 0.043388 -0.000000
vn -0.097493 0.022252 -0.000000
vn -0.097493 0.022252 -0.000000
vn 0.100000 0.000000 0.000000
vn 0.100000 0.000000 0.000000
vn 0.100000 0.000000 0.000000
vn 0.100000 0.000000 0.000000
vn 0.100000 0.000000 0.000000
vn 0.100000 0.000000 0.000000
vn 0.100000 0.000000 0.000000
vn 0.100000 0.000000 0.000000
vn -0.100000 0.000000 0.000000
vn -0.100000 0.000000 0.000000
vn -0.100000 0.000000 0.000000
vn -0.100000 0.000000 0.000000
vn -0.100000 0.000000 0.000000
vn -0.100000 0.000000 0.000000
vn -0.100000 0.000000 0.000000
vn -0.100000 0.000000 0.000000
vn -0.100000 0.000000 0.000000
vn -0.100000 0.000000 0.000000
vn -0.100000 0.000000 0.000000
vn -0.100000 0.000000 0.000000
vn -0.100000 0.000000 0.000000
vn -0.100000 0.000000 0.000000
vn -0.100000 0.000000 0.000000
vn -0.100000 0.000000 0.000000
usemtl Steel_-_Satin
f 86/1/1 1/2/2 87/3/3
f 87/3/3 1/2/2 2/4/4
f 87/3/3 2/4/4 171/5/5
f 171/5/5 2/4/4 3/6/6
f 171/5/5 3/6/6 170/7/7
f 170/7/7 3/6/6 4/8/8
f 170/7/7 4/8/8 169/9/9
f 169/9/9 4/8/8 5/10/10
f 169/9/9 5/10/10 168/11/11
f 168/11/11 5/10/10 6/12/12
f 168/11/11 6/12/12 167/13/13
f 167/13/13 6/12/12 7/14/14
f 167/13/13 7/14/14 166/15/15
f 166/15/15 7/14/14 8/16/16
f 166/15/15 8/16/16 165/17/17
f 165/17/17 8/16/16 9/18/18
f 165/17/17 9/18/18 164/19/19
f 164/19/19 9/18/18 10/20/20
f 164/19/19 10/20/20 163/21/21
f 163/21/21 10/20/20 11/22/22
f 163/21/21 11/22/22 162/23/23
f 162/23/23 11/22/22 12/24/24
f 162/23/23 12/24/24 161/25/25
f 161/25/25 12/24/24 13/26/26
f 161/25/25 13/26/26 160/27/27
f 160/27/27 13/26/26 14/28/28
f 160/27/27 14/28/28 159/29/29
f 159/29/29 14/28/28 15/30/30
f 159/29/29 15/30/30 158/31/31
f 158/31/31 15/30/30 16/32/32
f 158/31/31 16/32/32 157/33/33
f 157/33/33 16/32/32 17/34/34
f 157/33/33 17/34/34 156/35/35
f 156/35/35 17/34/34 18/36/36
f 156/35/35 18/36/36 155/37/37
f 155/37/37 18/36/36 19/38/38
f 155/37/37 19/38/38 154/39/39
f 154/39/39 19/38/38 20/40/40
f 154/39/39 20/40/40 153/41/41
f 153/41/41 20/40/40 21/42/42
f 153/41/41 21/42/42 152/43/43
f 152/43/43 21/42/42 22/44/44
f 152/43/43 22/44/44 151/45/45
f 151/45/45 22/44/44 23/46/46
f 151/45/45 23/46/46 150/47/47
f 150/47/47 23/46/46 24/48/48
f 150/47/47 24/48/48 149/49/49
f 149/49/49 24/48/48 25/50/50
f 149/49/49 25/50/50 148/51/51
f 148/51/51 25/50/50 26/52/52
f 148/51/51 26/52/52 147/53/53
f 147/53/53 26/52/52 27/54/54
f 147/53/53 27/54/54 146/55/55
f 146/55/55 27/54/54 28/56/56
f 146/55/55 28/56/56 145/57/57
f 145/57/57 28/56/56 29/58/58
f 145/57/57 29/58/58 144/59/59
f 144/59/59 29/58/58 30/60/60
f 144/59/59 30/60/60 143/61/61
f 143/61/61 30/60/60 31/62/62
f 143/61/61 31/62/62 142/63/63
f 142/63/63 31/62/62 32/64/64
f 142/63/63 32/64/64 141/65/65
f 141/65/65 32/64/64 33/66/66
f 141/65/65 33/66/66 140/67/67
f 140/67/67 33/66/66 34/68/68
f 140/67/67 34/68/68 139/69/69
f 139/69/69 34/68/68 35/70/70
f 139/69/69 35/70/70 138/71/71
f 138/71/71 35/70/70 36/72/72
f 138/71/71 36/72/72 137/73/73
f 137/73/73 36/72/72 37/74/74
f 137/73/73 37/74/74 136/75/75
f 136/75/75 37/74/74 38/76/76
f 136/75/75 38/76/76 135/77/77
f 135/77/77 38/76/76 39/78/78
f 135/77/77 39/78/78 134/79/79
f 134/79/79 39/78/78 40/80/80
f 134/79/79 40/80/80 133/81/81
f 133/81/81 40/80/80 41/82/82
f 133/81/81 41/82/82 132/83/83
f 132/83/83 41/82/82 42/84/84
f 132/83/83 42/84/84 131/85/85
f 131/85/85 42/84/84 43/86/86
f 131/85/85 43/86/86 130/87/87
f 130/87/87 43/86/86 44/88/88
f 130/87/87 44/88/88 129/89/89
f 129/89/89 44/88/88 45/90/90
f 129/89/89 45/90/90 128/91/91
f 128/91/91 45/90/90 46/92/92
f 128/91/91 46/92/92 127/93/93
f 127/93/93 46/92/92 47/94/94
f 127/93/93 47/94/94 126/95/95
f 126/95/95 47/94/94 48/96/96
f 126/95/95 48/96/96 125/97/97
f 125/97/97 48/96/96 49/98/98
f 125/97/97 49/98/98 124/99/99
f 124/99/99 49/98/98 50/100/100
f 124/99/99 50/100/100 123/101/101
f 123/101/101 50/100/100 51/102/102
f 123/101/101 51/102/102 122/103/103
f 122/103/103 51/102/102 52/104/104
f 122/103/103 52/104/104 121/105/105
f 121/105/105 52/104/104 53/106/106
f 121/105/105 53/106/106 120/107/107
f 120/107/107 53/106/106 54/108/108
f 120/107/107 54/108/108 119/109/109
f 119/109/109 54/108/108 55/110/110
f 119/109/109 55/110/110 118/111/111
f 118/111/111 55/110/110 56/112/112
f 118/111/111 56/112/112 117/113/113
f 117/113/113 56/112/112 57/114/114
f 117/113/113 57/114/114 116/115/115
f 116/115/115 57/114/114 58/116/116
f 116/115/115 58/116/116 115/117/117
f 115/117/117 58/116/116 59/118/118
f 115/117/117 59/118/118 114/119/119
f 114/119/119 59/118/118 60/120/120
f 114/119/119 60/120/120 113/121/121
f 113/121/121 60/120/120 61/122/122
f 113/121/121 61/122/122 112/123/123
f 112/123/123 61/122/122 62/124/124
f 112/123/123 62/124/124 111/125/125
f 111/125/125 62/124/124 63/126/126
f 111/125/125 63/126/126 110/127/127
f 110/127/127 63/126/126 64/128/128
f 110/127/127 64/128/128 109/129/129
f 109/129/129 64/128/128 65/130/130
f 109/129/129 65/130/130 108/131/131
f 108/131/131 65/130/130 66/132/132
f 108/131/131 66/132/132 107/133/133
f 107/133/133 66/132/132 67/134/134
f 107/133/133 67/134/134 106/135/135
f 106/135/135 67/134/134 68/136/136
f 106/135/135 68/136/136 105/137/137
f 105/137/137 68/136/136 69/138/138
f 105/137/137 69/138/138 104/139/139
f 104/139/139 69/138/138 70/140/140
f 104/139/139 70/140/140 103/141/141
f 103/141/141 70/140/140 71/142/142
f 103/141/141 71/142/142 102/143/143
f 102/143/143 71/142/142 72/144/144
f 102/143/143 72/144/144 101/145/145
f 101/145/145 72/144/144 73/146/146
f 101/145/145 73/146/146 100/147/147
f 100/147/147 73/146/146 74/148/148
f 100/147/147 74/148/148 99/149/149
f 99/149/149 74/148/148 75/150/150
f 99/149/149 75/150/150 98/151/151
f 98/151/151 75/150/150 76/152/152
f 98/151/151 76/152/152 97/153/153
f 97/153/153 76/152/152 77/154/154
f 97/153/153 77/154/154 96/155/155
f 96/155/155 77/154/154 78/156/156
f 96/155/155 78/156/156 95/157/157
f 95/157/157 78/156/156 79/158/158
f 95/157/157 79/158/158 94/159/159
f 94/159/159 79/158/158 80/160/160
f 94/159/159 80/160/160 93/161/161
f 93/161/161 80/160/160 81/162/162
f 93/161/161 81/162/162 92/163/163
f 92/163/163 81/162/162 82/164/164
f 92/163/163 82/164/164 91/165/165
f 91/165/165 82/164/164 83/166/166
f 91/165/165 83/166/166 90/167/167
f 90/167/167 83/166/166 84/168/168
f 90/167/167 84/168/168 89/169/169
f 89/169/169 84/168/168 85/170/170
f 89/169/169 85/170/170 88/171/171
f 88/171/171 85/170/170 86/1/1
f 88/171/171 86/1/1 87/3/3
f 173/172/172 186/173/173 172/174/174
f 172/174/174 186/173/173 187/175/175
f 172/174/174 187/175/175 185/176/176
f 185/176/176 187/175/175 184/177/177
f 184/177/177 187/175/175 183/178/178
f 183/178/178 187/175/175 189/179/179
f 183/178/178 189/179/179 182/180/180
f 182/180/180 189/179/179 191/181/181
f 182/180/180 191/181/181 181/182/182
f 181/182/182 191/181/181 193/183/183
f 181/182/182 193/183/183 180/184/184
f 180/184/184 193/183/183 195/185/185
f 180/184/184 195/185/185 179/186/186
f 179/186/186 195/185/185 194/187/187
f 179/186/186 194/187/187 178/188/188
f 178/188/188 194/187/187 177/189/189
f 177/189/189 194/187/187 176/190/190
f 176/190/190 194/187/187 192/191/191
f 176/190/190 192/191/191 175/192/192
f 175/192/192 192/191/191 190/193/193
f 175/192/192 190/193/193 174/194/194
f 174/194/194 190/193/193 188/195/195
f 174/194/194 188/195/195 173/172/172
f 173/172/172 188/195/195 186/173/173
f 189/179/179 187/175/175 186/173/173
f 189/179/179 186/173/173 188/195/195
f 191/181/181 189/179/179 188/195/195
f 191/181/181 188/195/195 190/193/193
f 193/183/183 191/181/181 190/193/193
f 193/183/183 190/193/193 192/191/191
f 195/185/185 193/183/183 192/191/191
f 195/185/185 192/191/191 194/187/187
f 229/196/196 178/197/197 172/198/198
f 172/198/198 178/197/197 177/199/199
f 172/198/198 177/199/199 176/200/200
f 176/200/200 175/201/201 172/198/198
f 172/198/198 175/201/201 174/202/202
f 172/198/198 174/202/202 173/203/203
f 196/204/204 227/205/205 172/198/198
f 172/198/198 227/205/205 228/206/206
f 172/198/198 228/206/206 229/196/196
f 197/207/207 198/208/208 196/204/204
f 196/204/204 198/208/208 199/209/209
f 196/204/204 199/209/209 200/210/210
f 200/210/210 201/211/211 196/204/204
f 196/204/204 201/211/211 202/212/212
f 196/204/204 202/212/212 224/213/213
f 224/213/213 202/212/212 223/214/214
f 223/214/214 202/212/212 203/215/215
f 223/214/214 203/215/215 222/216/216
f 222/216/216 203/215/215 209/217/217
f 222/216/216 209/217/217 221/218/218
f 221/218/218 209/217/217 220/219/219
f 220/219/219 209/217/217 219/220/220
f 219/220/220 209/217/217 210/221/221
f 219/220/220 210/221/221 218/222/222
f 218/222/222 210/221/221 217/223/223
f 217/223/223 210/221/221 216/224/224
f 216/224/224 210/221/221 215/225/225
f 215/225/225 210/221/221 214/226/226
f 214/226/226 210/221/221 213/227/227
f 213/227/227 210/221/221 212/228/228
f 212/228/228 210/221/221 211/229/229
f 203/215/215 204/230/230 209/217/217
f 209/217/217 204/230/230 205/231/231
f 209/217/217 205/231/231 206/232/232
f 206/232/232 207/233/233 209/217/217
f 209/217/217 207/233/233 208/234/234
f 224/213/213 225/235/235 196/204/204
f 196/204/204 225/235/235 226/236/236
f 196/204/204 226/236/236 227/205/205
f 185/237/176 230/238/237 172/239/174
f 172/239/174 230/238/237 196/240/238
f 231/241/239 232/242/240 179/243/241
f 179/243/241 232/242/240 233/244/242
f 179/243/241 233/244/242 234/245/243
f 234/245/243 235/246/244 179/243/241
f 179/243/241 235/246/244 236/247/245
f 179/243/241 236/247/245 180/248/246
f 180/248/246 236/247/245 237/249/247
f 180/248/246 237/249/247 181/250/248
f 181/250/248 237/249/247 238/251/249
f 181/250/248 238/251/249 182/252/250
f 182/252/250 238/251/249 239/253/251
f 182/252/250 239/253/251 183/254/252
f 183/254/252 239/253/251 240/255/253
f 183/254/252 240/255/253 184/256/254
f 184/256/254 240/255/253 241/257/255
f 184/256/254 241/257/255 185/258/256
f 185/258/256 241/257/255 242/259/257
f 185/258/256 242/259/257 230/260/258
f 230/260/258 242/259/257 243/261/259
f 230/260/258 243/261/259 244/262/260
f 230/260/258 244/262/260 290/263/261
f 290/263/261 244/262/260 245/264/262
f 290/263/261 245/264/262 289/265/263
f 289/265/263 245/264/262 246/266/264
f 289/265/263 246/266/264 288/267/265
f 288/267/265 246/266/264 247/268/266
f 288/267/265 247/268/266 287/269/267
f 287/269/267 247/268/266 248/270/268
f 287/269/267 248/270/268 286/271/269
f 286/271/269 248/270/268 249/272/270
f 286/271/269 249/272/270 285/273/271
f 285/273/271 249/272/270 250/274/272
f 285/273/271 250/274/272 284/275/273
f 284/275/273 250/274/272 251/276/274
f 284/275/273 251/276/274 252/277/275
f 284/275/273 252/277/275 283/278/276
f 283/278/276 252/277/275 253/279/277
f 283/278/276 253/279/277 282/280/278
f 282/280/278 253/279/277 254/281/279
f 282/280/278 254/281/279 281/282/280
f 281/282/280 254/281/279 255/283/281
f 281/282/280 255/283/281 280/284/282
f 280/284/282 255/283/281 256/285/283
f 280/284/282 256/285/283 279/286/284
f 279/286/284 256/285/283 257/287/285
f 279/286/284 257/287/285 278/288/286
f 278/288/286 257/287/285 258/289/287
f 278/288/286 258/289/287 259/290/288
f 278/288/286 259/290/288 277/291/289
f 277/291/289 259/290/288 260/292/290
f 277/291/289 260/292/290 276/293/291
f 276/293/291 260/292/290 261/294/292
f 276/293/291 261/294/292 275/295/293
f 275/295/293 261/294/292 262/296/294
f 275/295/293 262/296/294 274/297/295
f 274/297/295 262/296/294 263/298/296
f 274/297/295 263/298/296 273/299/297
f 273/299/297 263/298/296 264/300/298
f 273/299/297 264/300/298 272/301/299
f 272/301/299 264/300/298 265/302/300
f 272/301/299 265/302/300 271/303/301
f 271/303/301 265/302/300 266/304/302
f 271/303/301 266/304/302 267/305/303
f 267/305/303 268/306/304 271/303/301
f 271/303/301 268/306/304 269/307/305
f 271/303/301 269/307/305 270/308/306
f 178/309/188 229/310/307 179/311/186
f 179/311/186 229/310/307 231/312/308
f 291/313/309 292/314/310 302/315/311
f 302/315/311 292/314/310 301/316/312
f 301/316/312 292/314/310 293/317/313
f 301/316/312 293/317/313 294/318/314
f 294/318/314 295/319/315 301/316/312
f 301/316/312 295/319/315 300/320/316
f 300/320/316 295/319/315 296/321/317
f 300/320/316 296/321/317 297/322/318
f 298/323/319 299/324/320 297/322/318
f 297/322/318 299/324/320 300/320/316
f 292/325/321 291/326/322 304/327/323
f 304/327/323 291/326/322 303/328/324
f 298/329/325 297/330/326 306/331/327
f 306/331/327 297/330/326 305/332/328
f 303/333/329 307/334/330 304/335/331
f 304/335/331 307/334/330 308/336/332
f 304/335/331 308/336/332 314/337/333
f 314/337/333 308/336/332 313/338/334
f 313/338/334 308/336/332 309/339/335
f 313/338/334 309/339/335 312/340/336
f 312/340/336 309/339/335 311/341/337
f 311/341/337 309/339/335 305/342/338
f 305/342/338 309/339/335 310/343/339
f 305/342/338 310/343/339 306/344/340
f 315/345/341 316/346/342 319/347/343
f 319/347/343 316/346/342 317/348/344
f 319/347/343 317/348/344 318/349/345
f 315/350/346 319/351/347 320/352/348
f 320/352/348 319/351/347 322/353/349
f 322/353/349 319/351/347 321/354/350
f 324/355/351 325/356/352 323/357/353
f 323/357/353 325/356/352 326/358/354
f 327/359/355 356/360/356 324/361/357
f 324/361/357 356/360/356 320/362/358
f 324/361/357 320/362/358 322/363/359
f 356/360/356 327/359/355 355/364/360
f 355/364/360 327/359/355 328/365/361
f 355/364/360 328/365/361 354/366/362
f 354/366/362 328/365/361 329/367/363
f 354/366/362 329/367/363 353/368/364
f 353/368/364 329/367/363 330/369/365
f 353/368/364 330/369/365 352/370/366
f 352/370/366 330/369/365 331/371/367
f 352/370/366 331/371/367 351/372/368
f 351/372/368 331/371/367 332/373/369
f 351/372/368 332/373/369 350/374/370
f 350/374/370 332/373/369 333/375/371
f 350/374/370 333/375/371 349/376/372
f 349/376/372 333/375/371 334/377/373
f 349/376/372 334/377/373 348/378/374
f 348/378/374 334/377/373 335/379/375
f 348/378/374 335/379/375 336/380/376
f 348/378/374 336/380/376 347/381/377
f 347/381/377 336/380/376 337/382/378
f 347/381/377 337/382/378 346/383/379
f 346/383/379 337/382/378 338/384/380
f 346/383/379 338/384/380 345/385/381
f 345/385/381 338/384/380 339/386/382
f 345/385/381 339/386/382 344/387/383
f 344/387/383 339/386/382 343/388/384
f 343/388/384 339/386/382 342/389/385
f 342/389/385 339/386/382 341/390/386
f 341/390/386 339/386/382 340/391/387
f 356/360/356 357/392/388 320/362/358
f 320/362/358 357/392/388 413/393/389
f 413/393/389 357/392/388 358/394/390
f 413/393/389 358/394/390 412/395/391
f 412/395/391 358/394/390 359/396/392
f 412/395/391 359/396/392 411/397/393
f 411/397/393 359/396/392 360/398/394
f 411/397/393 360/398/394 410/399/395
f 410/399/395 360/398/394 361/400/396
f 410/399/395 361/400/396 409/401/397
f 409/401/397 361/400/396 362/402/398
f 409/401/397 362/402/398 408/403/399
f 408/403/399 362/402/398 363/404/400
f 408/403/399 363/404/400 407/405/401
f 407/405/401 363/404/400 364/406/402
f 407/405/401 364/406/402 406/407/403
f 406/407/403 364/406/402 365/408/404
f 406/407/403 365/408/404 405/409/405
f 405/409/405 365/408/404 366/410/406
f 405/409/405 366/410/406 404/411/407
f 404/411/407 366/410/406 367/412/408
f 404/411/407 367/412/408 403/413/409
f 403/413/409 367/412/408 368/414/410
f 403/413/409 368/414/410 398/415/411
f 398/415/411 368/414/410 397/416/412
f 397/416/412 368/414/410 369/417/413
f 397/416/412 369/417/413 396/418/414
f 396/418/414 369/417/413 370/419/415
f 396/418/414 370/419/415 395/420/416
f 395/420/416 370/419/415 371/421/417
f 395/420/416 371/421/417 394/422/418
f 394/422/418 371/421/417 372/423/419
f 394/422/418 372/423/419 393/424/420
f 393/424/420 372/423/419 373/425/421
f 393/424/420 373/425/421 392/426/422
f 392/426/422 373/425/421 374/427/423
f 392/426/422 374/427/423 391/428/424
f 391/428/424 374/427/423 375/429/425
f 391/428/424 375/429/425 390/430/426
f 390/430/426 375/429/425 376/431/427
f 390/430/426 376/431/427 389/432/428
f 389/432/428 376/431/427 388/433/429
f 388/433/429 376/431/427 377/434/430
f 388/433/429 377/434/430 387/435/431
f 387/435/431 377/434/430 378/436/432
f 387/435/431 378/436/432 386/437/433
f 386/437/433 378/436/432 379/438/434
f 386/437/433 379/438/434 385/439/435
f 385/439/435 379/438/434 380/440/436
f 385/439/435 380/440/436 381/441/437
f 381/441/437 382/442/438 385/439/435
f 385/439/435 382/442/438 383/443/439
f 385/439/435 383/443/439 384/444/440
f 399/445/441 400/446/442 398/415/411
f 398/415/411 400/446/442 401/447/443
f 398/415/411 401/447/443 402/448/444
f 402/448/444 403/413/409 398/415/411
f 322/363/359 414/449/445 324/361/357
f 324/361/357 414/449/445 415/450/446
f 324/361/357 415/450/446 325/451/447
f 324/452/448 323/453/449 327/454/450
f 327/454/450 323/453/449 416/455/451
f 327/454/450 416/455/451 328/456/452
f 328/456/452 416/455/451 417/457/453
f 328/456/452 417/457/453 329/458/454
f 329/458/454 417/457/453 418/459/455
f 329/458/454 418/459/455 330/460/456
f 330/460/456 418/459/455 419/461/457
f 330/460/456 419/461/457 331/462/458
f 331/462/458 419/461/457 420/463/459
f 331/462/458 420/463/459 332/464/460
f 332/464/460 420/463/459 421/465/461
f 332/464/460 421/465/461 333/466/462
f 333/466/462 421/465/461 422/467/463
f 333/466/462 422/467/463 334/468/464
f 334/468/464 422/467/463 423/469/465
f 334/468/464 423/469/465 335/470/466
f 335/470/466 423/469/465 424/471/467
f 335/470/466 424/471/467 336/472/468
f 336/472/468 424/471/467 425/473/469
f 336/472/468 425/473/469 337/474/470
f 337/474/470 425/473/469 426/475/471
f 337/474/470 426/475/471 338/476/472
f 338/476/472 426/475/471 429/477/473
f 338/476/472 429/477/473 430/478/474
f 427/479/475 428/480/476 426/475/471
f 426/475/471 428/480/476 429/477/473
f 319/481/477 431/482/478 321/483/479
f 321/483/479 431/482/478 434/484/480
f 321/483/479 434/484/480 435/485/481
f 432/486/482 433/487/483 431/482/478
f 431/482/478 433/487/483 434/484/480
f 435/485/481 436/488/484 321/483/479
f 321/483/479 436/488/484 466/489/485
f 466/489/485 436/488/484 465/490/486
f 465/490/486 436/488/484 464/491/487
f 464/491/487 436/488/484 437/492/488
f 464/491/487 437/492/488 463/493/489
f 463/493/489 437/492/488 462/494/490
f 462/494/490 437/492/488 461/495/491
f 461/495/491 437/492/488 451/496/492
f 461/495/491 451/496/492 460/497/493
f 460/497/493 451/496/492 452/498/494
f 460/497/493 452/498/494 459/499/495
f 459/499/495 452/498/494 453/500/496
f 459/499/495 453/500/496 458/501/497
f 458/501/497 453/500/496 454/502/498
f 458/501/497 454/502/498 457/503/499
f 457/503/499 454/502/498 455/504/500
f 457/503/499 455/504/500 456/505/501
f 438/506/502 448/507/503 437/492/488
f 437/492/488 448/507/503 449/508/504
f 437/492/488 449/508/504 450/509/505
f 439/510/506 445/511/507 438/506/502
f 438/506/502 445/511/507 446/512/508
f 438/506/502 446/512/508 447/513/509
f 439/510/506 440/514/510 445/511/507
f 445/511/507 440/514/510 443/515/511
f 445/511/507 443/515/511 444/516/512
f 440/514/510 441/517/513 443/515/511
f 443/515/511 441/517/513 442/518/514
f 447/513/509 448/507/503 438/506/502
f 450/509/505 451/496/492 437/492/488
f 323/519/515 326/520/516 416/521/517
f 416/521/517 326/520/516 417/522/518
f 417/522/518 326/520/516 418/523/519
f 418/523/519 326/520/516 419/524/520
f 419/524/520 326/520/516 420/525/521
f 420/525/521 326/520/516 467/526/522
f 420/525/521 467/526/522 468/527/523
f 468/527/523 469/528/524 420/525/521
f 420/525/521 469/528/524 470/529/525
f 420/525/521 470/529/525 471/530/526
f 471/530/526 472/531/527 420/525/521
f 420/525/521 472/531/527 473/532/528
f 420/525/521 473/532/528 474/533/529
f 474/533/529 475/534/530 420/525/521
f 420/525/521 475/534/530 476/535/531
f 420/525/521 476/535/531 477/536/532
f 477/536/532 478/537/533 420/525/521
f 420/525/521 478/537/533 479/538/534
f 420/525/521 479/538/534 480/539/535
f 480/539/535 481/540/536 420/525/521
f 420/525/521 481/540/536 482/541/537
f 420/525/521 482/541/537 483/542/538
f 483/542/538 484/543/539 420/525/521
f 420/525/521 484/543/539 485/544/540
f 420/525/521 485/544/540 421/545/541
f 421/545/541 485/544/540 486/546/542
f 421/545/541 486/546/542 487/547/543
f 487/547/543 488/548/544 421/545/541
f 421/545/541 488/548/544 422/549/545
f 422/549/545 488/548/544 489/550/546
f 422/549/545 489/550/546 490/551/547
f 422/549/545 490/551/547 423/552/548
f 423/552/548 490/551/547 491/553/549
f 423/552/548 491/553/549 424/554/550
f 424/554/550 491/553/549 492/555/551
f 424/554/550 492/555/551 425/556/552
f 425/556/552 492/555/551 426/557/553
f 426/557/553 492/555/551 493/558/554
f 171/559/555 514/560/556 87/561/557
f 87/562/557 514/563/556 515/564/558
f 87/562/557 515/564/558 88/565/559
f 88/565/559 515/564/558 516/566/560
f 88/565/559 516/566/560 89/567/561
f 89/567/561 516/566/560 517/568/562
f 89/567/561 517/568/562 90/569/563
f 90/569/563 517/568/562 518/570/564
f 90/569/563 518/570/564 91/571/565
f 91/571/565 518/570/564 519/572/566
f 91/571/565 519/572/566 92/573/567
f 92/573/567 519/572/566 520/574/568
f 92/573/567 520/574/568 93/575/569
f 93/575/569 520/574/568 521/576/570
f 93/575/569 521/576/570 94/577/571
f 94/577/571 521/576/570 522/578/572
f 94/577/571 522/578/572 95/579/573
f 95/579/573 522/578/572 523/580/574
f 95/579/573 523/580/574 96/581/575
f 96/581/575 523/580/574 524/582/576
f 96/581/575 524/582/576 97/583/577
f 97/583/577 524/582/576 525/584/578
f 97/583/577 525/584/578 98/585/579
f 98/585/579 525/584/578 526/586/580
f 98/585/579 526/586/580 99/587/581
f 99/587/581 526/586/580 527/588/582
f 99/587/581 527/588/582 100/589/583
f 100/589/583 527/588/582 528/590/584
f 100/589/583 528/590/584 101/591/585
f 101/591/585 528/590/584 529/592/586
f 101/591/585 529/592/586 102/593/587
f 102/593/587 529/592/586 530/594/588
f 102/593/587 530/594/588 384/595/589
f 514/560/556 171/559/555 513/596/590
f 513/596/590 171/559/555 170/597/591
f 513/596/590 170/597/591 512/598/592
f 512/598/592 170/597/591 169/599/593
f 512/598/592 169/599/593 511/600/594
f 511/600/594 169/599/593 168/601/595
f 511/600/594 168/601/595 510/602/596
f 510/602/596 168/601/595 167/603/597
f 510/602/596 167/603/597 509/604/598
f 509/604/598 167/603/597 166/605/599
f 509/604/598 166/605/599 508/606/600
f 508/606/600 166/605/599 165/607/601
f 508/606/600 165/607/601 507/608/602
f 507/608/602 165/607/601 164/609/603
f 507/608/602 164/609/603 506/610/604
f 506/610/604 164/609/603 163/611/605
f 506/610/604 163/611/605 505/612/606
f 505/612/606 163/611/605 162/613/607
f 505/612/606 162/613/607 504/614/608
f 504/614/608 162/613/607 399/615/609
f 399/615/609 162/613/607 400/616/610
f 400/616/610 162/613/607 161/617/611
f 400/616/610 161/617/611 401/618/612
f 401/618/612 161/617/611 402/619/613
f 402/619/613 161/617/611 445/620/614
f 445/620/614 161/617/611 446/621/615
f 446/621/615 161/617/611 160/622/616
f 446/621/615 160/622/616 447/623/617
f 447/623/617 160/622/616 159/624/618
f 447/623/617 159/624/618 448/625/619
f 448/625/619 159/624/618 158/626/620
f 448/625/619 158/626/620 449/627/621
f 449/627/621 158/626/620 157/628/622
f 449/627/621 157/628/622 450/629/623
f 450/629/623 157/628/622 156/630/624
f 450/629/623 156/630/624 451/631/625
f 451/631/625 156/630/624 155/632/626
f 451/631/625 155/632/626 452/633/627
f 452/633/627 155/632/626 154/634/628
f 452/633/627 154/634/628 453/635/629
f 453/635/629 154/634/628 153/636/630
f 453/635/629 153/636/630 454/637/631
f 454/637/631 153/636/630 152/638/632
f 454/637/631 152/638/632 455/639/633
f 455/639/633 152/638/632 151/640/634
f 455/639/633 151/640/634 456/641/635
f 456/641/635 151/640/634 150/642/636
f 456/641/635 150/642/636 457/643/637
f 457/643/637 150/642/636 149/644/638
f 457/643/637 149/644/638 458/645/639
f 458/645/639 149/644/638 148/646/640
f 458/645/639 148/646/640 459/647/641
f 459/647/641 148/646/640 147/648/642
f 459/647/641 147/648/642 460/649/643
f 460/649/643 147/648/642 146/650/644
f 460/649/643 146/650/644 461/651/645
f 461/651/645 146/650/644 145/652/646
f 461/651/645 145/652/646 462/653/647
f 462/653/647 145/652/646 463/654/648
f 463/654/648 145/652/646 144/655/649
f 463/654/648 144/655/649 464/656/650
f 464/656/650 144/655/649 143/657/651
f 464/656/650 143/657/651 465/658/652
f 465/658/652 143/657/651 142/659/653
f 465/658/652 142/659/653 466/660/654
f 466/660/654 142/659/653 141/661/655
f 466/660/654 141/661/655 321/662/656
f 321/662/656 141/661/655 322/663/657
f 322/663/657 141/661/655 140/664/658
f 322/663/657 140/664/658 414/665/659
f 414/665/659 140/664/658 415/666/660
f 415/666/660 140/664/658 325/667/661
f 325/667/661 140/664/658 139/668/662
f 325/667/661 139/668/662 467/669/663
f 467/669/663 139/668/662 138/670/664
f 467/669/663 138/670/664 468/671/665
f 468/671/665 138/670/664 137/672/666
f 468/671/665 137/672/666 469/673/667
f 469/673/667 137/672/666 136/674/668
f 469/673/667 136/674/668 470/675/669
f 470/675/669 136/674/668 135/676/670
f 470/675/669 135/676/670 471/677/671
f 471/677/671 135/676/670 134/678/672
f 471/677/671 134/678/672 472/679/673
f 472/679/673 134/678/672 133/680/674
f 472/679/673 133/680/674 473/681/675
f 473/681/675 133/680/674 132/682/676
f 473/681/675 132/682/676 474/683/677
f 474/683/677 132/682/676 131/684/678
f 474/683/677 131/684/678 475/685/679
f 475/685/679 131/684/678 130/686/680
f 475/685/679 130/686/680 476/687/681
f 476/687/681 130/686/680 129/688/682
f 476/687/681 129/688/682 477/689/683
f 477/689/683 129/688/682 478/690/684
f 478/690/684 129/688/682 128/691/685
f 478/690/684 128/691/685 479/692/686
f 479/692/686 128/691/685 127/693/687
f 479/692/686 127/693/687 480/694/688
f 480/694/688 127/693/687 126/695/689
f 480/694/688 126/695/689 481/696/690
f 481/696/690 126/695/689 125/697/691
f 481/696/690 125/697/691 482/698/692
f 482/698/692 125/697/691 124/699/693
f 482/698/692 124/699/693 483/700/694
f 483/700/694 124/699/693 123/701/695
f 483/700/694 123/701/695 484/702/696
f 484/702/696 123/701/695 122/703/697
f 484/702/696 122/703/697 485/704/698
f 485/704/698 122/703/697 121/705/699
f 485/704/698 121/705/699 486/706/700
f 486/706/700 121/705/699 120/707/701
f 486/706/700 120/707/701 487/708/702
f 487/708/702 120/707/701 119/709/703
f 487/708/702 119/709/703 488/710/704
f 488/710/704 119/709/703 118/711/705
f 488/710/704 118/711/705 489/712/706
f 489/712/706 118/711/705 117/713/707
f 489/712/706 117/713/707 490/714/708
f 490/714/708 117/713/707 116/715/709
f 490/714/708 116/715/709 491/716/710
f 491/716/710 116/715/709 115/717/711
f 491/716/710 115/717/711 492/718/712
f 492/718/712 115/717/711 340/719/713
f 340/719/713 115/717/711 114/720/714
f 340/719/713 114/720/714 341/721/715
f 341/721/715 114/720/714 113/722/716
f 341/721/715 113/722/716 342/723/717
f 342/723/717 113/722/716 343/724/718
f 343/724/718 113/722/716 112/725/719
f 343/724/718 112/725/719 502/726/720
f 502/726/720 112/725/719 111/727/721
f 502/726/720 111/727/721 501/728/722
f 501/728/722 111/727/721 303/729/723
f 501/728/722 303/729/723 291/730/724
f 111/727/721 110/731/725 303/729/723
f 303/729/723 110/731/725 307/732/726
f 307/732/726 110/731/725 109/733/727
f 307/732/726 109/733/727 308/734/728
f 308/734/728 109/733/727 108/735/729
f 308/734/728 108/735/729 309/736/730
f 309/736/730 108/735/729 107/737/731
f 309/736/730 107/737/731 310/738/732
f 310/738/732 107/737/731 106/739/733
f 310/738/732 106/739/733 306/740/734
f 306/740/734 106/739/733 298/741/735
f 298/741/735 106/739/733 496/742/736
f 298/741/735 496/742/736 497/743/737
f 106/739/733 105/744/738 496/742/736
f 496/742/736 105/744/738 495/745/739
f 495/745/739 105/744/738 104/746/740
f 495/745/739 104/746/740 494/747/741
f 494/747/741 104/746/740 381/748/742
f 381/748/742 104/746/740 382/749/743
f 382/749/743 104/746/740 103/750/744
f 382/749/743 103/750/744 383/751/745
f 383/751/745 103/750/744 384/595/589
f 384/595/589 103/750/744 102/593/587
f 501/728/722 291/730/724 500/752/746
f 500/752/746 291/730/724 302/753/747
f 500/752/746 302/753/747 499/754/748
f 499/754/748 302/753/747 301/755/749
f 499/754/748 301/755/749 300/756/750
f 499/754/748 300/756/750 498/757/751
f 498/757/751 300/756/750 299/758/752
f 498/757/751 299/758/752 497/743/737
f 497/743/737 299/758/752 298/741/735
f 502/726/720 503/759/753 343/724/718
f 467/669/663 326/760/754 325/667/661
f 531/761/755 532/762/756 444/763/757
f 444/763/757 532/762/756 533/764/758
f 444/763/757 533/764/758 534/765/759
f 445/766/760 444/767/761 402/768/762
f 402/768/762 444/767/761 403/769/763
f 403/769/763 444/767/761 534/770/764
f 399/771/765 398/772/766 504/773/767
f 504/773/767 398/772/766 535/774/768
f 535/775/769 536/776/770 504/777/771
f 504/777/771 536/776/770 537/778/772
f 504/777/771 537/778/772 538/779/773
f 538/779/773 539/780/774 504/777/771
f 504/777/771 539/780/774 540/781/775
f 504/777/771 540/781/775 505/782/776
f 505/782/776 540/781/775 506/783/777
f 506/783/777 540/781/775 507/784/778
f 507/784/778 540/781/775 508/785/779
f 508/785/779 540/781/775 509/786/780
f 509/786/780 540/781/775 510/787/781
f 510/787/781 540/781/775 511/788/782
f 511/788/782 540/781/775 512/789/783
f 512/789/783 540/781/775 513/790/784
f 513/790/784 540/781/775 514/791/785
f 514/791/785 540/781/775 515/792/786
f 515/792/786 540/781/775 516/793/787
f 516/793/787 540/781/775 517/794/788
f 517/794/788 540/781/775 518/795/789
f 518/795/789 540/781/775 519/796/790
f 519/796/790 540/781/775 520/797/791
f 520/797/791 540/781/775 521/798/792
f 521/798/792 540/781/775 522/799/793
f 522/799/793 540/781/775 523/800/794
f 523/800/794 540/781/775 541/801/795
f 523/800/794 541/801/795 524/802/796
f 524/802/796 541/801/795 525/803/797
f 525/803/797 541/801/795 526/804/798
f 526/804/798 541/801/795 542/805/799
f 526/804/798 542/805/799 527/806/800
f 527/806/800 542/805/799 528/807/801
f 528/807/801 542/805/799 543/808/802
f 528/807/801 543/808/802 529/809/803
f 529/809/803 543/808/802 544/810/804
f 529/809/803 544/810/804 530/811/805
f 530/811/805 544/810/804 545/812/806
f 530/811/805 545/812/806 546/813/807
f 546/813/807 547/814/808 530/811/805
f 398/815/809 397/816/810 535/817/811
f 535/817/811 397/816/810 536/818/812
f 536/818/812 397/816/810 396/819/813
f 536/818/812 396/819/813 537/820/814
f 537/820/814 396/819/813 395/821/815
f 537/820/814 395/821/815 538/822/816
f 538/822/816 395/821/815 394/823/817
f 538/822/816 394/823/817 539/824/818
f 539/824/818 394/823/817 393/825/819
f 539/824/818 393/825/819 540/826/820
f 540/826/820 393/825/819 392/827/821
f 540/826/820 392/827/821 541/828/822
f 541/828/822 392/827/821 391/829/823
f 541/828/822 391/829/823 542/830/824
f 542/830/824 391/829/823 390/831/825
f 542/830/824 390/831/825 543/832/826
f 543/832/826 390/831/825 389/833/827
f 543/832/826 389/833/827 544/834/828
f 544/834/828 389/833/827 388/835/829
f 544/834/828 388/835/829 545/836/830
f 545/836/830 388/835/829 387/837/831
f 545/836/830 387/837/831 546/838/832
f 546/838/832 387/837/831 386/839/833
f 546/838/832 386/839/833 549/840/834
f 549/840/834 386/839/833 548/841/835
f 549/840/834 550/842/836 546/838/832
f 546/838/832 550/842/836 551/843/837
f 344/844/838 343/845/839 552/846/840
f 552/846/840 343/845/839 503/847/841
f 381/848/842 380/849/843 494/850/844
f 494/850/844 380/849/843 553/851/845
f 555/852/846 385/853/847 547/854/848
f 547/854/848 385/853/847 384/855/849
f 547/854/848 384/855/849 530/856/850
f 547/854/848 554/857/851 555/852/846
f 492/858/852 340/859/853 493/860/854
f 493/860/854 340/859/853 339/861/855
f 493/860/854 339/861/855 556/862/856
f 556/862/856 557/863/857 493/860/854
f 86/864/858 573/865/859 1/866/860
f 1/867/860 573/868/859 574/869/861
f 1/867/860 574/869/861 2/870/862
f 2/870/862 574/869/861 575/871/863
f 2/870/862 575/871/863 3/872/864
f 3/872/864 575/871/863 576/873/865
f 3/872/864 576/873/865 4/874/866
f 4/874/866 576/873/865 577/875/867
f 4/874/866 577/875/867 5/876/868
f 5/876/868 577/875/867 578/877/869
f 5/876/868 578/877/869 6/878/870
f 6/878/870 578/877/869 579/879/871
f 6/878/870 579/879/871 7/880/872
f 7/880/872 579/879/871 580/881/873
f 7/880/872 580/881/873 8/882/874
f 8/882/874 580/881/873 581/883/875
f 8/882/874 581/883/875 9/884/876
f 9/884/876 581/883/875 582/885/877
f 9/884/876 582/885/877 10/886/878
f 10/886/878 582/885/877 583/887/879
f 10/886/878 583/887/879 11/888/880
f 11/888/880 583/887/879 584/889/881
f 11/888/880 584/889/881 12/890/882
f 12/890/882 584/889/881 585/891/883
f 12/890/882 585/891/883 13/892/884
f 13/892/884 585/891/883 586/893/885
f 13/892/884 586/893/885 14/894/886
f 14/894/886 586/893/885 587/895/887
f 14/894/886 587/895/887 15/896/888
f 15/896/888 587/895/887 588/897/889
f 15/896/888 588/897/889 16/898/890
f 16/898/890 588/897/889 589/899/891
f 16/898/890 589/899/891 17/900/892
f 17/900/892 589/899/891 590/901/893
f 17/900/892 590/901/893 18/902/894
f 18/902/894 590/901/893 591/903/895
f 18/902/894 591/903/895 19/904/896
f 19/904/896 591/903/895 592/905/897
f 19/904/896 592/905/897 20/906/898
f 20/906/898 592/905/897 593/907/899
f 20/906/898 593/907/899 21/908/900
f 21/908/900 593/907/899 594/909/901
f 21/908/900 594/909/901 22/910/902
f 22/910/902 594/909/901 23/911/903
f 23/911/903 594/909/901 595/912/904
f 23/911/903 595/912/904 24/913/905
f 24/913/905 595/912/904 596/914/906
f 24/913/905 596/914/906 25/915/907
f 25/915/907 596/914/906 597/916/908
f 25/915/907 597/916/908 26/917/909
f 26/917/909 597/916/908 598/918/910
f 26/917/909 598/918/910 27/919/911
f 27/919/911 598/918/910 599/920/912
f 27/919/911 599/920/912 28/921/913
f 28/921/913 599/920/912 600/922/914
f 28/921/913 600/922/914 29/923/915
f 29/923/915 600/922/914 601/924/916
f 29/923/915 601/924/916 30/925/917
f 30/925/917 601/924/916 602/926/918
f 30/925/917 602/926/918 31/927/919
f 31/927/919 602/926/918 603/928/920
f 31/927/919 603/928/920 32/929/921
f 32/929/921 603/928/920 604/930/922
f 32/929/921 604/930/922 33/931/923
f 33/931/923 604/930/922 605/932/924
f 33/931/923 605/932/924 34/933/925
f 34/933/925 605/932/924 606/934/926
f 34/933/925 606/934/926 35/935/927
f 35/935/927 606/934/926 607/936/928
f 35/935/927 607/936/928 36/937/929
f 36/937/929 607/936/928 608/938/930
f 36/937/929 608/938/930 37/939/931
f 37/939/931 608/938/930 609/940/932
f 37/939/931 609/940/932 38/941/933
f 38/941/933 609/940/932 610/942/934
f 38/941/933 610/942/934 39/943/935
f 39/943/935 610/942/934 611/944/936
f 39/943/935 611/944/936 40/945/937
f 40/945/937 611/944/936 612/946/938
f 40/945/937 612/946/938 41/947/939
f 41/947/939 612/946/938 613/948/940
f 41/947/939 613/948/940 42/949/941
f 42/949/941 613/948/940 614/950/942
f 42/949/941 614/950/942 43/951/943
f 43/951/943 614/950/942 615/952/944
f 43/951/943 615/952/944 44/953/945
f 44/953/945 615/952/944 616/954/946
f 44/953/945 616/954/946 45/955/947
f 45/955/947 616/954/946 617/956/948
f 45/955/947 617/956/948 46/957/949
f 46/957/949 617/956/948 618/958/950
f 46/957/949 618/958/950 47/959/951
f 47/959/951 618/958/950 619/960/952
f 47/959/951 619/960/952 48/961/953
f 48/961/953 619/960/952 620/962/954
f 48/961/953 620/962/954 49/963/955
f 49/963/955 620/962/954 621/964/956
f 49/963/955 621/964/956 50/965/957
f 50/965/957 621/964/956 622/966/958
f 50/965/957 622/966/958 51/967/959
f 51/967/959 622/966/958 623/968/960
f 51/967/959 623/968/960 52/969/961
f 52/969/961 623/968/960 624/970/962
f 52/969/961 624/970/962 53/971/963
f 53/971/963 624/970/962 625/972/964
f 53/971/963 625/972/964 54/973/965
f 54/973/965 625/972/964 626/974/966
f 54/973/965 626/974/966 55/975/967
f 55/975/967 626/974/966 627/976/968
f 55/975/967 627/976/968 56/977/969
f 56/977/969 627/976/968 628/978/970
f 56/977/969 628/978/970 57/979/971
f 57/979/971 628/978/970 629/980/972
f 57/979/971 629/980/972 58/981/973
f 58/981/973 629/980/972 630/982/974
f 58/981/973 630/982/974 59/983/975
f 59/983/975 630/982/974 631/984/976
f 59/983/975 631/984/976 234/985/977
f 573/865/859 86/864/858 572/986/978
f 572/986/978 86/864/858 85/987/979
f 572/986/978 85/987/979 571/988/980
f 571/988/980 85/987/979 84/989/981
f 571/988/980 84/989/981 570/990/982
f 570/990/982 84/989/981 83/991/983
f 570/990/982 83/991/983 569/992/984
f 569/992/984 83/991/983 82/993/985
f 569/992/984 82/993/985 568/994/986
f 568/994/986 82/993/985 81/995/987
f 568/994/986 81/995/987 567/996/988
f 567/996/988 81/995/987 80/997/989
f 567/996/988 80/997/989 566/998/990
f 566/998/990 80/997/989 79/999/991
f 566/998/990 79/999/991 565/1000/992
f 565/1000/992 79/999/991 78/1001/993
f 565/1000/992 78/1001/993 564/1002/994
f 564/1002/994 78/1001/993 77/1003/995
f 564/1002/994 77/1003/995 563/1004/996
f 563/1004/996 77/1003/995 76/1005/997
f 563/1004/996 76/1005/997 562/1006/998
f 562/1006/998 76/1005/997 75/1007/999
f 562/1006/998 75/1007/999 561/1008/1000
f 561/1008/1000 75/1007/999 74/1009/1001
f 561/1008/1000 74/1009/1001 560/1010/1002
f 560/1010/1002 74/1009/1001 73/1011/1003
f 560/1010/1002 73/1011/1003 559/1012/1004
f 559/1012/1004 73/1011/1003 72/1013/1005
f 559/1012/1004 72/1013/1005 558/1014/1006
f 558/1014/1006 72/1013/1005 267/1015/1007
f 267/1015/1007 72/1013/1005 268/1016/1008
f 268/1016/1008 72/1013/1005 269/1017/1009
f 269/1017/1009 72/1013/1005 71/1018/1010
f 269/1017/1009 71/1018/1010 270/1019/1011
f 270/1019/1011 71/1018/1010 217/1020/1012
f 217/1020/1012 71/1018/1010 218/1021/1013
f 218/1021/1013 71/1018/1010 70/1022/1014
f 218/1021/1013 70/1022/1014 219/1023/1015
f 219/1023/1015 70/1022/1014 69/1024/1016
f 219/1023/1015 69/1024/1016 220/1025/1017
f 220/1025/1017 69/1024/1016 68/1026/1018
f 220/1025/1017 68/1026/1018 297/1027/1019
f 297/1027/1019 68/1026/1018 305/1028/1020
f 305/1028/1020 68/1026/1018 67/1029/1021
f 305/1028/1020 67/1029/1021 311/1030/1022
f 311/1030/1022 67/1029/1021 66/1031/1023
f 311/1030/1022 66/1031/1023 312/1032/1024
f 312/1032/1024 66/1031/1023 65/1033/1025
f 312/1032/1024 65/1033/1025 313/1034/1026
f 313/1034/1026 65/1033/1025 314/1035/1027
f 314/1035/1027 65/1033/1025 64/1036/1028
f 314/1035/1027 64/1036/1028 304/1037/1029
f 304/1037/1029 64/1036/1028 63/1038/1030
f 304/1037/1029 63/1038/1030 292/1039/1031
f 292/1039/1031 63/1038/1030 226/1040/1032
f 292/1039/1031 226/1040/1032 225/1041/1033
f 63/1038/1030 62/1042/1034 226/1040/1032
f 226/1040/1032 62/1042/1034 227/1043/1035
f 227/1043/1035 62/1042/1034 61/1044/1036
f 227/1043/1035 61/1044/1036 228/1045/1037
f 228/1045/1037 61/1044/1036 60/1046/1038
f 228/1045/1037 60/1046/1038 229/1047/1039
f 229/1047/1039 60/1046/1038 231/1048/1040
f 231/1048/1040 60/1046/1038 232/1049/1041
f 232/1049/1041 60/1046/1038 59/983/975
f 232/1049/1041 59/983/975 233/1050/1042
f 233/1050/1042 59/983/975 234/985/977
f 220/1025/1017 297/1027/1019 221/1051/1043
f 221/1051/1043 297/1027/1019 296/1052/1044
f 221/1051/1043 296/1052/1044 222/1053/1045
f 222/1053/1045 296/1052/1044 295/1054/1046
f 222/1053/1045 295/1054/1046 223/1055/1047
f 223/1055/1047 295/1054/1046 294/1056/1048
f 223/1055/1047 294/1056/1048 224/1057/1049
f 224/1057/1049 294/1056/1048 293/1058/1050
f 224/1057/1049 293/1058/1050 225/1041/1033
f 225/1041/1033 293/1058/1050 292/1039/1031
f 556/1059/1051 658/1060/1052 557/1061/1053
f 557/1061/1053 658/1060/1052 631/1062/1054
f 557/1061/1053 631/1062/1054 427/1063/1055
f 427/1063/1055 631/1062/1054 630/1064/1056
f 427/1063/1055 630/1064/1056 629/1065/1057
f 430/1066/1058 548/1067/1059 556/1059/1051
f 556/1059/1051 548/1067/1059 555/1068/1060
f 556/1059/1051 555/1068/1060 657/1069/1061
f 657/1069/1061 555/1068/1060 554/1070/1062
f 657/1069/1061 554/1070/1062 558/1071/1063
f 558/1071/1063 554/1070/1062 551/1072/1064
f 558/1071/1063 551/1072/1064 559/1073/1065
f 559/1073/1065 551/1072/1064 560/1074/1066
f 560/1074/1066 551/1072/1064 561/1075/1067
f 561/1075/1067 551/1072/1064 562/1076/1068
f 562/1076/1068 551/1072/1064 563/1077/1069
f 563/1077/1069 551/1072/1064 564/1078/1070
f 564/1078/1070 551/1072/1064 565/1079/1071
f 565/1079/1071 551/1072/1064 566/1080/1072
f 566/1080/1072 551/1072/1064 567/1081/1073
f 567/1081/1073 551/1072/1064 568/1082/1074
f 568/1082/1074 551/1072/1064 569/1083/1075
f 569/1083/1075 551/1072/1064 570/1084/1076
f 570/1084/1076 551/1072/1064 571/1085/1077
f 571/1085/1077 551/1072/1064 572/1086/1078
f 572/1086/1078 551/1072/1064 573/1087/1079
f 573/1087/1079 551/1072/1064 574/1088/1080
f 574/1088/1080 551/1072/1064 575/1089/1081
f 575/1089/1081 551/1072/1064 576/1090/1082
f 576/1090/1082 551/1072/1064 577/1091/1083
f 577/1091/1083 551/1072/1064 578/1092/1084
f 578/1092/1084 551/1072/1064 579/1093/1085
f 579/1093/1085 551/1072/1064 580/1094/1086
f 580/1094/1086 551/1072/1064 581/1095/1087
f 581/1095/1087 551/1072/1064 582/1096/1088
f 582/1096/1088 551/1072/1064 641/1097/1089
f 582/1096/1088 641/1097/1089 583/1098/1090
f 583/1098/1090 641/1097/1089 584/1099/1091
f 584/1099/1091 641/1097/1089 585/1100/1092
f 585/1100/1092 641/1097/1089 637/1101/1093
f 585/1100/1092 637/1101/1093 586/1102/1094
f 586/1102/1094 637/1101/1093 587/1103/1095
f 587/1103/1095 637/1101/1093 588/1104/1096
f 588/1104/1096 637/1101/1093 589/1105/1097
f 589/1105/1097 637/1101/1093 590/1106/1098
f 590/1106/1098 637/1101/1093 591/1107/1099
f 591/1107/1099 637/1101/1093 592/1108/1100
f 592/1108/1100 637/1101/1093 638/1109/1101
f 592/1108/1100 638/1109/1101 593/1110/1102
f 593/1110/1102 638/1109/1101 594/1111/1103
f 594/1111/1103 638/1109/1101 636/1112/1104
f 594/1111/1103 636/1112/1104 595/1113/1105
f 595/1113/1105 636/1112/1104 596/1114/1106
f 596/1114/1106 636/1112/1104 597/1115/1107
f 597/1115/1107 636/1112/1104 632/1116/1108
f 597/1115/1107 632/1116/1108 598/1117/1109
f 598/1117/1109 632/1116/1108 599/1118/1110
f 599/1118/1110 632/1116/1108 600/1119/1111
f 600/1119/1111 632/1116/1108 601/1120/1112
f 601/1120/1112 632/1116/1108 602/1121/1113
f 602/1121/1113 632/1116/1108 603/1122/1114
f 603/1122/1114 632/1116/1108 604/1123/1115
f 604/1123/1115 632/1116/1108 633/1124/1116
f 604/1123/1115 633/1124/1116 605/1125/1117
f 605/1125/1117 633/1124/1116 606/1126/1118
f 606/1126/1118 633/1124/1116 607/1127/1119
f 607/1127/1119 633/1124/1116 427/1063/1055
f 607/1127/1119 427/1063/1055 608/1128/1120
f 608/1128/1120 427/1063/1055 609/1129/1121
f 609/1129/1121 427/1063/1055 610/1130/1122
f 610/1130/1122 427/1063/1055 611/1131/1123
f 611/1131/1123 427/1063/1055 612/1132/1124
f 612/1132/1124 427/1063/1055 613/1133/1125
f 613/1133/1125 427/1063/1055 614/1134/1126
f 614/1134/1126 427/1063/1055 615/1135/1127
f 615/1135/1127 427/1063/1055 616/1136/1128
f 616/1136/1128 427/1063/1055 617/1137/1129
f 617/1137/1129 427/1063/1055 618/1138/1130
f 618/1138/1130 427/1063/1055 619/1139/1131
f 619/1139/1131 427/1063/1055 620/1140/1132
f 620/1140/1132 427/1063/1055 621/1141/1133
f 621/1141/1133 427/1063/1055 622/1142/1134
f 622/1142/1134 427/1063/1055 623/1143/1135
f 623/1143/1135 427/1063/1055 624/1144/1136
f 624/1144/1136 427/1063/1055 625/1145/1137
f 625/1145/1137 427/1063/1055 626/1146/1138
f 626/1146/1138 427/1063/1055 627/1147/1139
f 627/1147/1139 427/1063/1055 628/1148/1140
f 628/1148/1140 427/1063/1055 629/1065/1057
f 429/1149/1141 634/1150/1142 430/1066/1058
f 430/1066/1058 634/1150/1142 635/1151/1143
f 430/1066/1058 635/1151/1143 636/1112/1104
f 429/1149/1141 428/1152/1144 634/1150/1142
f 634/1150/1142 428/1152/1144 633/1124/1116
f 633/1124/1116 428/1152/1144 427/1063/1055
f 639/1153/1145 548/1067/1059 638/1109/1101
f 638/1109/1101 548/1067/1059 430/1066/1058
f 638/1109/1101 430/1066/1058 636/1112/1104
f 639/1153/1145 640/1154/1146 548/1067/1059
f 548/1067/1059 640/1154/1146 549/1155/1147
f 549/1155/1147 640/1154/1146 550/1156/1148
f 550/1156/1148 640/1154/1146 641/1097/1089
f 550/1156/1148 641/1097/1089 551/1072/1064
f 642/1157/1149 649/1158/1150 558/1071/1063
f 558/1071/1063 649/1158/1150 650/1159/1151
f 558/1071/1063 650/1159/1151 657/1069/1061
f 657/1069/1061 650/1159/1151 656/1160/1152
f 656/1160/1152 650/1159/1151 655/1161/1153
f 655/1161/1153 650/1159/1151 654/1162/1154
f 654/1162/1154 650/1159/1151 653/1163/1155
f 653/1163/1155 650/1159/1151 652/1164/1156
f 652/1164/1156 650/1159/1151 651/1165/1157
f 642/1157/1149 643/1166/1158 649/1158/1150
f 649/1158/1150 643/1166/1158 644/1167/1159
f 649/1158/1150 644/1167/1159 645/1168/1160
f 645/1168/1160 646/1169/1161 649/1158/1150
f 649/1158/1150 646/1169/1161 647/1170/1162
f 649/1158/1150 647/1170/1162 648/1171/1163
f 657/1069/1061 658/1060/1052 556/1059/1051
f 631/1062/1054 658/1060/1052 665/1172/1164
f 665/1172/1164 658/1060/1052 659/1173/1165
f 665/1172/1164 659/1173/1165 660/1174/1166
f 660/1174/1166 661/1175/1167 665/1172/1164
f 665/1172/1164 661/1175/1167 662/1176/1168
f 665/1172/1164 662/1176/1168 663/1177/1169
f 663/1177/1169 664/1178/1170 665/1172/1164
f 665/1172/1164 666/1179/1171 631/1062/1054
f 631/1062/1054 666/1179/1171 673/1180/1172
f 673/1180/1172 666/1179/1171 672/1181/1173
f 672/1181/1173 666/1179/1171 671/1182/1174
f 671/1182/1174 666/1179/1171 670/1183/1175
f 670/1183/1175 666/1179/1171 669/1184/1176
f 669/1184/1176 666/1179/1171 668/1185/1177
f 668/1185/1177 666/1179/1171 667/1186/1178
f 503/1187/1179 502/1188/1180 552/1189/1181
f 552/1189/1181 502/1188/1180 501/1190/1182
f 552/1189/1181 501/1190/1182 500/1191/1183
f 500/1191/1183 499/1192/1184 552/1189/1181
f 552/1189/1181 499/1192/1184 708/1193/1185
f 708/1193/1185 499/1192/1184 498/1194/1186
f 708/1193/1185 498/1194/1186 674/1195/1187
f 674/1195/1187 498/1194/1186 553/1196/1188
f 553/1196/1188 498/1194/1186 497/1197/1189
f 553/1196/1188 497/1197/1189 496/1198/1190
f 496/1198/1190 495/1199/1191 553/1196/1188
f 553/1196/1188 495/1199/1191 494/1200/1192
f 675/1201/1193 686/1202/1194 674/1195/1187
f 674/1195/1187 686/1202/1194 687/1203/1195
f 674/1195/1187 687/1203/1195 688/1204/1196
f 686/1202/1194 675/1201/1193 685/1205/1197
f 685/1205/1197 675/1201/1193 676/1206/1198
f 685/1205/1197 676/1206/1198 684/1207/1199
f 684/1207/1199 676/1206/1198 677/1208/1200
f 684/1207/1199 677/1208/1200 683/1209/1201
f 683/1209/1201 677/1208/1200 678/1210/1202
f 683/1209/1201 678/1210/1202 682/1211/1203
f 682/1211/1203 678/1210/1202 679/1212/1204
f 682/1211/1203 679/1212/1204 681/1213/1205
f 681/1213/1205 679/1212/1204 680/1214/1206
f 688/1204/1196 689/1215/1207 674/1195/1187
f 674/1195/1187 689/1215/1207 690/1216/1208
f 674/1195/1187 690/1216/1208 691/1217/1209
f 674/1195/1187 691/1217/1209 708/1193/1185
f 708/1193/1185 691/1217/1209 692/1218/1210
f 708/1193/1185 692/1218/1210 693/1219/1211
f 693/1219/1211 694/1220/1212 708/1193/1185
f 708/1193/1185 694/1220/1212 695/1221/1213
f 708/1193/1185 695/1221/1213 696/1222/1214
f 708/1193/1185 696/1222/1214 707/1223/1215
f 707/1223/1215 696/1222/1214 697/1224/1216
f 707/1223/1215 697/1224/1216 706/1225/1217
f 706/1225/1217 697/1224/1216 698/1226/1218
f 706/1225/1217 698/1226/1218 705/1227/1219
f 705/1227/1219 698/1226/1218 699/1228/1220
f 705/1227/1219 699/1228/1220 704/1229/1221
f 704/1229/1221 699/1228/1220 700/1230/1222
f 704/1229/1221 700/1230/1222 703/1231/1223
f 703/1231/1223 700/1230/1222 701/1232/1224
f 703/1231/1223 701/1232/1224 702/1233/1225
f 217/1234/1226 216/1235/1227 270/1236/1228
f 270/1236/1228 216/1235/1227 271/1237/1229
f 631/1238/1230 673/1239/1231 234/1240/1232
f 234/1240/1232 673/1239/1231 235/1241/1233
f 642/1242/1234 558/1243/1235 709/1244/1236
f 709/1244/1236 558/1243/1235 267/1245/1237
f 709/1244/1236 267/1245/1237 266/1246/1238
f 711/1247/1239 285/1248/1240 710/1249/1241
f 710/1249/1241 285/1248/1240 284/1250/1242
f 259/1251/1243 712/1252/1244 260/1253/1245
f 260/1253/1245 712/1252/1244 713/1254/1246
f 260/1253/1245 713/1254/1246 261/1255/1247
f 261/1255/1247 713/1254/1246 714/1256/1248
f 261/1255/1247 714/1256/1248 262/1257/1249
f 262/1257/1249 714/1256/1248 715/1258/1250
f 262/1257/1249 715/1258/1250 263/1259/1251
f 263/1259/1251 715/1258/1250 716/1260/1252
f 263/1259/1251 716/1260/1252 264/1261/1253
f 264/1261/1253 716/1260/1252 717/1262/1254
f 264/1261/1253 717/1262/1254 265/1263/1255
f 265/1263/1255 717/1262/1254 718/1264/1256
f 265/1263/1255 718/1264/1256 266/1265/1238
f 266/1265/1238 718/1264/1256 709/1266/1257
f 719/1267/1258 720/1268/1259 251/1269/1260
f 251/1269/1260 720/1268/1259 252/1270/1261
f 252/1270/1261 720/1268/1259 721/1271/1262
f 252/1270/1261 721/1271/1262 253/1272/1263
f 253/1272/1263 721/1271/1262 254/1273/1264
f 254/1273/1264 721/1271/1262 722/1274/1265
f 254/1273/1264 722/1274/1265 255/1275/1266
f 255/1275/1266 722/1274/1265 723/1276/1267
f 255/1275/1266 723/1276/1267 256/1277/1268
f 256/1277/1268 723/1276/1267 724/1278/1269
f 256/1277/1268 724/1278/1269 257/1279/1270
f 257/1279/1270 724/1278/1269 725/1280/1271
f 257/1279/1270 725/1280/1271 258/1281/1272
f 258/1281/1272 725/1280/1271 726/1282/1273
f 493/1283/1274 557/1284/1275 426/1285/1276
f 426/1285/1276 557/1284/1275 427/1286/1277
f 431/1287/1278 319/1288/1279 632/1289/1280
f 632/1289/1280 319/1288/1279 633/1290/1281
f 633/1290/1281 319/1288/1279 318/1291/1282
f 554/1292/1283 547/1293/1284 551/1294/1285
f 551/1294/1285 547/1293/1284 546/1295/1286
f 443/1296/1287 637/1297/1288 444/1298/1289
f 444/1298/1289 637/1297/1288 641/1299/1290
f 444/1298/1289 641/1299/1290 531/1300/1291
f 637/1301/1292 443/1302/1293 638/1303/1294
f 638/1303/1294 443/1302/1293 442/1304/1295
f 642/1305/1234 709/1306/1236 643/1307/1296
f 643/1307/1296 709/1306/1236 718/1308/1297
f 643/1307/1296 718/1308/1297 644/1309/1298
f 644/1309/1298 718/1308/1297 717/1310/1299
f 644/1309/1298 717/1310/1299 645/1311/1300
f 645/1311/1300 717/1310/1299 716/1312/1301
f 645/1311/1300 716/1312/1301 646/1313/1302
f 646/1313/1302 716/1312/1301 715/1314/1303
f 646/1313/1302 715/1314/1303 647/1315/1304
f 647/1315/1304 715/1314/1303 714/1316/1305
f 647/1315/1304 714/1316/1305 648/1317/1306
f 648/1317/1306 714/1316/1305 713/1318/1307
f 648/1317/1306 713/1318/1307 649/1319/1308
f 649/1319/1308 713/1318/1307 712/1320/1244
f 320/1321/1309 634/1322/1310 315/1323/1311
f 315/1323/1311 634/1322/1310 633/1324/1312
f 315/1323/1311 633/1324/1312 316/1325/1313
f 316/1325/1313 633/1324/1312 317/1326/1314
f 317/1326/1314 633/1324/1312 318/1327/1315
f 634/1322/1310 320/1321/1309 635/1328/1316
f 635/1328/1316 320/1321/1309 413/1329/1317
f 635/1328/1316 413/1329/1317 432/1330/1318
f 432/1330/1318 413/1329/1317 433/1331/1319
f 433/1331/1319 413/1329/1317 412/1332/1320
f 433/1331/1319 412/1332/1320 434/1333/1321
f 434/1333/1321 412/1332/1320 411/1334/1322
f 434/1333/1321 411/1334/1322 435/1335/1323
f 435/1335/1323 411/1334/1322 410/1336/1324
f 435/1335/1323 410/1336/1324 436/1337/1325
f 436/1337/1325 410/1336/1324 409/1338/1326
f 436/1337/1325 409/1338/1326 437/1339/1327
f 437/1339/1327 409/1338/1326 408/1340/1328
f 437/1339/1327 408/1340/1328 438/1341/1329
f 438/1341/1329 408/1340/1328 407/1342/1330
f 438/1341/1329 407/1342/1330 439/1343/1331
f 439/1343/1331 407/1342/1330 406/1344/1332
f 439/1343/1331 406/1344/1332 440/1345/1333
f 440/1345/1333 406/1344/1332 405/1346/1334
f 440/1345/1333 405/1346/1334 441/1347/1335
f 441/1347/1335 405/1346/1334 404/1348/1336
f 441/1347/1335 404/1348/1336 442/1349/1337
f 442/1349/1337 404/1348/1336 639/1350/1338
f 442/1349/1337 639/1350/1338 638/1351/1339
f 404/1348/1336 403/1352/1340 639/1350/1338
f 639/1350/1338 403/1352/1340 640/1353/1341
f 640/1353/1341 403/1352/1340 534/1354/1342
f 640/1353/1341 534/1354/1342 641/1355/1343
f 641/1355/1343 534/1354/1342 533/1356/1344
f 641/1355/1343 533/1356/1344 532/1357/1345
f 532/1357/1345 531/1358/1346 641/1355/1343
f 432/1330/1318 636/1359/1347 635/1328/1316
f 345/1360/1348 708/1361/1349 346/1362/1350
f 346/1362/1350 708/1361/1349 707/1363/1351
f 346/1362/1350 707/1363/1351 347/1364/1352
f 347/1364/1352 707/1363/1351 706/1365/1353
f 347/1364/1352 706/1365/1353 348/1366/1354
f 348/1366/1354 706/1365/1353 705/1367/1355
f 348/1366/1354 705/1367/1355 349/1368/1356
f 349/1368/1356 705/1367/1355 704/1369/1357
f 349/1368/1356 704/1369/1357 350/1370/1358
f 350/1370/1358 704/1369/1357 703/1371/1359
f 350/1370/1358 703/1371/1359 351/1372/1360
f 351/1372/1360 703/1371/1359 702/1373/1361
f 351/1372/1360 702/1373/1361 352/1374/1362
f 352/1374/1362 702/1373/1361 701/1375/1363
f 352/1374/1362 701/1375/1363 353/1376/1364
f 353/1376/1364 701/1375/1363 700/1377/1365
f 353/1376/1364 700/1377/1365 354/1378/1366
f 354/1378/1366 700/1377/1365 699/1379/1367
f 354/1378/1366 699/1379/1367 355/1380/1368
f 355/1380/1368 699/1379/1367 698/1381/1369
f 355/1380/1368 698/1381/1369 356/1382/1370
f 356/1382/1370 698/1381/1369 697/1383/1371
f 356/1382/1370 697/1383/1371 357/1384/1372
f 357/1384/1372 697/1383/1371 696/1385/1373
f 357/1384/1372 696/1385/1373 358/1386/1374
f 358/1386/1374 696/1385/1373 695/1387/1375
f 358/1386/1374 695/1387/1375 359/1388/1376
f 359/1388/1376 695/1387/1375 694/1389/1377
f 359/1388/1376 694/1389/1377 360/1390/1378
f 360/1390/1378 694/1389/1377 693/1391/1379
f 360/1390/1378 693/1391/1379 361/1392/1380
f 361/1392/1380 693/1391/1379 692/1393/1381
f 361/1392/1380 692/1393/1381 362/1394/1382
f 362/1394/1382 692/1393/1381 691/1395/1383
f 362/1394/1382 691/1395/1383 363/1396/1384
f 363/1396/1384 691/1395/1383 690/1397/1385
f 363/1396/1384 690/1397/1385 364/1398/1386
f 364/1398/1386 690/1397/1385 689/1399/1387
f 364/1398/1386 689/1399/1387 365/1400/1388
f 365/1400/1388 689/1399/1387 688/1401/1389
f 365/1400/1388 688/1401/1389 366/1402/1390
f 366/1402/1390 688/1401/1389 687/1403/1391
f 366/1402/1390 687/1403/1391 367/1404/1392
f 367/1404/1392 687/1403/1391 686/1405/1393
f 367/1404/1392 686/1405/1393 368/1406/1394
f 368/1406/1394 686/1405/1393 685/1407/1395
f 368/1406/1394 685/1407/1395 369/1408/1396
f 369/1408/1396 685/1407/1395 684/1409/1397
f 369/1408/1396 684/1409/1397 370/1410/1398
f 370/1410/1398 684/1409/1397 683/1411/1399
f 370/1410/1398 683/1411/1399 371/1412/1400
f 371/1412/1400 683/1411/1399 682/1413/1401
f 371/1412/1400 682/1413/1401 372/1414/1402
f 372/1414/1402 682/1413/1401 681/1415/1403
f 372/1414/1402 681/1415/1403 373/1416/1404
f 373/1416/1404 681/1415/1403 680/1417/1405
f 373/1416/1404 680/1417/1405 374/1418/1406
f 374/1418/1406 680/1417/1405 679/1419/1407
f 374/1418/1406 679/1419/1407 375/1420/1408
f 375/1420/1408 679/1419/1407 678/1421/1409
f 375/1420/1408 678/1421/1409 376/1422/1410
f 376/1422/1410 678/1421/1409 677/1423/1411
f 376/1422/1410 677/1423/1411 377/1424/1412
f 377/1424/1412 677/1423/1411 676/1425/1413
f 377/1424/1412 676/1425/1413 378/1426/1414
f 378/1426/1414 676/1425/1413 675/1427/1415
f 378/1426/1414 675/1427/1415 379/1428/1416
f 379/1428/1416 675/1427/1415 674/1429/1417
f 431/1430/1418 632/1431/1419 432/1432/1420
f 432/1432/1420 632/1431/1419 636/1433/1421
f 553/1434/1422 729/1435/1423 674/1436/1424
f 674/1436/1424 729/1435/1423 730/1437/1425
f 674/1436/1424 730/1437/1425 379/1438/1426
f 379/1438/1426 730/1437/1425 380/1439/1427
f 380/1439/1427 730/1437/1425 727/1440/1428
f 380/1439/1427 727/1440/1428 553/1434/1422
f 553/1434/1422 727/1440/1428 728/1441/1429
f 553/1434/1422 728/1441/1429 729/1435/1423
f 271/1442/1229 216/1443/1227 731/1444/1430
f 731/1444/1430 216/1443/1227 215/1445/1431
f 731/1444/1430 215/1445/1431 732/1446/1432
f 732/1446/1432 215/1445/1431 214/1447/1433
f 732/1446/1432 214/1447/1433 733/1448/1434
f 733/1448/1434 214/1447/1433 213/1449/1435
f 733/1448/1434 213/1449/1435 734/1450/1436
f 734/1450/1436 213/1449/1435 212/1451/1437
f 734/1450/1436 212/1451/1437 735/1452/1438
f 735/1452/1438 212/1451/1437 211/1453/1439
f 735/1452/1438 211/1453/1439 210/1454/1440
f 210/1454/1440 277/1455/1441 735/1452/1438
f 735/1452/1438 277/1455/1441 276/1456/1442
f 735/1452/1438 276/1456/1442 734/1450/1436
f 734/1450/1436 276/1456/1442 275/1457/1443
f 734/1450/1436 275/1457/1443 733/1448/1434
f 733/1448/1434 275/1457/1443 274/1458/1444
f 733/1448/1434 274/1458/1444 732/1446/1432
f 732/1446/1432 274/1458/1444 273/1459/1445
f 732/1446/1432 273/1459/1445 731/1444/1430
f 731/1444/1430 273/1459/1445 272/1460/1446
f 731/1444/1430 272/1460/1446 271/1442/1229
f 210/1461/1440 209/1462/1447 277/1463/1441
f 277/1463/1441 209/1462/1447 278/1464/1448
f 278/1465/1448 209/1466/1447 736/1467/1449
f 736/1467/1449 209/1466/1447 208/1468/1450
f 736/1467/1449 208/1468/1450 737/1469/1451
f 737/1469/1451 208/1468/1450 207/1470/1452
f 737/1469/1451 207/1470/1452 738/1471/1453
f 738/1471/1453 207/1470/1452 206/1472/1454
f 738/1471/1453 206/1472/1454 739/1473/1455
f 739/1473/1455 206/1472/1454 205/1474/1456
f 739/1473/1455 205/1474/1456 740/1475/1457
f 740/1475/1457 205/1474/1456 204/1476/1458
f 740/1475/1457 204/1476/1458 203/1477/1459
f 203/1477/1459 710/1478/1460 740/1475/1457
f 740/1475/1457 710/1478/1460 283/1479/1461
f 740/1475/1457 283/1479/1461 739/1473/1455
f 739/1473/1455 283/1479/1461 282/1480/1462
f 739/1473/1455 282/1480/1462 738/1471/1453
f 738/1471/1453 282/1480/1462 281/1481/1463
f 738/1471/1453 281/1481/1463 737/1469/1451
f 737/1469/1451 281/1481/1463 280/1482/1464
f 737/1469/1451 280/1482/1464 736/1467/1449
f 736/1467/1449 280/1482/1464 279/1483/1465
f 736/1467/1449 279/1483/1465 278/1465/1448
f 710/1478/1460 284/1484/1466 283/1479/1461
f 203/1485/1459 202/1486/1467 710/1487/1460
f 710/1487/1460 202/1486/1467 711/1488/1468
f 711/1489/1468 202/1490/1467 741/1491/1469
f 741/1491/1469 202/1490/1467 201/1492/1470
f 741/1491/1469 201/1492/1470 742/1493/1471
f 742/1493/1471 201/1492/1470 200/1494/1472
f 742/1493/1471 200/1494/1472 743/1495/1473
f 743/1495/1473 200/1494/1472 199/1496/1474
f 743/1495/1473 199/1496/1474 744/1497/1475
f 744/1497/1475 199/1496/1474 198/1498/1476
f 744/1497/1475 198/1498/1476 745/1499/1477
f 745/1499/1477 198/1498/1476 197/1500/1478
f 745/1499/1477 197/1500/1478 196/1501/238
f 196/1501/238 230/1502/237 745/1499/1477
f 745/1499/1477 230/1502/237 290/1503/1479
f 745/1499/1477 290/1503/1479 744/1497/1475
f 744/1497/1475 290/1503/1479 289/1504/1480
f 744/1497/1475 289/1504/1480 743/1495/1473
f 743/1495/1473 289/1504/1480 288/1505/1481
f 743/1495/1473 288/1505/1481 742/1493/1471
f 742/1493/1471 288/1505/1481 287/1506/1482
f 742/1493/1471 287/1506/1482 741/1491/1469
f 741/1491/1469 287/1506/1482 286/1507/1483
f 741/1491/1469 286/1507/1483 711/1489/1468
f 711/1489/1468 286/1507/1483 285/1508/1484
f 746/1509/1485 747/1510/1486 729/1511/1487
f 729/1511/1487 747/1510/1486 730/1512/1488
f 748/1513/1489 749/1514/1490 751/1515/1491
f 751/1515/1491 749/1514/1490 750/1516/1492
f 752/1517/1493 746/1518/1494 728/1519/1495
f 728/1519/1495 746/1518/1494 729/1520/1496
f 747/1521/1497 753/1522/1498 730/1523/1499
f 730/1523/1499 753/1522/1498 727/1524/1500
f 754/1525/1501 748/1526/1502 755/1527/1503
f 755/1527/1503 748/1526/1502 751/1528/1504
f 753/1529/1505 752/1530/1506 727/1531/1507
f 727/1531/1507 752/1530/1506 728/1532/1508
f 756/1533/1509 754/1534/1510 757/1535/1511
f 757/1535/1511 754/1534/1510 755/1536/1512
f 749/1537/1513 756/1538/1514 750/1539/1515
f 750/1539/1515 756/1538/1514 757/1540/1516
f 657/1541/1517 719/1542/1518 658/1543/1519
f 658/1543/1519 719/1542/1518 250/1544/1520
f 250/1544/1520 719/1542/1518 251/1545/1260
f 243/1546/1521 665/1547/1522 758/1548/1523
f 758/1548/1523 665/1547/1522 664/1549/1524
f 758/1548/1523 664/1549/1524 759/1550/1525
f 759/1550/1525 664/1549/1524 663/1551/1526
f 759/1550/1525 663/1551/1526 760/1552/1527
f 760/1552/1527 663/1551/1526 662/1553/1528
f 760/1552/1527 662/1553/1528 761/1554/1529
f 761/1554/1529 662/1553/1528 661/1555/1530
f 761/1554/1529 661/1555/1530 762/1556/1531
f 762/1556/1531 661/1555/1530 660/1557/1532
f 762/1556/1531 660/1557/1532 763/1558/1533
f 763/1558/1533 660/1557/1532 659/1559/1534
f 763/1558/1533 659/1559/1534 658/1560/1519
f 658/1560/1519 250/1561/1520 763/1558/1533
f 763/1558/1533 250/1561/1520 249/1562/1535
f 763/1558/1533 249/1562/1535 762/1556/1531
f 762/1556/1531 249/1562/1535 248/1563/1536
f 762/1556/1531 248/1563/1536 761/1554/1529
f 761/1554/1529 248/1563/1536 247/1564/1537
f 761/1554/1529 247/1564/1537 760/1552/1527
f 760/1552/1527 247/1564/1537 246/1565/1538
f 760/1552/1527 246/1565/1538 759/1550/1525
f 759/1550/1525 246/1565/1538 245/1566/1539
f 759/1550/1525 245/1566/1539 758/1548/1523
f 758/1548/1523 245/1566/1539 244/1567/1540
f 758/1548/1523 244/1567/1540 243/1546/1521
f 666/1568/1541 665/1569/1522 242/1570/1542
f 242/1570/1542 665/1569/1522 243/1571/1521
f 667/1572/1543 666/1573/1541 764/1574/1544
f 764/1574/1544 666/1573/1541 242/1575/1542
f 764/1574/1544 242/1575/1542 241/1576/1545
f 764/1574/1544 241/1576/1545 765/1577/1546
f 765/1577/1546 241/1576/1545 240/1578/1547
f 765/1577/1546 240/1578/1547 766/1579/1548
f 766/1579/1548 240/1578/1547 239/1580/1549
f 766/1579/1548 239/1580/1549 767/1581/1550
f 767/1581/1550 239/1580/1549 238/1582/1551
f 767/1581/1550 238/1582/1551 768/1583/1552
f 768/1583/1552 238/1582/1551 237/1584/1553
f 768/1583/1552 237/1584/1553 769/1585/1554
f 769/1585/1554 237/1584/1553 236/1586/1555
f 769/1585/1554 236/1586/1555 235/1587/1233
f 235/1587/1233 673/1588/1231 769/1585/1554
f 769/1585/1554 673/1588/1231 672/1589/1556
f 769/1585/1554 672/1589/1556 768/1583/1552
f 768/1583/1552 672/1589/1556 671/1590/1557
f 768/1583/1552 671/1590/1557 767/1581/1550
f 767/1581/1550 671/1590/1557 670/1591/1558
f 767/1581/1550 670/1591/1558 766/1579/1548
f 766/1579/1548 670/1591/1558 669/1592/1559
f 766/1579/1548 669/1592/1559 765/1577/1546
f 765/1577/1546 669/1592/1559 668/1593/1560
f 765/1577/1546 668/1593/1560 764/1574/1544
f 764/1574/1544 668/1593/1560 667/1572/1543
f 650/1594/1561 649/1595/1308 726/1596/1562
f 726/1596/1562 649/1595/1308 712/1597/1244
f 726/1596/1562 712/1597/1244 259/1598/1243
f 259/1598/1243 258/1599/1272 726/1596/1562
f 719/1600/1518 657/1601/1517 720/1602/1563
f 720/1602/1563 657/1601/1517 656/1603/1564
f 720/1602/1563 656/1603/1564 721/1604/1565
f 721/1604/1565 656/1603/1564 655/1605/1566
f 721/1604/1565 655/1605/1566 722/1606/1567
f 722/1606/1567 655/1605/1566 654/1607/1568
f 722/1606/1567 654/1607/1568 723/1608/1569
f 723/1608/1569 654/1607/1568 653/1609/1570
f 723/1608/1569 653/1609/1570 724/1610/1571
f 724/1610/1571 653/1609/1570 652/1611/1572
f 724/1610/1571 652/1611/1572 725/1612/1573
f 725/1612/1573 652/1611/1572 651/1613/1574
f 725/1612/1573 651/1613/1574 726/1614/1562
f 726/1614/1562 651/1613/1574 650/1615/1561
f 756/1616/1575 556/1617/1576 754/1618/1577
f 754/1618/1577 556/1617/1576 339/1619/1578
f 754/1618/1577 339/1619/1578 748/1620/1579
f 748/1620/1579 339/1619/1578 338/1621/1580
f 748/1620/1579 338/1621/1580 430/1622/1581
f 756/1616/1575 749/1623/1582 556/1617/1576
f 556/1617/1576 749/1623/1582 430/1622/1581
f 430/1622/1581 749/1623/1582 748/1620/1579
f 708/1624/1583 750/1625/1584 552/1626/1585
f 552/1626/1585 750/1625/1584 757/1627/1586
f 552/1626/1585 757/1627/1586 755/1628/1587
f 750/1625/1584 708/1624/1583 751/1629/1588
f 751/1629/1588 708/1624/1583 345/1630/1589
f 751/1629/1588 345/1630/1589 344/1631/1590
f 751/1629/1588 344/1631/1590 755/1628/1587
f 755/1628/1587 344/1631/1590 552/1626/1585
f 746/1632/1591 752/1633/1592 555/1634/1593
f 555/1634/1593 752/1633/1592 753/1635/1594
f 555/1634/1593 753/1635/1594 385/1636/1595
f 385/1636/1595 753/1635/1594 747/1637/1596
f 385/1636/1595 747/1637/1596 386/1638/1597
f 386/1638/1597 747/1637/1596 548/1639/1598
f 548/1639/1598 747/1637/1596 746/1632/1591
f 548/1639/1598 746/1632/1591 555/1634/1593
# 769 vertices
# 1639 texture params
# 1598 normals
# 1562 facets

# 1 groups
