# WaveFront *.obj file (generated by Autodesk ATF)

mtllib Slot.mtl

g Slot

v 1.000000 -49.989999 2.000000
v 1.000000 -49.989999 22.000000
v 4.036444 -49.836806 22.000000
v 7.057964 -49.499346 22.000000
v 10.053387 -48.978868 22.000000
v 13.011640 -48.277296 22.000000
v 15.921783 -47.397225 22.000000
v 18.773058 -46.341907 22.000000
v 21.554921 -45.115246 22.000000
v 24.257087 -43.721777 22.000000
v 26.869566 -42.166651 22.000000
v 29.382698 -40.455620 22.000000
v 31.787190 -38.595008 22.000000
v 34.074153 -36.591695 22.000000
v 36.235131 -34.453089 22.000000
v 38.262133 -32.187097 22.000000
v 40.147666 -29.802097 22.000000
v 41.884758 -27.306907 22.000000
v 43.466985 -24.710753 22.000000
v 44.888498 -22.023233 22.000000
v 46.144042 -19.254285 22.000000
v 47.228973 -16.414147 22.000000
v 48.139280 -13.513320 22.000000
v 48.871598 -10.562528 22.000000
v 49.423219 -7.572683 22.000000
v 49.792103 -4.554838 22.000000
v 49.976887 -1.520153 22.000000
v 49.976887 1.520153 22.000000
v 49.792103 4.554838 22.000000
v 49.423219 7.572683 22.000000
v 48.871598 10.562528 22.000000
v 48.139280 13.513320 22.000000
v 47.228973 16.414147 22.000000
v 46.144042 19.254285 22.000000
v 44.888498 22.023233 22.000000
v 43.466985 24.710753 22.000000
v 41.884758 27.306907 22.000000
v 40.147666 29.802097 22.000000
v 38.262133 32.187097 22.000000
v 36.235131 34.453089 22.000000
v 34.074153 36.591695 22.000000
v 31.787190 38.595008 22.000000
v 29.382698 40.455620 22.000000
v 26.869566 42.166651 22.000000
v 24.257087 43.721777 22.000000
v 21.554921 45.115246 22.000000
v 18.773058 46.341907 22.000000
v 15.921783 47.397225 22.000000
v 13.011640 48.277296 22.000000
v 10.053387 48.978868 22.000000
v 7.057964 49.499346 22.000000
v 4.036444 49.836806 22.000000
v 1.000000 49.989999 22.000000
v 1.000000 49.989999 2.000000
v 3.389330 49.884992 2.000000
v 5.770905 49.665850 2.000000
v 8.139276 49.333074 2.000000
v 10.489025 48.887425 2.000000
v 12.814775 48.329924 2.000000
v 15.111206 47.661845 2.000000
v 17.373062 46.884717 2.000000
v 19.595170 46.000319 2.000000
v 21.772444 45.010673 2.000000
v 23.899904 43.918044 2.000000
v 25.972682 42.724932 2.000000
v 27.986034 41.434067 2.000000
v 29.935356 40.048402 2.000000
v 31.816186 38.571107 2.000000
v 33.624222 37.005563 2.000000
v 35.355327 35.355351 2.000000
v 37.005540 33.624247 2.000000
v 38.571085 31.816212 2.000000
v 40.048381 29.935383 2.000000
v 41.434048 27.986062 2.000000
v 42.724915 25.972710 2.000000
v 43.918028 23.899934 2.000000
v 45.010658 21.772475 2.000000
v 46.000305 19.595201 2.000000
v 46.884705 17.373094 2.000000
v 47.661835 15.111238 2.000000
v 48.329915 12.814808 2.000000
v 48.887418 10.489058 2.000000
v 49.333068 8.139309 2.000000
v 49.665846 5.770938 2.000000
v 49.884990 3.389363 2.000000
v 49.989998 1.000034 2.000000
v 49.989998 -1.000034 2.000000
v 49.884990 -3.389363 2.000000
v 49.665846 -5.770938 2.000000
v 49.333068 -8.139309 2.000000
v 48.887418 -10.489058 2.000000
v 48.329915 -12.814808 2.000000
v 47.661835 -15.111238 2.000000
v 46.884705 -17.373094 2.000000
v 46.000305 -19.595201 2.000000
v 45.010658 -21.772475 2.000000
v 43.918028 -23.899934 2.000000
v 42.724915 -25.972710 2.000000
v 41.434048 -27.986062 2.000000
v 40.048381 -29.935383 2.000000
v 38.571085 -31.816212 2.000000
v 37.005540 -33.624247 2.000000
v 35.355327 -35.355351 2.000000
v 33.624222 -37.005563 2.000000
v 31.816186 -38.571107 2.000000
v 29.935356 -40.048402 2.000000
v 27.986034 -41.434067 2.000000
v 25.972682 -42.724932 2.000000
v 23.899904 -43.918044 2.000000
v 21.772444 -45.010673 2.000000
v 19.595170 -46.000319 2.000000
v 17.373062 -46.884717 2.000000
v 15.111206 -47.661845 2.000000
v 12.814775 -48.329924 2.000000
v 10.489025 -48.887425 2.000000
v 8.139276 -49.333074 2.000000
v 5.770905 -49.665850 2.000000
v 3.389330 -49.884992 2.000000
v -1.000000 -49.989999 2.000000
v -1.000000 -49.989999 22.000000
v -0.333353 -49.998889 22.000000
v 0.333353 -49.998889 22.000000
v 0.333353 -49.998889 2.000000
v -0.333353 -49.998889 2.000000
v -49.989999 -1.000000 2.000000
v -49.989999 -1.000000 22.000000
v -49.844538 -3.939812 22.000000
v -49.526342 -6.865971 22.000000
v -49.036514 -9.768337 22.000000
v -48.376752 -12.636850 22.000000
v -47.549342 -15.461571 22.000000
v -46.557151 -18.232710 22.000000
v -45.403619 -20.940665 22.000000
v -44.092742 -23.576051 22.000000
v -42.629063 -26.129734 22.000000
v -41.017655 -28.592867 22.000000
v -39.264102 -30.956911 22.000000
v -37.374481 -33.213676 22.000000
v -35.355340 -35.355340 22.000000
v -33.213676 -37.374481 22.000000
v -30.956911 -39.264102 22.000000
v -28.592867 -41.017655 22.000000
v -26.129734 -42.629063 22.000000
v -23.576051 -44.092742 22.000000
v -20.940665 -45.403619 22.000000
v -18.232710 -46.557151 22.000000
v -15.461571 -47.549342 22.000000
v -12.636850 -48.376752 22.000000
v -9.768337 -49.036514 22.000000
v -6.865971 -49.526342 22.000000
v -3.939812 -49.844538 22.000000
v -3.939812 -49.844537 2.000000
v -6.865971 -49.526341 2.000000
v -9.768336 -49.036513 2.000000
v -12.636850 -48.376751 2.000000
v -15.461571 -47.549341 2.000000
v -18.232710 -46.557151 2.000000
v -20.940665 -45.403618 2.000000
v -23.576050 -44.092741 2.000000
v -26.129734 -42.629063 2.000000
v -28.592866 -41.017655 2.000000
v -30.956911 -39.264102 2.000000
v -33.213675 -37.374480 2.000000
v -35.355339 -35.355339 2.000000
v -37.374480 -33.213675 2.000000
v -39.264102 -30.956911 2.000000
v -41.017655 -28.592866 2.000000
v -42.629063 -26.129734 2.000000
v -44.092741 -23.576050 2.000000
v -45.403618 -20.940665 2.000000
v -46.557151 -18.232710 2.000000
v -47.549341 -15.461571 2.000000
v -48.376751 -12.636850 2.000000
v -49.036513 -9.768336 2.000000
v -49.526341 -6.865971 2.000000
v -49.844537 -3.939812 2.000000
v -49.998889 -0.333353 2.000000
v -49.998889 0.333353 2.000000
v -49.989999 1.000000 2.000000
v -49.989999 1.000000 22.000000
v -49.998889 0.333353 22.000000
v -49.998889 -0.333353 22.000000
v -49.844537 3.939812 2.000000
v -49.526341 6.865971 2.000000
v -49.036513 9.768336 2.000000
v -48.376751 12.636850 2.000000
v -47.549341 15.461571 2.000000
v -46.557151 18.232710 2.000000
v -45.403618 20.940665 2.000000
v -44.092741 23.576050 2.000000
v -42.629063 26.129734 2.000000
v -41.017655 28.592866 2.000000
v -39.264102 30.956911 2.000000
v -37.374480 33.213675 2.000000
v -35.355339 35.355339 2.000000
v -33.213675 37.374480 2.000000
v -30.956911 39.264102 2.000000
v -28.592866 41.017655 2.000000
v -26.129734 42.629063 2.000000
v -23.576050 44.092741 2.000000
v -20.940665 45.403618 2.000000
v -18.232710 46.557151 2.000000
v -15.461571 47.549341 2.000000
v -12.636850 48.376751 2.000000
v -9.768336 49.036513 2.000000
v -6.865971 49.526341 2.000000
v -3.939812 49.844537 2.000000
v -1.000000 49.989999 2.000000
v -1.000000 49.989999 22.000000
v -3.939812 49.844538 22.000000
v -6.865971 49.526342 22.000000
v -9.768337 49.036514 22.000000
v -12.636850 48.376752 22.000000
v -15.461571 47.549342 22.000000
v -18.232710 46.557151 22.000000
v -20.940665 45.403619 22.000000
v -23.576051 44.092742 22.000000
v -26.129734 42.629063 22.000000
v -28.592867 41.017655 22.000000
v -30.956911 39.264102 22.000000
v -33.213676 37.374481 22.000000
v -35.355340 35.355340 22.000000
v -37.374481 33.213676 22.000000
v -39.264102 30.956911 22.000000
v -41.017655 28.592867 22.000000
v -42.629063 26.129734 22.000000
v -44.092742 23.576051 22.000000
v -45.403619 20.940665 22.000000
v -46.557151 18.232710 22.000000
v -47.549342 15.461571 22.000000
v -48.376752 12.636850 22.000000
v -49.036514 9.768337 22.000000
v -49.526342 6.865971 22.000000
v -49.844538 3.939812 22.000000
v -0.333353 49.998889 2.000000
v 0.333353 49.998889 2.000000
v 0.333353 49.998889 22.000000
v -0.333353 49.998889 22.000000
v 51.000001 0.000000 0.000000
v 50.908717 3.050012 0.000000
v 50.635194 6.089106 0.000000
v 50.180410 9.106402 0.000000
v 49.545993 12.091099 0.000000
v 48.734214 15.032514 0.000000
v 47.747979 17.920116 0.000000
v 46.590819 20.743569 0.000000
v 45.266876 23.492765 0.000000
v 43.780889 26.157864 0.000000
v 42.138178 28.729323 0.000000
v 40.344623 31.197940 0.000000
v 38.406645 33.554876 0.000000
v 36.331181 35.791694 0.000000
v 34.125661 37.900387 0.000000
v 31.797980 39.873406 0.000000
v 29.356471 41.703689 0.000000
v 26.809873 43.384684 0.000000
v 24.167302 44.910373 0.000000
v 21.438219 46.275294 0.000000
v 18.632393 47.474562 0.000000
v 15.759867 48.503883 0.000000
v 12.830925 49.359573 0.000000
v 9.856052 50.038568 0.000000
v 6.845897 50.538439 0.000000
v 3.811235 50.857394 0.000000
v 0.762930 50.994294 0.000000
v -2.288106 50.948647 0.000000
v -5.330952 50.720617 0.000000
v -8.354714 50.311021 0.000000
v -11.348568 49.721324 0.000000
v -14.301797 48.953638 0.000000
v -17.203830 48.010711 0.000000
v -20.044277 46.895917 0.000000
v -22.812971 45.613248 0.000000
v -25.500000 44.167296 0.000000
v -28.095746 42.563237 0.000000
v -30.590917 40.806812 0.000000
v -32.976580 38.904309 0.000000
v -35.244196 36.862539 0.000000
v -37.385646 34.688810 0.000000
v -39.393266 32.390905 0.000000
v -41.259867 29.977048 0.000000
v -42.978770 27.455882 0.000000
v -44.543819 24.836430 0.000000
v -45.949413 22.128071 0.000000
v -47.190520 19.340499 0.000000
v -48.262697 16.483693 0.000000
v -49.162107 13.567879 0.000000
v -49.885528 10.603496 0.000000
v -50.430373 7.601156 0.000000
v -50.794690 4.571605 0.000000
v -50.977175 1.525689 0.000000
v -50.977175 -1.525689 0.000000
v -50.794690 -4.571605 0.000000
v -50.430373 -7.601156 0.000000
v -49.885528 -10.603496 0.000000
v -49.162107 -13.567879 0.000000
v -48.262697 -16.483693 0.000000
v -47.190520 -19.340499 0.000000
v -45.949413 -22.128071 0.000000
v -44.543819 -24.836430 0.000000
v -42.978770 -27.455882 0.000000
v -41.259867 -29.977048 0.000000
v -39.393266 -32.390905 0.000000
v -37.385646 -34.688810 0.000000
v -35.244196 -36.862539 0.000000
v -32.976580 -38.904309 0.000000
v -30.590917 -40.806812 0.000000
v -28.095746 -42.563237 0.000000
v -25.500000 -44.167296 0.000000
v -22.812971 -45.613248 0.000000
v -20.044277 -46.895917 0.000000
v -17.203830 -48.010711 0.000000
v -14.301797 -48.953638 0.000000
v -11.348568 -49.721324 0.000000
v -8.354714 -50.311021 0.000000
v -5.330952 -50.720617 0.000000
v -2.288106 -50.948647 0.000000
v 0.762930 -50.994294 0.000000
v 3.811235 -50.857394 0.000000
v 6.845897 -50.538439 0.000000
v 9.856052 -50.038568 0.000000
v 12.830925 -49.359573 0.000000
v 15.759867 -48.503883 0.000000
v 18.632393 -47.474562 0.000000
v 21.438219 -46.275294 0.000000
v 24.167302 -44.910373 0.000000
v 26.809873 -43.384684 0.000000
v 29.356471 -41.703689 0.000000
v 31.797980 -39.873406 0.000000
v 34.125661 -37.900387 0.000000
v 36.331181 -35.791694 0.000000
v 38.406645 -33.554876 0.000000
v 40.344623 -31.197940 0.000000
v 42.138178 -28.729323 0.000000
v 43.780889 -26.157864 0.000000
v 45.266876 -23.492765 0.000000
v 46.590819 -20.743569 0.000000
v 47.747979 -17.920116 0.000000
v 48.734214 -15.032514 0.000000
v 49.545993 -12.091099 0.000000
v 50.180410 -9.106402 0.000000
v 50.635194 -6.089106 0.000000
v 50.908717 -3.050012 0.000000
v 51.000001 0.000000 22.000000
v 50.908717 -3.050012 22.000000
v 50.635194 -6.089106 22.000000
v 50.180410 -9.106402 22.000000
v 49.545993 -12.091099 22.000000
v 48.734214 -15.032514 22.000000
v 47.747979 -17.920116 22.000000
v 46.590819 -20.743569 22.000000
v 45.266876 -23.492765 22.000000
v 43.780889 -26.157864 22.000000
v 42.138178 -28.729323 22.000000
v 40.344623 -31.197940 22.000000
v 38.406645 -33.554876 22.000000
v 36.331181 -35.791694 22.000000
v 34.125661 -37.900387 22.000000
v 31.797980 -39.873406 22.000000
v 29.356471 -41.703689 22.000000
v 26.809873 -43.384684 22.000000
v 24.167302 -44.910373 22.000000
v 21.438219 -46.275294 22.000000
v 18.632393 -47.474562 22.000000
v 15.759867 -48.503883 22.000000
v 12.830925 -49.359573 22.000000
v 9.856052 -50.038568 22.000000
v 6.845897 -50.538439 22.000000
v 3.811235 -50.857394 22.000000
v 0.762930 -50.994294 22.000000
v -2.288106 -50.948647 22.000000
v -5.330952 -50.720617 22.000000
v -8.354714 -50.311021 22.000000
v -11.348568 -49.721324 22.000000
v -14.301797 -48.953638 22.000000
v -17.203830 -48.010711 22.000000
v -20.044277 -46.895917 22.000000
v -22.812971 -45.613248 22.000000
v -25.500000 -44.167296 22.000000
v -28.095746 -42.563237 22.000000
v -30.590917 -40.806812 22.000000
v -32.976580 -38.904309 22.000000
v -35.244196 -36.862539 22.000000
v -37.385646 -34.688810 22.000000
v -39.393266 -32.390905 22.000000
v -41.259867 -29.977048 22.000000
v -42.978770 -27.455882 22.000000
v -44.543819 -24.836430 22.000000
v -45.949413 -22.128071 22.000000
v -47.190520 -19.340499 22.000000
v -48.262697 -16.483693 22.000000
v -49.162107 -13.567879 22.000000
v -49.885528 -10.603496 22.000000
v -50.430373 -7.601156 22.000000
v -50.794690 -4.571605 22.000000
v -50.977175 -1.525689 22.000000
v -50.977175 1.525689 22.000000
v -50.794690 4.571605 22.000000
v -50.430373 7.601156 22.000000
v -49.885528 10.603496 22.000000
v -49.162107 13.567879 22.000000
v -48.262697 16.483693 22.000000
v -47.190520 19.340499 22.000000
v -45.949413 22.128071 22.000000
v -44.543819 24.836430 22.000000
v -42.978770 27.455882 22.000000
v -41.259867 29.977048 22.000000
v -39.393266 32.390905 22.000000
v -37.385646 34.688810 22.000000
v -35.244196 36.862539 22.000000
v -32.976580 38.904309 22.000000
v -30.590917 40.806812 22.000000
v -28.095746 42.563237 22.000000
v -25.500000 44.167296 22.000000
v -22.812971 45.613248 22.000000
v -20.044277 46.895917 22.000000
v -17.203830 48.010711 22.000000
v -14.301797 48.953638 22.000000
v -11.348568 49.721324 22.000000
v -8.354714 50.311021 22.000000
v -5.330952 50.720617 22.000000
v -2.288106 50.948647 22.000000
v 0.762930 50.994294 22.000000
v 3.811235 50.857394 22.000000
v 6.845897 50.538439 22.000000
v 9.856052 50.038568 22.000000
v 12.830925 49.359573 22.000000
v 15.759867 48.503883 22.000000
v 18.632393 47.474562 22.000000
v 21.438219 46.275294 22.000000
v 24.167302 44.910373 22.000000
v 26.809873 43.384684 22.000000
v 29.356471 41.703689 22.000000
v 31.797980 39.873406 22.000000
v 34.125661 37.900387 22.000000
v 36.331181 35.791694 22.000000
v 38.406645 33.554876 22.000000
v 40.344623 31.197940 22.000000
v 42.138178 28.729323 22.000000
v 43.780889 26.157864 22.000000
v 45.266876 23.492765 22.000000
v 46.590819 20.743569 22.000000
v 47.747979 17.920116 22.000000
v 48.734214 15.032514 22.000000
v 49.545993 12.091099 22.000000
v 50.180410 9.106402 22.000000
v 50.635194 6.089106 22.000000
v 50.908717 3.050012 22.000000
v 2.000000 -1.500000 0.000000
v 1.601869 -1.919379 0.000000
v 1.118034 -2.236068 0.000000
v 0.574382 -2.433122 0.000000
v 0.000000 -2.500000 0.000000
v -0.574382 -2.433122 0.000000
v -1.118034 -2.236068 0.000000
v -1.601869 -1.919379 0.000000
v -2.000000 -1.500000 0.000000
v -2.000000 -1.500000 1.200000
v -1.601869 -1.919379 1.200000
v -1.118034 -2.236068 1.200000
v -0.574382 -2.433122 1.200000
v 0.000000 -2.500000 1.200000
v 0.574382 -2.433122 1.200000
v 1.118034 -2.236068 1.200000
v 1.601869 -1.919379 1.200000
v 2.000000 -1.500000 1.200000
v -2.000000 1.500000 0.000000
v -1.601869 1.919379 0.000000
v -1.118034 2.236068 0.000000
v -0.574382 2.433122 0.000000
v -0.000000 2.500000 0.000000
v 0.574382 2.433122 0.000000
v 1.118034 2.236068 0.000000
v 1.601869 1.919379 0.000000
v 2.000000 1.500000 0.000000
v 2.000000 1.500000 1.200000
v 1.601869 1.919379 1.200000
v 1.118034 2.236068 1.200000
v 0.574382 2.433122 1.200000
v 0.000000 2.500000 1.200000
v -0.574382 2.433122 1.200000
v -1.118034 2.236068 1.200000
v -1.601869 1.919379 1.200000
v -2.000000 1.500000 1.200000
v -2.500000 -1.500000 0.000000
v -2.500000 -1.500000 10.000000
v 2.500000 -1.500000 10.000000
v 2.500000 -1.500000 0.000000
v 2.500000 1.500000 0.000000
v 2.500000 1.500000 10.000000
v -2.500000 1.500000 10.000000
v -2.500000 1.500000 0.000000
v 4.000000 -0.000000 10.000000
v 3.912590 0.831647 10.000000
v 3.654182 1.626947 10.000000
v 3.236068 2.351141 10.000000
v 2.676522 2.972579 10.000000
v 2.000000 3.464102 10.000000
v 1.236068 3.804226 10.000000
v 0.418114 3.978088 10.000000
v -0.418114 3.978088 10.000000
v -1.236068 3.804226 10.000000
v -2.000000 3.464102 10.000000
v -2.676522 2.972579 10.000000
v -3.236068 2.351141 10.000000
v -3.654182 1.626947 10.000000
v -3.912590 0.831647 10.000000
v -4.000000 0.000000 10.000000
v -3.912590 -0.831647 10.000000
v -3.654182 -1.626947 10.000000
v -3.236068 -2.351141 10.000000
v -2.676522 -2.972579 10.000000
v -2.000000 -3.464102 10.000000
v -1.236068 -3.804226 10.000000
v -0.418114 -3.978088 10.000000
v 0.418114 -3.978088 10.000000
v 1.236068 -3.804226 10.000000
v 2.000000 -3.464102 10.000000
v 2.676522 -2.972579 10.000000
v 3.236068 -2.351141 10.000000
v 3.654182 -1.626947 10.000000
v 3.912590 -0.831647 10.000000
v 4.898980 -1.000000 22.000000
v 4.664836 -1.799807 22.000000
v 4.301101 -2.549615 22.000000
v 3.817878 -3.228592 22.000000
v 3.228592 -3.817878 22.000000
v 2.549615 -4.301101 22.000000
v 1.799807 -4.664836 22.000000
v 1.000000 -4.898980 22.000000
v 1.000000 -4.898980 2.000000
v 1.799807 -4.664836 2.000000
v 2.549615 -4.301101 2.000000
v 3.228592 -3.817878 2.000000
v 3.817878 -3.228592 2.000000
v 4.301101 -2.549615 2.000000
v 4.664836 -1.799807 2.000000
v 4.898980 -1.000000 2.000000
v 1.000000 4.898980 22.000000
v 1.799807 4.664836 22.000000
v 2.549615 4.301101 22.000000
v 3.228592 3.817878 22.000000
v 3.817878 3.228592 22.000000
v 4.301100 2.549615 22.000000
v 4.664836 1.799807 22.000000
v 4.898980 1.000000 22.000000
v 4.898980 1.000000 2.000000
v 4.664836 1.799807 2.000000
v 4.301100 2.549615 2.000000
v 3.817878 3.228592 2.000000
v 3.228592 3.817878 2.000000
v 2.549615 4.301101 2.000000
v 1.799807 4.664836 2.000000
v 1.000000 4.898980 2.000000
v -4.898980 1.000000 22.000000
v -4.664836 1.799807 22.000000
v -4.301101 2.549615 22.000000
v -3.817878 3.228592 22.000000
v -3.228592 3.817878 22.000000
v -2.549615 4.301101 22.000000
v -1.799807 4.664836 22.000000
v -1.000000 4.898980 22.000000
v -1.000000 4.898980 2.000000
v -1.799807 4.664836 2.000000
v -2.549615 4.301101 2.000000
v -3.228592 3.817878 2.000000
v -3.817878 3.228592 2.000000
v -4.301101 2.549615 2.000000
v -4.664836 1.799807 2.000000
v -4.898980 1.000000 2.000000
v 4.000000 0.000000 22.000000
v 3.912590 0.831647 22.000000
v 3.654182 1.626947 22.000000
v 3.236068 2.351141 22.000000
v 2.676522 2.972579 22.000000
v 2.000000 3.464102 22.000000
v 1.236068 3.804226 22.000000
v 0.418114 3.978088 22.000000
v -0.418114 3.978088 22.000000
v -1.236068 3.804226 22.000000
v -2.000000 3.464102 22.000000
v -2.676522 2.972579 22.000000
v -3.236068 2.351141 22.000000
v -3.654182 1.626947 22.000000
v -3.912590 0.831647 22.000000
v -4.000000 0.000000 22.000000
v -3.912590 -0.831647 22.000000
v -3.654182 -1.626947 22.000000
v -3.236068 -2.351141 22.000000
v -2.676522 -2.972579 22.000000
v -2.000000 -3.464102 22.000000
v -1.236068 -3.804226 22.000000
v -0.418114 -3.978088 22.000000
v 0.418114 -3.978088 22.000000
v 1.236068 -3.804226 22.000000
v 2.000000 -3.464102 22.000000
v 2.676522 -2.972579 22.000000
v 3.236068 -2.351141 22.000000
v 3.654182 -1.626947 22.000000
v 3.912590 -0.831647 22.000000
v -1.000000 -4.898980 2.000000
v -1.000000 -4.898980 22.000000
v -4.898980 -1.000000 2.000000
v -4.664836 -1.799807 2.000000
v -4.301101 -2.549615 2.000000
v -3.817878 -3.228592 2.000000
v -3.228592 -3.817878 2.000000
v -2.549615 -4.301100 2.000000
v -1.799807 -4.664836 2.000000
v -1.799807 -4.664836 22.000000
v -2.549615 -4.301100 22.000000
v -3.228592 -3.817878 22.000000
v -3.817878 -3.228592 22.000000
v -4.301101 -2.549615 22.000000
v -4.664836 -1.799807 22.000000
v -4.898980 -1.000000 22.000000
v 49.988318 1.000000 2.000000
v 49.988318 1.000000 22.000000
v 49.988318 -1.000000 2.000000
v 49.988318 -1.000000 22.000000
vt 0.000000 7.953988 0.000000
vt 2.000000 7.953988 0.000000
vt 0.000000 8.193175 0.000000
vt 2.000000 8.258066 0.000000
vt 0.000000 8.432361 0.000000
vt 2.000000 8.562143 0.000000
vt 0.000000 8.671548 0.000000
vt 2.000000 8.866221 0.000000
vt 0.000000 8.910734 0.000000
vt 2.000000 9.170298 0.000000
vt 0.000000 9.149920 0.000000
vt 0.000000 9.389107 0.000000
vt 2.000000 9.474376 0.000000
vt 0.000000 9.628293 0.000000
vt 2.000000 9.778453 0.000000
vt 0.000000 9.867480 0.000000
vt 2.000000 10.082531 0.000000
vt 0.000000 10.106666 0.000000
vt 0.000000 10.345852 0.000000
vt 2.000000 10.386608 0.000000
vt 0.000000 10.585039 0.000000
vt 2.000000 10.690686 0.000000
vt 0.000000 10.824225 0.000000
vt 2.000000 10.994763 0.000000
vt 0.000000 11.063412 0.000000
vt 2.000000 11.298840 0.000000
vt 0.000000 11.302598 0.000000
vt 0.000000 11.541785 0.000000
vt 2.000000 11.602918 0.000000
vt 0.000000 11.780971 0.000000
vt 2.000000 11.906995 0.000000
vt 0.000000 12.020157 0.000000
vt 2.000000 12.211073 0.000000
vt 0.000000 12.259344 0.000000
vt 2.000000 12.515150 0.000000
vt 0.000000 12.498530 0.000000
vt 0.000000 12.737717 0.000000
vt 2.000000 12.819228 0.000000
vt 0.000000 12.976903 0.000000
vt 2.000000 13.123305 0.000000
vt 0.000000 13.216089 0.000000
vt 2.000000 13.427383 0.000000
vt 0.000000 13.455276 0.000000
vt 0.000000 13.694462 0.000000
vt 2.000000 13.731460 0.000000
vt 0.000000 13.933649 0.000000
vt 2.000000 14.035537 0.000000
vt 0.000000 14.172835 0.000000
vt 2.000000 14.339615 0.000000
vt 0.000000 14.412021 0.000000
vt 2.000000 14.643692 0.000000
vt 0.000000 14.651208 0.000000
vt 0.000000 14.890394 0.000000
vt 2.000000 14.947770 0.000000
vt 0.000000 15.129581 0.000000
vt 2.000000 15.251847 0.000000
vt 0.000000 15.368767 0.000000
vt 2.000000 15.555925 0.000000
vt 0.000000 15.607953 0.000000
vt 2.000000 15.860002 0.000000
vt 0.000000 15.807974 0.000000
vt 0.000000 16.047160 0.000000
vt 2.000000 16.164080 0.000000
vt 0.000000 16.286346 0.000000
vt 2.000000 16.468157 0.000000
vt 0.000000 16.525533 0.000000
vt 2.000000 16.772235 0.000000
vt 0.000000 16.764719 0.000000
vt 0.000000 17.003906 0.000000
vt 2.000000 17.076312 0.000000
vt 0.000000 17.243092 0.000000
vt 2.000000 17.380389 0.000000
vt 0.000000 17.482278 0.000000
vt 2.000000 17.684467 0.000000
vt 0.000000 17.721465 0.000000
vt 2.000000 17.988544 0.000000
vt 0.000000 17.960651 0.000000
vt 0.000000 18.199838 0.000000
vt 2.000000 18.292622 0.000000
vt 0.000000 18.439024 0.000000
vt 2.000000 18.596699 0.000000
vt 0.000000 18.678210 0.000000
vt 2.000000 18.900777 0.000000
vt 0.000000 18.917397 0.000000
vt 0.000000 19.156583 0.000000
vt 2.000000 19.204854 0.000000
vt 0.000000 19.395770 0.000000
vt 2.000000 19.508932 0.000000
vt 0.000000 19.634956 0.000000
vt 2.000000 19.813009 0.000000
vt 0.000000 19.874142 0.000000
vt 2.000000 20.117087 0.000000
vt 0.000000 20.113329 0.000000
vt 0.000000 20.352515 0.000000
vt 2.000000 20.421164 0.000000
vt 0.000000 20.591702 0.000000
vt 2.000000 20.725241 0.000000
vt 0.000000 20.830888 0.000000
vt 2.000000 21.029319 0.000000
vt 0.000000 21.070074 0.000000
vt 2.000000 21.333396 0.000000
vt 0.000000 21.309261 0.000000
vt 0.000000 21.548447 0.000000
vt 2.000000 21.637474 0.000000
vt 0.000000 21.787634 0.000000
vt 2.000000 21.941551 0.000000
vt 0.000000 22.026820 0.000000
vt 2.000000 22.245629 0.000000
vt 0.000000 22.266007 0.000000
vt 0.000000 22.505193 0.000000
vt 2.000000 22.549706 0.000000
vt 0.000000 22.744379 0.000000
vt 2.000000 22.853784 0.000000
vt 0.000000 22.983566 0.000000
vt 2.000000 23.157861 0.000000
vt 0.000000 23.222752 0.000000
vt 2.000000 23.461939 0.000000
vt 0.000000 23.461939 0.000000
vt 0.000000 7.753975 0.000000
vt 2.000000 7.753975 0.000000
vt 0.000000 7.820646 0.000000
vt 2.000000 7.820646 0.000000
vt 0.000000 7.887317 0.000000
vt 2.000000 7.887317 0.000000
vt 0.000000 7.953988 0.000000
vt 2.000000 7.953988 0.000000
vt 0.000000 0.100007 0.000000
vt 2.000000 0.100007 0.000000
vt 0.000000 0.394390 0.000000
vt 2.000000 0.394390 0.000000
vt 0.000000 0.688773 0.000000
vt 2.000000 0.688773 0.000000
vt 0.000000 0.983157 0.000000
vt 2.000000 0.983157 0.000000
vt 0.000000 1.277540 0.000000
vt 2.000000 1.277540 0.000000
vt 0.000000 1.571924 0.000000
vt 2.000000 1.571924 0.000000
vt 0.000000 1.866307 0.000000
vt 2.000000 1.866307 0.000000
vt 0.000000 2.160690 0.000000
vt 2.000000 2.160690 0.000000
vt 0.000000 2.455074 0.000000
vt 2.000000 2.455074 0.000000
vt 0.000000 2.749457 0.000000
vt 2.000000 2.749457 0.000000
vt 0.000000 3.043841 0.000000
vt 2.000000 3.043841 0.000000
vt 0.000000 3.338224 0.000000
vt 2.000000 3.338224 0.000000
vt 0.000000 3.632607 0.000000
vt 2.000000 3.632607 0.000000
vt 0.000000 3.926991 0.000000
vt 2.000000 3.926991 0.000000
vt 0.000000 4.221374 0.000000
vt 2.000000 4.221374 0.000000
vt 0.000000 4.515758 0.000000
vt 2.000000 4.515758 0.000000
vt 0.000000 4.810141 0.000000
vt 2.000000 4.810141 0.000000
vt 0.000000 5.104524 0.000000
vt 2.000000 5.104524 0.000000
vt 0.000000 5.398908 0.000000
vt 2.000000 5.398908 0.000000
vt 0.000000 5.693291 0.000000
vt 2.000000 5.693291 0.000000
vt 0.000000 5.987675 0.000000
vt 2.000000 5.987675 0.000000
vt 0.000000 6.282058 0.000000
vt 2.000000 6.282058 0.000000
vt 0.000000 6.576441 0.000000
vt 2.000000 6.576441 0.000000
vt 0.000000 6.870825 0.000000
vt 2.000000 6.870825 0.000000
vt 0.000000 7.165208 0.000000
vt 2.000000 7.165208 0.000000
vt 0.000000 7.459592 0.000000
vt 2.000000 7.459592 0.000000
vt 0.000000 7.753975 0.000000
vt 2.000000 7.753975 0.000000
vt 2.000000 0.033336 0.000000
vt 0.000000 0.100007 0.000000
vt 0.000000 0.033336 0.000000
vt 2.000000 -0.033336 0.000000
vt 0.000000 -0.033336 0.000000
vt 2.000000 -0.100007 0.000000
vt 0.000000 -0.100007 0.000000
vt 2.000000 -0.394390 0.000000
vt 0.000000 -0.100007 0.000000
vt 0.000000 -0.394390 0.000000
vt 2.000000 -0.688773 0.000000
vt 0.000000 -0.688773 0.000000
vt 2.000000 -0.983157 0.000000
vt 0.000000 -0.983157 0.000000
vt 2.000000 -1.277540 0.000000
vt 0.000000 -1.277540 0.000000
vt 2.000000 -1.571924 0.000000
vt 0.000000 -1.571924 0.000000
vt 2.000000 -1.866307 0.000000
vt 0.000000 -1.866307 0.000000
vt 2.000000 -2.160690 0.000000
vt 0.000000 -2.160690 0.000000
vt 2.000000 -2.455074 0.000000
vt 0.000000 -2.455074 0.000000
vt 2.000000 -2.749457 0.000000
vt 0.000000 -2.749457 0.000000
vt 2.000000 -3.043841 0.000000
vt 0.000000 -3.043841 0.000000
vt 2.000000 -3.338224 0.000000
vt 0.000000 -3.338224 0.000000
vt 2.000000 -3.632607 0.000000
vt 0.000000 -3.632607 0.000000
vt 2.000000 -3.926991 0.000000
vt 0.000000 -3.926991 0.000000
vt 2.000000 -4.221374 0.000000
vt 0.000000 -4.221374 0.000000
vt 2.000000 -4.515758 0.000000
vt 0.000000 -4.515758 0.000000
vt 2.000000 -4.810141 0.000000
vt 0.000000 -4.810141 0.000000
vt 2.000000 -5.104524 0.000000
vt 0.000000 -5.104524 0.000000
vt 2.000000 -5.398908 0.000000
vt 0.000000 -5.398908 0.000000
vt 2.000000 -5.693291 0.000000
vt 0.000000 -5.693291 0.000000
vt 2.000000 -5.987675 0.000000
vt 0.000000 -5.987675 0.000000
vt 2.000000 -6.282058 0.000000
vt 0.000000 -6.282058 0.000000
vt 2.000000 -6.576441 0.000000
vt 0.000000 -6.576441 0.000000
vt 2.000000 -6.870825 0.000000
vt 0.000000 -6.870825 0.000000
vt 2.000000 -7.165208 0.000000
vt 0.000000 -7.165208 0.000000
vt 2.000000 -7.459592 0.000000
vt 0.000000 -7.459592 0.000000
vt 2.000000 -7.753975 0.000000
vt 0.000000 -7.753975 0.000000
vt 2.000000 -7.820646 0.000000
vt 0.000000 -7.753975 0.000000
vt 0.000000 -7.820646 0.000000
vt 2.000000 -7.887317 0.000000
vt 0.000000 -7.887317 0.000000
vt 2.000000 -7.953988 0.000000
vt 0.000000 -7.953988 0.000000
vt 0.200000 -15.716939 0.000000
vt -2.000000 -15.716939 0.000000
vt 0.200000 -16.022123 0.000000
vt -2.000000 -16.022123 0.000000
vt 0.200000 16.022123 0.000000
vt -2.000000 16.022123 0.000000
vt 0.200000 15.716939 0.000000
vt -2.000000 15.716939 0.000000
vt 0.200000 15.411756 0.000000
vt -2.000000 15.411756 0.000000
vt 0.200000 15.106573 0.000000
vt -2.000000 15.106573 0.000000
vt 0.200000 14.801390 0.000000
vt -2.000000 14.801390 0.000000
vt 0.200000 14.496206 0.000000
vt -2.000000 14.496206 0.000000
vt 0.200000 14.191023 0.000000
vt -2.000000 14.191023 0.000000
vt 0.200000 13.885840 0.000000
vt -2.000000 13.885840 0.000000
vt 0.200000 13.580656 0.000000
vt -2.000000 13.580656 0.000000
vt 0.200000 13.275473 0.000000
vt -2.000000 13.275473 0.000000
vt 0.200000 12.970290 0.000000
vt -2.000000 12.970290 0.000000
vt 0.200000 12.665107 0.000000
vt -2.000000 12.665107 0.000000
vt 0.200000 12.359923 0.000000
vt -2.000000 12.359923 0.000000
vt 0.200000 12.054740 0.000000
vt -2.000000 12.054740 0.000000
vt 0.200000 11.749557 0.000000
vt -2.000000 11.749557 0.000000
vt 0.200000 11.444373 0.000000
vt -2.000000 11.444373 0.000000
vt 0.200000 11.139190 0.000000
vt -2.000000 11.139190 0.000000
vt 0.200000 10.834007 0.000000
vt -2.000000 10.834007 0.000000
vt 0.200000 10.528824 0.000000
vt -2.000000 10.528824 0.000000
vt 0.200000 10.223640 0.000000
vt -2.000000 10.223640 0.000000
vt 0.200000 9.918457 0.000000
vt -2.000000 9.918457 0.000000
vt 0.200000 9.613274 0.000000
vt -2.000000 9.613274 0.000000
vt 0.200000 9.308090 0.000000
vt -2.000000 9.308090 0.000000
vt 0.200000 9.002907 0.000000
vt -2.000000 9.002907 0.000000
vt 0.200000 8.697724 0.000000
vt -2.000000 8.697724 0.000000
vt 0.200000 8.392540 0.000000
vt -2.000000 8.392540 0.000000
vt 0.200000 8.087357 0.000000
vt -2.000000 8.087357 0.000000
vt 0.200000 7.782174 0.000000
vt -2.000000 7.782174 0.000000
vt 0.200000 7.476991 0.000000
vt -2.000000 7.476991 0.000000
vt 0.200000 7.171807 0.000000
vt -2.000000 7.171807 0.000000
vt 0.200000 6.866624 0.000000
vt -2.000000 6.866624 0.000000
vt 0.200000 6.561441 0.000000
vt -2.000000 6.561441 0.000000
vt 0.200000 6.256257 0.000000
vt -2.000000 6.256257 0.000000
vt 0.200000 5.951074 0.000000
vt -2.000000 5.951074 0.000000
vt 0.200000 5.645891 0.000000
vt -2.000000 5.645891 0.000000
vt 0.200000 5.340708 0.000000
vt -2.000000 5.340708 0.000000
vt 0.200000 5.035524 0.000000
vt -2.000000 5.035524 0.000000
vt 0.200000 4.730341 0.000000
vt -2.000000 4.730341 0.000000
vt 0.200000 4.425158 0.000000
vt -2.000000 4.425158 0.000000
vt 0.200000 4.119974 0.000000
vt -2.000000 4.119974 0.000000
vt 0.200000 3.814791 0.000000
vt -2.000000 3.814791 0.000000
vt 0.200000 3.509608 0.000000
vt -2.000000 3.509608 0.000000
vt 0.200000 3.204425 0.000000
vt -2.000000 3.204425 0.000000
vt 0.200000 2.899241 0.000000
vt -2.000000 2.899241 0.000000
vt 0.200000 2.594058 0.000000
vt -2.000000 2.594058 0.000000
vt 0.200000 2.288875 0.000000
vt -2.000000 2.288875 0.000000
vt 0.200000 1.983691 0.000000
vt -2.000000 1.983691 0.000000
vt 0.200000 1.678508 0.000000
vt -2.000000 1.678508 0.000000
vt 0.200000 1.373325 0.000000
vt -2.000000 1.373325 0.000000
vt 0.200000 1.068142 0.000000
vt -2.000000 1.068142 0.000000
vt 0.200000 0.762958 0.000000
vt -2.000000 0.762958 0.000000
vt 0.200000 0.457775 0.000000
vt -2.000000 0.457775 0.000000
vt 0.200000 0.152592 0.000000
vt -2.000000 0.152592 0.000000
vt 0.200000 -0.152592 0.000000
vt -2.000000 -0.152592 0.000000
vt 0.200000 -0.457775 0.000000
vt -2.000000 -0.457775 0.000000
vt 0.200000 -0.762958 0.000000
vt -2.000000 -0.762958 0.000000
vt 0.200000 -1.068142 0.000000
vt -2.000000 -1.068142 0.000000
vt 0.200000 -1.373325 0.000000
vt -2.000000 -1.373325 0.000000
vt 0.200000 -1.678508 0.000000
vt -2.000000 -1.678508 0.000000
vt 0.200000 -1.983691 0.000000
vt -2.000000 -1.983691 0.000000
vt 0.200000 -2.288875 0.000000
vt -2.000000 -2.288875 0.000000
vt 0.200000 -2.594058 0.000000
vt -2.000000 -2.594058 0.000000
vt 0.200000 -2.899241 0.000000
vt -2.000000 -2.899241 0.000000
vt 0.200000 -3.204425 0.000000
vt -2.000000 -3.204425 0.000000
vt 0.200000 -3.509608 0.000000
vt -2.000000 -3.509608 0.000000
vt 0.200000 -3.814791 0.000000
vt -2.000000 -3.814791 0.000000
vt 0.200000 -4.119974 0.000000
vt -2.000000 -4.119974 0.000000
vt 0.200000 -4.425158 0.000000
vt -2.000000 -4.425158 0.000000
vt 0.200000 -4.730341 0.000000
vt -2.000000 -4.730341 0.000000
vt 0.200000 -5.035524 0.000000
vt -2.000000 -5.035524 0.000000
vt 0.200000 -5.340708 0.000000
vt -2.000000 -5.340708 0.000000
vt 0.200000 -5.645891 0.000000
vt -2.000000 -5.645891 0.000000
vt 0.200000 -5.951074 0.000000
vt -2.000000 -5.951074 0.000000
vt 0.200000 -6.256257 0.000000
vt -2.000000 -6.256257 0.000000
vt 0.200000 -6.561441 0.000000
vt -2.000000 -6.561441 0.000000
vt 0.200000 -6.866624 0.000000
vt -2.000000 -6.866624 0.000000
vt 0.200000 -7.171807 0.000000
vt -2.000000 -7.171807 0.000000
vt 0.200000 -7.476991 0.000000
vt -2.000000 -7.476991 0.000000
vt 0.200000 -7.782174 0.000000
vt -2.000000 -7.782174 0.000000
vt 0.200000 -8.087357 0.000000
vt -2.000000 -8.087357 0.000000
vt 0.200000 -8.392540 0.000000
vt -2.000000 -8.392540 0.000000
vt 0.200000 -8.697724 0.000000
vt -2.000000 -8.697724 0.000000
vt 0.200000 -9.002907 0.000000
vt -2.000000 -9.002907 0.000000
vt 0.200000 -9.308090 0.000000
vt -2.000000 -9.308090 0.000000
vt 0.200000 -9.613274 0.000000
vt -2.000000 -9.613274 0.000000
vt 0.200000 -9.918457 0.000000
vt -2.000000 -9.918457 0.000000
vt 0.200000 -10.223640 0.000000
vt -2.000000 -10.223640 0.000000
vt 0.200000 -10.528824 0.000000
vt -2.000000 -10.528824 0.000000
vt 0.200000 -10.834007 0.000000
vt -2.000000 -10.834007 0.000000
vt 0.200000 -11.139190 0.000000
vt -2.000000 -11.139190 0.000000
vt 0.200000 -11.444373 0.000000
vt -2.000000 -11.444373 0.000000
vt 0.200000 -11.749557 0.000000
vt -2.000000 -11.749557 0.000000
vt 0.200000 -12.054740 0.000000
vt -2.000000 -12.054740 0.000000
vt 0.200000 -12.359923 0.000000
vt -2.000000 -12.359923 0.000000
vt 0.200000 -12.665107 0.000000
vt -2.000000 -12.665107 0.000000
vt 0.200000 -12.970290 0.000000
vt -2.000000 -12.970290 0.000000
vt 0.200000 -13.275473 0.000000
vt -2.000000 -13.275473 0.000000
vt 0.200000 -13.580656 0.000000
vt -2.000000 -13.580656 0.000000
vt 0.200000 -13.885840 0.000000
vt -2.000000 -13.885840 0.000000
vt 0.200000 -14.191023 0.000000
vt -2.000000 -14.191023 0.000000
vt 0.200000 -14.496206 0.000000
vt -2.000000 -14.496206 0.000000
vt 0.200000 -14.801390 0.000000
vt -2.000000 -14.801390 0.000000
vt 0.200000 -15.106573 0.000000
vt -2.000000 -15.106573 0.000000
vt 0.200000 -15.411756 0.000000
vt -2.000000 -15.411756 0.000000
vt -0.403644 -4.983681 0.000000
vt -0.381123 -5.085739 0.000000
vt -0.100000 -4.999000 0.000000
vt -0.076293 -5.099429 0.000000
vt -0.033335 -4.999889 0.000000
vt 0.033335 -4.999889 0.000000
vt 0.100000 -4.999000 0.000000
vt 0.228811 -5.094865 0.000000
vt 0.393981 -4.984454 0.000000
vt 0.533095 -5.072062 0.000000
vt 0.686597 -4.952634 0.000000
vt 0.835471 -5.031102 0.000000
vt 0.976834 -4.903651 0.000000
vt 1.134857 -4.972132 0.000000
vt 1.263685 -4.837675 0.000000
vt 1.430180 -4.895364 0.000000
vt 1.546157 -4.754934 0.000000
vt 1.720383 -4.801071 0.000000
vt 1.823271 -4.655715 0.000000
vt 2.004428 -4.689592 0.000000
vt 2.094067 -4.540362 0.000000
vt 2.281297 -4.561325 0.000000
vt 2.357605 -4.409274 0.000000
vt 2.550000 -4.416730 0.000000
vt 2.612973 -4.262906 0.000000
vt 2.809575 -4.256324 0.000000
vt 2.859287 -4.101766 0.000000
vt 3.059092 -4.080681 0.000000
vt 3.095691 -3.926410 0.000000
vt 3.297658 -3.890431 0.000000
vt 3.321368 -3.737448 0.000000
vt 3.524420 -3.686254 0.000000
vt 3.535534 -3.535534 0.000000
vt 3.738565 -3.468881 0.000000
vt 3.737448 -3.321368 0.000000
vt 3.939327 -3.239090 0.000000
vt 3.926410 -3.095691 0.000000
vt 4.125987 -2.997705 0.000000
vt 4.101766 -2.859287 0.000000
vt 4.297877 -2.745588 0.000000
vt 4.262906 -2.612973 0.000000
vt 4.454382 -2.483643 0.000000
vt 4.409274 -2.357605 0.000000
vt 4.594941 -2.212807 0.000000
vt 4.540362 -2.094067 0.000000
vt 4.719052 -1.934050 0.000000
vt 4.655715 -1.823271 0.000000
vt 4.826270 -1.648369 0.000000
vt 4.754934 -1.546157 0.000000
vt 4.916211 -1.356788 0.000000
vt 4.837675 -1.263685 0.000000
vt 4.988553 -1.060350 0.000000
vt 4.903651 -0.976834 0.000000
vt 5.043037 -0.760116 0.000000
vt 4.952634 -0.686597 0.000000
vt 5.079469 -0.457160 0.000000
vt 4.984454 -0.393981 0.000000
vt 5.097717 -0.152569 0.000000
vt 4.999000 -0.100000 0.000000
vt 4.999889 -0.033335 0.000000
vt 4.999889 0.033335 0.000000
vt 5.097717 0.152569 0.000000
vt 4.999000 0.100000 0.000000
vt 4.984454 0.393981 0.000000
vt 5.079469 0.457160 0.000000
vt 4.952634 0.686597 0.000000
vt 5.043037 0.760116 0.000000
vt 4.903651 0.976834 0.000000
vt 4.988553 1.060350 0.000000
vt 4.837675 1.263685 0.000000
vt 4.916211 1.356788 0.000000
vt 4.754934 1.546157 0.000000
vt 4.826270 1.648369 0.000000
vt 4.655715 1.823271 0.000000
vt 4.719052 1.934050 0.000000
vt 4.540362 2.094067 0.000000
vt 4.594941 2.212807 0.000000
vt 4.409274 2.357605 0.000000
vt 4.454382 2.483643 0.000000
vt 4.262906 2.612973 0.000000
vt 4.297877 2.745588 0.000000
vt 4.101766 2.859287 0.000000
vt 4.125987 2.997705 0.000000
vt 3.926410 3.095691 0.000000
vt 3.939327 3.239090 0.000000
vt 3.737448 3.321368 0.000000
vt 3.738565 3.468881 0.000000
vt 3.535534 3.535534 0.000000
vt 3.524420 3.686254 0.000000
vt 3.321368 3.737448 0.000000
vt 3.297658 3.890431 0.000000
vt 3.095691 3.926410 0.000000
vt 3.059092 4.080681 0.000000
vt 2.859287 4.101766 0.000000
vt 2.809575 4.256324 0.000000
vt 2.612973 4.262906 0.000000
vt 2.550000 4.416730 0.000000
vt 2.357605 4.409274 0.000000
vt 2.281297 4.561325 0.000000
vt 2.094067 4.540362 0.000000
vt 2.004428 4.689592 0.000000
vt 1.823271 4.655715 0.000000
vt 1.720383 4.801071 0.000000
vt 1.546157 4.754934 0.000000
vt 1.430180 4.895364 0.000000
vt 1.263685 4.837675 0.000000
vt 1.134857 4.972132 0.000000
vt 0.976834 4.903651 0.000000
vt 0.835471 5.031102 0.000000
vt 0.686597 4.952634 0.000000
vt 0.533095 5.072062 0.000000
vt 0.393981 4.984454 0.000000
vt 0.228811 5.094865 0.000000
vt 0.100000 4.999000 0.000000
vt -0.076293 5.099429 0.000000
vt 0.033335 4.999889 0.000000
vt -0.033335 4.999889 0.000000
vt -0.100000 4.999000 0.000000
vt -0.381123 5.085739 0.000000
vt -0.403644 4.983681 0.000000
vt -0.684590 5.053844 0.000000
vt -0.705796 4.949935 0.000000
vt -0.985605 5.003857 0.000000
vt -1.005339 4.897887 0.000000
vt -1.283093 4.935957 0.000000
vt -1.301164 4.827730 0.000000
vt -1.575987 4.850388 0.000000
vt -1.592178 4.739722 0.000000
vt -1.863239 4.747456 0.000000
vt -1.877306 4.634191 0.000000
vt -2.143822 4.627529 0.000000
vt -2.155492 4.511525 0.000000
vt -2.416730 4.491037 0.000000
vt -2.425709 4.372178 0.000000
vt -2.680987 4.338468 0.000000
vt -2.686957 4.216665 0.000000
vt -2.935647 4.170369 0.000000
vt -2.938270 4.045562 0.000000
vt -3.179798 3.987341 0.000000
vt -3.178719 3.859501 0.000000
vt -3.412566 3.790039 0.000000
vt -3.407415 3.659170 0.000000
vt -3.633118 3.579169 0.000000
vt -3.623513 3.445309 0.000000
vt -3.840665 3.355488 0.000000
vt -3.826213 3.218710 0.000000
vt -4.034462 3.119794 0.000000
vt -4.014767 2.980210 0.000000
vt -4.213818 2.872932 0.000000
vt -4.188476 2.730691 0.000000
vt -4.378089 2.615786 0.000000
vt -4.346699 2.471075 0.000000
vt -4.526688 2.349277 0.000000
vt -4.488850 2.202323 0.000000
vt -4.659082 2.074357 0.000000
vt -4.614404 1.925429 0.000000
vt -4.774798 1.792012 0.000000
vt -4.722897 1.641415 0.000000
vt -4.873421 1.503251 0.000000
vt -4.813928 1.351332 0.000000
vt -4.954599 1.209110 0.000000
vt -4.887160 1.056253 0.000000
vt -5.018041 0.910640 0.000000
vt -4.942322 0.757268 0.000000
vt -5.063519 0.608911 0.000000
vt -4.979210 0.455484 0.000000
vt -5.090872 0.305001 0.000000
vt -4.997689 0.152015 0.000000
vt -5.100000 -0.000000 0.000000
vt -4.997689 -0.152015 0.000000
vt -5.090872 -0.305001 0.000000
vt -4.979210 -0.455484 0.000000
vt -5.063519 -0.608911 0.000000
vt -4.942322 -0.757268 0.000000
vt -5.018041 -0.910640 0.000000
vt -4.887160 -1.056253 0.000000
vt -4.954599 -1.209110 0.000000
vt -4.813928 -1.351332 0.000000
vt -4.873421 -1.503251 0.000000
vt -4.722897 -1.641415 0.000000
vt -4.774798 -1.792012 0.000000
vt -4.614404 -1.925429 0.000000
vt -4.659082 -2.074357 0.000000
vt -4.488850 -2.202323 0.000000
vt -4.526688 -2.349277 0.000000
vt -4.346699 -2.471075 0.000000
vt -4.378089 -2.615786 0.000000
vt -4.188476 -2.730691 0.000000
vt -4.213818 -2.872932 0.000000
vt -4.014767 -2.980210 0.000000
vt -4.034462 -3.119794 0.000000
vt -3.826213 -3.218710 0.000000
vt -3.840665 -3.355488 0.000000
vt -3.623513 -3.445309 0.000000
vt -3.633118 -3.579169 0.000000
vt -3.407415 -3.659170 0.000000
vt -3.412566 -3.790039 0.000000
vt -3.178719 -3.859501 0.000000
vt -3.179798 -3.987341 0.000000
vt -2.938270 -4.045562 0.000000
vt -2.935647 -4.170369 0.000000
vt -2.686957 -4.216665 0.000000
vt -2.680987 -4.338468 0.000000
vt -2.425709 -4.372178 0.000000
vt -2.416730 -4.491037 0.000000
vt -2.155492 -4.511525 0.000000
vt -2.143822 -4.627529 0.000000
vt -1.877306 -4.634191 0.000000
vt -1.863239 -4.747456 0.000000
vt -1.592178 -4.739722 0.000000
vt -1.575987 -4.850388 0.000000
vt -1.301164 -4.827730 0.000000
vt -1.283093 -4.935957 0.000000
vt -1.005339 -4.897887 0.000000
vt -0.985605 -5.003857 0.000000
vt -0.705796 -4.949935 0.000000
vt -0.684590 -5.053844 0.000000
vt 0.120000 -0.160875 0.000000
vt 0.000000 -0.160875 0.000000
vt 0.120000 -0.218831 0.000000
vt 0.000000 -0.218831 0.000000
vt 0.000000 -0.276787 0.000000
vt 0.120000 -0.276787 0.000000
vt 0.000000 -0.334743 0.000000
vt 0.120000 -0.334743 0.000000
vt 0.000000 -0.392699 0.000000
vt 0.120000 -0.392699 0.000000
vt 0.000000 -0.450655 0.000000
vt 0.120000 -0.450655 0.000000
vt 0.000000 -0.508611 0.000000
vt 0.120000 -0.508611 0.000000
vt 0.000000 -0.566567 0.000000
vt 0.120000 -0.566567 0.000000
vt 0.120000 -0.624523 0.000000
vt 0.000000 -0.624523 0.000000
vt -0.200000 -0.050000 0.000000
vt 0.200000 -0.050000 0.000000
vt -0.160187 -0.008062 0.000000
vt 0.160187 -0.008062 0.000000
vt -0.111803 0.023607 0.000000
vt 0.111803 0.023607 0.000000
vt -0.057438 0.043312 0.000000
vt 0.057438 0.043312 0.000000
vt -0.000000 0.050000 0.000000
vt 0.120000 0.624523 0.000000
vt 0.000000 0.624523 0.000000
vt 0.120000 0.566567 0.000000
vt 0.000000 0.566567 0.000000
vt 0.000000 0.508611 0.000000
vt 0.120000 0.508611 0.000000
vt 0.000000 0.450655 0.000000
vt 0.120000 0.450655 0.000000
vt 0.000000 0.392699 0.000000
vt 0.120000 0.392699 0.000000
vt 0.000000 0.334743 0.000000
vt 0.120000 0.334743 0.000000
vt 0.000000 0.276787 0.000000
vt 0.120000 0.276787 0.000000
vt 0.000000 0.218831 0.000000
vt 0.120000 0.218831 0.000000
vt 0.120000 0.160875 0.000000
vt 0.000000 0.160875 0.000000
vt 0.200000 0.050000 0.000000
vt -0.200000 0.050000 0.000000
vt 0.160187 0.008062 0.000000
vt -0.160187 0.008062 0.000000
vt 0.111803 -0.023607 0.000000
vt -0.111803 -0.023607 0.000000
vt 0.057438 -0.043312 0.000000
vt -0.057438 -0.043312 0.000000
vt 0.000000 -0.050000 0.000000
vt 0.050000 0.000000 0.000000
vt 0.050000 0.120000 0.000000
vt 0.000000 0.000000 0.000000
vt 0.000000 1.000000 0.000000
vt 0.450000 0.120000 0.000000
vt 0.500000 1.000000 0.000000
vt 0.500000 0.000000 0.000000
vt 0.450000 0.000000 0.000000
vt 0.050000 0.000000 0.000000
vt 0.050000 0.120000 0.000000
vt 0.000000 0.000000 0.000000
vt 0.000000 1.000000 0.000000
vt 0.450000 0.120000 0.000000
vt 0.500000 1.000000 0.000000
vt 0.500000 0.000000 0.000000
vt 0.450000 0.000000 0.000000
vt -0.250000 -0.150000 0.000000
vt 0.041811 -0.397809 0.000000
vt 0.250000 -0.150000 0.000000
vt 0.123607 -0.380423 0.000000
vt 0.200000 -0.346410 0.000000
vt -0.250000 0.150000 0.000000
vt -0.400000 0.000000 0.000000
vt -0.391259 -0.083165 0.000000
vt -0.365418 -0.162695 0.000000
vt 0.250000 0.150000 0.000000
vt -0.041811 0.397809 0.000000
vt -0.123607 0.380423 0.000000
vt -0.200000 0.346410 0.000000
vt 0.400000 -0.000000 0.000000
vt 0.391259 0.083165 0.000000
vt 0.365418 0.162695 0.000000
vt 0.323607 0.235114 0.000000
vt 0.267652 0.297258 0.000000
vt 0.200000 0.346410 0.000000
vt 0.123607 0.380423 0.000000
vt 0.041811 0.397809 0.000000
vt -0.267652 0.297258 0.000000
vt -0.323607 0.235114 0.000000
vt -0.365418 0.162695 0.000000
vt -0.391259 0.083165 0.000000
vt -0.323607 -0.235114 0.000000
vt -0.267652 -0.297258 0.000000
vt -0.200000 -0.346410 0.000000
vt -0.123607 -0.380423 0.000000
vt -0.041811 -0.397809 0.000000
vt 0.267652 -0.297258 0.000000
vt 0.323607 -0.235114 0.000000
vt 0.365418 -0.162695 0.000000
vt 0.391259 -0.083165 0.000000
vt 0.000000 0.000000 0.000000
vt 0.300000 0.000000 0.000000
vt 0.000000 1.000000 0.000000
vt 0.300000 1.000000 0.000000
vt 0.000000 0.000000 0.000000
vt 0.300000 0.000000 0.000000
vt 0.000000 1.000000 0.000000
vt 0.300000 1.000000 0.000000
vt -0.000000 1.470117 0.000000
vt -2.000000 1.470117 0.000000
vt -0.000000 1.386683 0.000000
vt -2.000000 1.386683 0.000000
vt -2.000000 1.303249 0.000000
vt -0.000000 1.303249 0.000000
vt -2.000000 1.219814 0.000000
vt -0.000000 1.219814 0.000000
vt -2.000000 1.136380 0.000000
vt -0.000000 1.136380 0.000000
vt -2.000000 1.052946 0.000000
vt -0.000000 1.052946 0.000000
vt -2.000000 0.969511 0.000000
vt -0.000000 0.969511 0.000000
vt -0.000000 0.886077 0.000000
vt -2.000000 0.886077 0.000000
vt -0.000000 -0.886077 0.000000
vt -2.000000 -0.886077 0.000000
vt -0.000000 -0.969511 0.000000
vt -2.000000 -0.969511 0.000000
vt -2.000000 -1.052946 0.000000
vt -0.000000 -1.052946 0.000000
vt -2.000000 -1.136380 0.000000
vt -0.000000 -1.136380 0.000000
vt -2.000000 -1.219814 0.000000
vt -0.000000 -1.219814 0.000000
vt -2.000000 -1.303249 0.000000
vt -0.000000 -1.303249 0.000000
vt -2.000000 -1.386683 0.000000
vt -0.000000 -1.386683 0.000000
vt -0.000000 -1.470117 0.000000
vt -2.000000 -1.470117 0.000000
vt -0.000000 -0.100679 0.000000
vt -2.000000 -0.100679 0.000000
vt -0.000000 -0.184113 0.000000
vt -2.000000 -0.184113 0.000000
vt -2.000000 -0.267548 0.000000
vt -0.000000 -0.267548 0.000000
vt -2.000000 -0.350982 0.000000
vt -0.000000 -0.350982 0.000000
vt -2.000000 -0.434416 0.000000
vt -0.000000 -0.434416 0.000000
vt -2.000000 -0.517851 0.000000
vt -0.000000 -0.517851 0.000000
vt -2.000000 -0.601285 0.000000
vt -0.000000 -0.601285 0.000000
vt -0.000000 -0.684719 0.000000
vt -2.000000 -0.684719 0.000000
vt -5.090872 -0.305001 0.000000
vt -0.250000 -0.150000 0.000000
vt -5.100000 0.000000 0.000000
vt -0.250000 0.150000 0.000000
vt -0.160187 0.191938 0.000000
vt -0.200000 0.150000 0.000000
vt -5.063519 -0.608911 0.000000
vt 5.079469 -0.457160 0.000000
vt -0.000000 -0.250000 0.000000
vt -0.057438 -0.243312 0.000000
vt 5.043037 -0.760116 0.000000
vt -5.018041 -0.910640 0.000000
vt 4.988553 -1.060350 0.000000
vt -4.954599 -1.209110 0.000000
vt 4.916211 -1.356788 0.000000
vt -4.873421 -1.503251 0.000000
vt 4.826270 -1.648369 0.000000
vt -4.774798 -1.792012 0.000000
vt 4.719052 -1.934050 0.000000
vt -4.659082 -2.074357 0.000000
vt 4.594941 -2.212807 0.000000
vt -4.526688 -2.349277 0.000000
vt 4.454382 -2.483643 0.000000
vt -4.378089 -2.615786 0.000000
vt 4.297877 -2.745588 0.000000
vt -4.213818 -2.872932 0.000000
vt 4.125987 -2.997705 0.000000
vt -4.034462 -3.119794 0.000000
vt 3.939327 -3.239090 0.000000
vt -3.840665 -3.355488 0.000000
vt 3.738565 -3.468881 0.000000
vt -3.633118 -3.579169 0.000000
vt 3.524420 -3.686254 0.000000
vt -3.412566 -3.790039 0.000000
vt 3.297658 -3.890431 0.000000
vt -3.179798 -3.987341 0.000000
vt 3.059092 -4.080681 0.000000
vt -2.935647 -4.170369 0.000000
vt 2.809575 -4.256324 0.000000
vt -2.680987 -4.338468 0.000000
vt 2.550000 -4.416730 0.000000
vt -2.416730 -4.491037 0.000000
vt 2.281297 -4.561325 0.000000
vt -2.143822 -4.627529 0.000000
vt 2.004428 -4.689592 0.000000
vt -1.863239 -4.747456 0.000000
vt 1.720383 -4.801071 0.000000
vt -1.575987 -4.850388 0.000000
vt 1.430180 -4.895364 0.000000
vt -1.283093 -4.935957 0.000000
vt 1.134857 -4.972132 0.000000
vt -0.985605 -5.003857 0.000000
vt 0.835471 -5.031102 0.000000
vt -0.684590 -5.053844 0.000000
vt 0.533095 -5.072062 0.000000
vt -0.381123 -5.085739 0.000000
vt 0.228811 -5.094865 0.000000
vt -0.076293 -5.099429 0.000000
vt 5.097717 -0.152569 0.000000
vt 0.160187 -0.191938 0.000000
vt 0.111803 -0.223607 0.000000
vt 0.057438 -0.243312 0.000000
vt 5.097717 0.152569 0.000000
vt 0.250000 0.150000 0.000000
vt 0.250000 -0.150000 0.000000
vt 0.200000 -0.150000 0.000000
vt 5.079469 0.457160 0.000000
vt 0.000000 0.250000 0.000000
vt 0.057438 0.243312 0.000000
vt 0.111803 0.223607 0.000000
vt 5.043037 0.760116 0.000000
vt -5.063519 0.608911 0.000000
vt -5.090872 0.305001 0.000000
vt -0.057438 0.243312 0.000000
vt -0.111803 0.223607 0.000000
vt 4.988553 1.060350 0.000000
vt -0.985605 5.003857 0.000000
vt -1.283093 4.935957 0.000000
vt -1.575987 4.850388 0.000000
vt 4.916211 1.356788 0.000000
vt 4.826270 1.648369 0.000000
vt 4.719052 1.934050 0.000000
vt 4.594941 2.212807 0.000000
vt 4.454382 2.483643 0.000000
vt 4.297877 2.745588 0.000000
vt 4.125987 2.997705 0.000000
vt 3.939327 3.239090 0.000000
vt 3.738565 3.468881 0.000000
vt 3.524420 3.686254 0.000000
vt 3.297658 3.890431 0.000000
vt 3.059092 4.080681 0.000000
vt 2.809575 4.256324 0.000000
vt 2.550000 4.416730 0.000000
vt 2.281297 4.561325 0.000000
vt 2.004428 4.689592 0.000000
vt 1.720383 4.801071 0.000000
vt 1.430180 4.895364 0.000000
vt 1.134857 4.972132 0.000000
vt 0.835471 5.031102 0.000000
vt 0.533095 5.072062 0.000000
vt 0.228811 5.094865 0.000000
vt -0.076293 5.099429 0.000000
vt -0.381123 5.085739 0.000000
vt -0.684590 5.053844 0.000000
vt -1.863239 4.747456 0.000000
vt -2.143822 4.627529 0.000000
vt -2.416730 4.491037 0.000000
vt -2.680987 4.338468 0.000000
vt -2.935647 4.170369 0.000000
vt -3.179798 3.987341 0.000000
vt -3.412566 3.790039 0.000000
vt -3.633118 3.579169 0.000000
vt -3.840665 3.355488 0.000000
vt -4.034462 3.119794 0.000000
vt -4.213818 2.872932 0.000000
vt -4.378089 2.615786 0.000000
vt -4.526688 2.349277 0.000000
vt -4.659082 2.074357 0.000000
vt -4.774798 1.792012 0.000000
vt -4.873421 1.503251 0.000000
vt -4.954599 1.209110 0.000000
vt -5.018041 0.910640 0.000000
vt -0.111803 -0.223607 0.000000
vt -0.160187 -0.191938 0.000000
vt -0.200000 -0.150000 0.000000
vt 0.160187 0.191938 0.000000
vt 0.200000 0.150000 0.000000
vt 0.800000 1.172861 0.000000
vt 2.000000 1.172861 0.000000
vt 0.800000 1.256637 0.000000
vt 2.000000 1.256637 0.000000
vt 0.800000 -1.256637 0.000000
vt 2.000000 -1.256637 0.000000
vt 0.800000 -1.172861 0.000000
vt 2.000000 -1.172861 0.000000
vt 0.800000 -1.089085 0.000000
vt 2.000000 -1.089085 0.000000
vt 0.800000 -1.005310 0.000000
vt 2.000000 -1.005310 0.000000
vt 0.800000 -0.921534 0.000000
vt 2.000000 -0.921534 0.000000
vt 0.800000 -0.837758 0.000000
vt 2.000000 -0.837758 0.000000
vt 0.800000 -0.753982 0.000000
vt 2.000000 -0.753982 0.000000
vt 0.800000 -0.670206 0.000000
vt 2.000000 -0.670206 0.000000
vt 0.800000 -0.586431 0.000000
vt 2.000000 -0.586431 0.000000
vt 0.800000 -0.502655 0.000000
vt 2.000000 -0.502655 0.000000
vt 0.800000 -0.418879 0.000000
vt 2.000000 -0.418879 0.000000
vt 0.800000 -0.335103 0.000000
vt 2.000000 -0.335103 0.000000
vt 0.800000 -0.251327 0.000000
vt 2.000000 -0.251327 0.000000
vt 0.800000 -0.167552 0.000000
vt 2.000000 -0.167552 0.000000
vt 0.800000 -0.083776 0.000000
vt 2.000000 -0.083776 0.000000
vt 0.800000 0.000000 0.000000
vt 2.000000 0.000000 0.000000
vt 0.800000 0.083776 0.000000
vt 2.000000 0.083776 0.000000
vt 0.800000 0.167552 0.000000
vt 2.000000 0.167552 0.000000
vt 0.800000 0.251327 0.000000
vt 2.000000 0.251327 0.000000
vt 0.800000 0.335103 0.000000
vt 2.000000 0.335103 0.000000
vt 0.800000 0.418879 0.000000
vt 2.000000 0.418879 0.000000
vt 0.800000 0.502655 0.000000
vt 2.000000 0.502655 0.000000
vt 0.800000 0.586431 0.000000
vt 2.000000 0.586431 0.000000
vt 0.800000 0.670206 0.000000
vt 2.000000 0.670206 0.000000
vt 0.800000 0.753982 0.000000
vt 2.000000 0.753982 0.000000
vt 0.800000 0.837758 0.000000
vt 2.000000 0.837758 0.000000
vt 0.800000 0.921534 0.000000
vt 2.000000 0.921534 0.000000
vt 0.800000 1.005310 0.000000
vt 2.000000 1.005310 0.000000
vt 0.800000 1.089085 0.000000
vt 2.000000 1.089085 0.000000
vt 0.000000 0.000000 0.000000
vt 4.509102 0.000000 0.000000
vt 0.000000 2.000000 0.000000
vt 4.509102 2.000000 0.000000
vt 0.000000 0.000000 0.000000
vt 0.200000 0.000000 0.000000
vt 0.000000 2.000000 0.000000
vt 0.200000 2.000000 0.000000
vt -0.000000 0.000000 0.000000
vt 4.509102 0.000000 0.000000
vt -0.000000 2.000000 0.000000
vt 4.509102 2.000000 0.000000
vt -2.000000 0.100679 0.000000
vt -0.000000 0.100679 0.000000
vt -2.000000 0.184113 0.000000
vt -0.000000 0.184113 0.000000
vt -0.000000 0.267548 0.000000
vt -2.000000 0.267548 0.000000
vt -0.000000 0.350982 0.000000
vt -2.000000 0.350982 0.000000
vt -0.000000 0.434416 0.000000
vt -2.000000 0.434416 0.000000
vt -0.000000 0.517851 0.000000
vt -2.000000 0.517851 0.000000
vt -0.000000 0.601285 0.000000
vt -2.000000 0.601285 0.000000
vt -2.000000 0.684719 0.000000
vt -0.000000 0.684719 0.000000
vt 0.000000 0.000000 0.000000
vt 4.509102 0.000000 0.000000
vt 0.000000 2.000000 0.000000
vt 4.509102 2.000000 0.000000
vt 0.000000 0.000000 0.000000
vt 0.200000 0.000000 0.000000
vt 0.000000 2.000000 0.000000
vt 0.200000 2.000000 0.000000
vt 0.000000 0.000000 0.000000
vt 4.509102 0.000000 0.000000
vt -0.000000 2.000000 0.000000
vt 4.509102 2.000000 0.000000
vt 0.000000 0.000000 0.000000
vt 4.509102 0.000000 0.000000
vt 0.000000 2.000000 0.000000
vt 4.509102 2.000000 0.000000
vt 0.000000 0.000000 0.000000
vt 0.200000 0.000000 0.000000
vt 0.000000 2.000000 0.000000
vt 0.200000 2.000000 0.000000
vt 0.000000 0.000000 0.000000
vt 4.509102 0.000000 0.000000
vt 0.000000 2.000000 0.000000
vt 4.509102 2.000000 0.000000
vt -0.000000 0.000000 0.000000
vt 4.508934 0.000000 0.000000
vt -0.000000 2.000000 0.000000
vt 4.508934 2.000000 0.000000
vt 0.000000 0.000000 0.000000
vt 0.200000 0.000000 0.000000
vt 0.000000 2.000000 0.000000
vt 0.200000 2.000000 0.000000
vt 0.000000 0.000000 0.000000
vt 4.508934 0.000000 0.000000
vt 0.000000 2.000000 0.000000
vt 4.508934 2.000000 0.000000
vt -0.391343 0.083165 0.000000
vt -0.489982 0.100000 0.000000
vt -0.400084 -0.000000 0.000000
vt -0.489982 -0.100000 0.000000
vt -0.391343 -0.083165 0.000000
vt -0.466568 -0.179981 0.000000
vt -0.365502 -0.162695 0.000000
vt -0.430194 -0.254961 0.000000
vt -0.323691 -0.235114 0.000000
vt -0.381872 -0.322859 0.000000
vt -0.267736 -0.297258 0.000000
vt -0.322943 -0.381788 0.000000
vt -0.200084 -0.346410 0.000000
vt -0.255046 -0.430110 0.000000
vt -0.180065 -0.466484 0.000000
vt -0.466568 0.179981 0.000000
vt -0.365502 0.162695 0.000000
vt -0.430194 0.254961 0.000000
vt -0.323691 0.235114 0.000000
vt -0.381872 0.322859 0.000000
vt -0.267736 0.297258 0.000000
vt -0.322943 0.381788 0.000000
vt -0.200084 0.346410 0.000000
vt -0.255046 0.430110 0.000000
vt -0.180065 0.466484 0.000000
vt -0.123691 0.380423 0.000000
vt -0.100084 0.489898 0.000000
vt -0.041895 0.397809 0.000000
vt 0.041727 0.397809 0.000000
vt 0.099916 0.489898 0.000000
vt 0.123523 0.380423 0.000000
vt 0.179897 0.466484 0.000000
vt 0.199916 0.346410 0.000000
vt 0.254877 0.430110 0.000000
vt 0.322775 0.381788 0.000000
vt 0.267568 0.297258 0.000000
vt 0.381704 0.322859 0.000000
vt 0.323523 0.235114 0.000000
vt 0.430026 0.254961 0.000000
vt 0.365334 0.162695 0.000000
vt 0.466400 0.179981 0.000000
vt 0.391175 0.083165 0.000000
vt 0.489814 0.100000 0.000000
vt 0.399916 0.000000 0.000000
vt 0.489814 -0.100000 0.000000
vt 0.391175 -0.083165 0.000000
vt 0.466400 -0.179981 0.000000
vt 0.365334 -0.162695 0.000000
vt 0.430026 -0.254961 0.000000
vt 0.323523 -0.235114 0.000000
vt 0.381704 -0.322859 0.000000
vt 0.267568 -0.297258 0.000000
vt 0.322775 -0.381788 0.000000
vt 0.199916 -0.346410 0.000000
vt 0.254877 -0.430110 0.000000
vt 0.179897 -0.466484 0.000000
vt 0.123523 -0.380423 0.000000
vt 0.099916 -0.489898 0.000000
vt 0.041727 -0.397809 0.000000
vt -0.100084 -0.489898 0.000000
vt -0.041895 -0.397809 0.000000
vt -0.123691 -0.380423 0.000000
vt 4.998916 -0.100000 0.000000
vt 4.998916 0.100000 0.000000
vt 0.099916 4.999000 0.000000
vt -0.100084 4.999000 0.000000
vt -4.998916 0.100000 0.000000
vt -4.998916 -0.100000 0.000000
vt -0.100084 -4.999000 0.000000
vt 0.099916 -4.999000 0.000000
vt -0.100000 -4.999000 0.000000
vt -0.033335 -4.999889 0.000000
vt 0.100000 -4.999000 0.000000
vt 0.033335 -4.999889 0.000000
vt -4.999000 -0.100000 0.000000
vt -4.984454 -0.393981 0.000000
vt -0.489898 -0.100000 0.000000
vt -4.952634 -0.686597 0.000000
vt -4.903651 -0.976834 0.000000
vt -4.837675 -1.263685 0.000000
vt -0.466484 -0.179981 0.000000
vt -4.754934 -1.546157 0.000000
vt -4.655715 -1.823271 0.000000
vt -4.540362 -2.094066 0.000000
vt -0.430110 -0.254961 0.000000
vt -4.409274 -2.357605 0.000000
vt -4.262906 -2.612973 0.000000
vt -4.101765 -2.859287 0.000000
vt -0.381788 -0.322859 0.000000
vt -3.926410 -3.095691 0.000000
vt -3.737448 -3.321368 0.000000
vt -3.535534 -3.535534 0.000000
vt -0.322859 -0.381788 0.000000
vt -3.321368 -3.737448 0.000000
vt -3.095691 -3.926410 0.000000
vt -2.859287 -4.101765 0.000000
vt -0.254961 -0.430110 0.000000
vt -2.612973 -4.262906 0.000000
vt -2.357605 -4.409274 0.000000
vt -2.094066 -4.540362 0.000000
vt -0.179981 -0.466484 0.000000
vt -1.823271 -4.655715 0.000000
vt -1.546157 -4.754934 0.000000
vt -1.263685 -4.837675 0.000000
vt -0.100000 -0.489898 0.000000
vt -0.976834 -4.903651 0.000000
vt -0.686597 -4.952634 0.000000
vt -0.393981 -4.984454 0.000000
vt -0.100000 -4.999000 0.000000
vt -4.999000 0.100000 0.000000
vt -4.999889 0.033335 0.000000
vt -4.999000 -0.100000 0.000000
vt -4.999889 -0.033335 0.000000
vt -0.100000 4.999000 0.000000
vt -0.393981 4.984454 0.000000
vt -0.100000 0.489898 0.000000
vt -0.686597 4.952634 0.000000
vt -0.976834 4.903651 0.000000
vt -1.263685 4.837675 0.000000
vt -0.179981 0.466484 0.000000
vt -1.546157 4.754934 0.000000
vt -1.823271 4.655715 0.000000
vt -2.094066 4.540362 0.000000
vt -0.254961 0.430110 0.000000
vt -2.357605 4.409274 0.000000
vt -2.612973 4.262906 0.000000
vt -2.859287 4.101765 0.000000
vt -0.322859 0.381788 0.000000
vt -3.095691 3.926410 0.000000
vt -3.321368 3.737448 0.000000
vt -3.535534 3.535534 0.000000
vt -0.381788 0.322859 0.000000
vt -3.737448 3.321368 0.000000
vt -3.926410 3.095691 0.000000
vt -4.101765 2.859287 0.000000
vt -0.430110 0.254961 0.000000
vt -4.262906 2.612973 0.000000
vt -4.409274 2.357605 0.000000
vt -4.540362 2.094066 0.000000
vt -0.466484 0.179981 0.000000
vt -4.655715 1.823271 0.000000
vt -4.754934 1.546157 0.000000
vt -4.837675 1.263685 0.000000
vt -0.489898 0.100000 0.000000
vt -4.903651 0.976834 0.000000
vt -4.952634 0.686597 0.000000
vt -4.984454 0.393981 0.000000
vt -4.999000 0.100000 0.000000
vt 0.100000 4.999000 0.000000
vt -0.033335 4.999889 0.000000
vt 0.033335 4.999889 0.000000
vt 0.100000 0.489898 0.000000
vt 0.338933 4.988499 0.000000
vt 0.179981 0.466484 0.000000
vt 0.577090 4.966585 0.000000
vt 0.254961 0.430110 0.000000
vt 0.813928 4.933307 0.000000
vt 0.322859 0.381788 0.000000
vt 1.048902 4.888743 0.000000
vt 0.381788 0.322859 0.000000
vt 1.281478 4.832992 0.000000
vt 0.430110 0.254961 0.000000
vt 1.511121 4.766184 0.000000
vt 0.466484 0.179981 0.000000
vt 1.737306 4.688472 0.000000
vt 1.959517 4.600032 0.000000
vt 2.177244 4.501067 0.000000
vt 2.389990 4.391804 0.000000
vt 2.597268 4.272493 0.000000
vt 2.798603 4.143407 0.000000
vt 2.993536 4.004840 0.000000
vt 3.181619 3.857111 0.000000
vt 3.362422 3.700556 0.000000
vt 3.535533 3.535535 0.000000
vt 3.700554 3.362425 0.000000
vt 3.857109 3.181621 0.000000
vt 4.004838 2.993538 0.000000
vt 4.999000 0.100003 0.000000
vt 4.143405 2.798606 0.000000
vt 4.272491 2.597271 0.000000
vt 4.391803 2.389993 0.000000
vt 4.501066 2.177247 0.000000
vt 4.600031 1.959520 0.000000
vt 4.688471 1.737309 0.000000
vt 4.766183 1.511124 0.000000
vt 4.832992 1.281481 0.000000
vt 4.888742 1.048906 0.000000
vt 4.933307 0.813931 0.000000
vt 4.966585 0.577094 0.000000
vt 4.988499 0.338936 0.000000
vt 0.489898 0.100000 0.000000
vt 4.998832 0.100000 0.000000
vt 4.999000 -0.100003 0.000000
vt 4.998832 -0.100000 0.000000
vt 4.988499 -0.338936 0.000000
vt 4.966585 -0.577094 0.000000
vt 4.933307 -0.813931 0.000000
vt 4.888742 -1.048906 0.000000
vt 4.832992 -1.281481 0.000000
vt 4.766183 -1.511124 0.000000
vt 4.688471 -1.737309 0.000000
vt 4.600031 -1.959520 0.000000
vt 4.501066 -2.177247 0.000000
vt 4.391803 -2.389993 0.000000
vt 4.272491 -2.597271 0.000000
vt 4.143405 -2.798606 0.000000
vt 4.004838 -2.993538 0.000000
vt 0.489898 -0.100000 0.000000
vt 3.857109 -3.181621 0.000000
vt 3.700554 -3.362425 0.000000
vt 3.535533 -3.535535 0.000000
vt 3.362422 -3.700556 0.000000
vt 3.181619 -3.857111 0.000000
vt 2.993536 -4.004840 0.000000
vt 2.798603 -4.143407 0.000000
vt 2.597268 -4.272493 0.000000
vt 2.389990 -4.391804 0.000000
vt 2.177244 -4.501067 0.000000
vt 1.959517 -4.600032 0.000000
vt 0.466484 -0.179981 0.000000
vt 1.737306 -4.688472 0.000000
vt 1.511121 -4.766184 0.000000
vt 0.430110 -0.254961 0.000000
vt 1.281478 -4.832992 0.000000
vt 0.381788 -0.322859 0.000000
vt 1.048902 -4.888743 0.000000
vt 0.322859 -0.381788 0.000000
vt 0.813928 -4.933307 0.000000
vt 0.254961 -0.430110 0.000000
vt 0.577090 -4.966585 0.000000
vt 0.179981 -0.466484 0.000000
vt 0.338933 -4.988499 0.000000
vt 0.100000 -0.489898 0.000000
vt 0.100000 -4.999000 0.000000
vn -0.002000 0.099980 0.000000
vn -0.002000 0.099980 0.000000
vn -0.006779 0.099770 0.000000
vn -0.008073 0.099674 0.000000
vn -0.011542 0.099332 0.000000
vn -0.014116 0.098999 0.000000
vn -0.016279 0.098666 0.000000
vn -0.020107 0.097958 0.000000
vn -0.020978 0.097775 0.000000
vn -0.026023 0.096555 0.000000
vn -0.025630 0.096660 0.000000
vn -0.030222 0.095324 0.000000
vn -0.031844 0.094794 0.000000
vn -0.034746 0.093769 0.000000
vn -0.037546 0.092684 0.000000
vn -0.039190 0.092001 0.000000
vn -0.043110 0.090230 0.000000
vn -0.043545 0.090021 0.000000
vn -0.047800 0.087836 0.000000
vn -0.048514 0.087444 0.000000
vn -0.051945 0.085450 0.000000
vn -0.053739 0.084333 0.000000
vn -0.055972 0.082868 0.000000
vn -0.058765 0.080911 0.000000
vn -0.059871 0.080097 0.000000
vn -0.063574 0.077190 0.000000
vn -0.063632 0.077142 0.000000
vn -0.067248 0.074011 0.000000
vn -0.068148 0.073183 0.000000
vn -0.070711 0.070711 0.000000
vn -0.072470 0.068906 0.000000
vn -0.074011 0.067248 0.000000
vn -0.076524 0.064374 0.000000
vn -0.077142 0.063632 0.000000
vn -0.080295 0.059604 0.000000
vn -0.080097 0.059871 0.000000
vn -0.082868 0.055972 0.000000
vn -0.083770 0.054614 0.000000
vn -0.085450 0.051945 0.000000
vn -0.086934 0.049422 0.000000
vn -0.087836 0.047800 0.000000
vn -0.089777 0.044046 0.000000
vn -0.090021 0.043545 0.000000
vn -0.092001 0.039190 0.000000
vn -0.092288 0.038509 0.000000
vn -0.093769 0.034746 0.000000
vn -0.094458 0.032828 0.000000
vn -0.095324 0.030222 0.000000
vn -0.096279 0.027027 0.000000
vn -0.096660 0.025630 0.000000
vn -0.097743 0.021125 0.000000
vn -0.097775 0.020978 0.000000
vn -0.098666 0.016279 0.000000
vn -0.098846 0.015145 0.000000
vn -0.099332 0.011542 0.000000
vn -0.099584 0.009110 0.000000
vn -0.099770 0.006779 0.000000
vn -0.099954 0.003040 0.000000
vn -0.099980 0.002000 0.000000
vn -0.099954 -0.003040 0.000000
vn -0.099980 -0.002000 0.000000
vn -0.099770 -0.006779 0.000000
vn -0.099584 -0.009110 0.000000
vn -0.099332 -0.011542 0.000000
vn -0.098846 -0.015145 0.000000
vn -0.098666 -0.016279 0.000000
vn -0.097743 -0.021125 0.000000
vn -0.097775 -0.020978 0.000000
vn -0.096660 -0.025630 0.000000
vn -0.096279 -0.027027 0.000000
vn -0.095324 -0.030222 0.000000
vn -0.094458 -0.032828 0.000000
vn -0.093769 -0.034746 0.000000
vn -0.092288 -0.038509 0.000000
vn -0.092001 -0.039190 0.000000
vn -0.089777 -0.044046 0.000000
vn -0.090021 -0.043545 0.000000
vn -0.087836 -0.047800 0.000000
vn -0.086934 -0.049422 0.000000
vn -0.085450 -0.051945 0.000000
vn -0.083770 -0.054614 0.000000
vn -0.082868 -0.055972 0.000000
vn -0.080295 -0.059604 0.000000
vn -0.080097 -0.059871 0.000000
vn -0.077142 -0.063632 0.000000
vn -0.076524 -0.064374 0.000000
vn -0.074011 -0.067248 0.000000
vn -0.072470 -0.068906 0.000000
vn -0.070711 -0.070711 0.000000
vn -0.068148 -0.073183 0.000000
vn -0.067248 -0.074011 0.000000
vn -0.063574 -0.077190 0.000000
vn -0.063632 -0.077142 0.000000
vn -0.059871 -0.080097 0.000000
vn -0.058765 -0.080911 0.000000
vn -0.055972 -0.082868 0.000000
vn -0.053739 -0.084333 0.000000
vn -0.051945 -0.085450 0.000000
vn -0.048514 -0.087444 0.000000
vn -0.047800 -0.087836 0.000000
vn -0.043110 -0.090230 0.000000
vn -0.043545 -0.090021 0.000000
vn -0.039190 -0.092001 0.000000
vn -0.037546 -0.092684 0.000000
vn -0.034746 -0.093769 0.000000
vn -0.031844 -0.094794 0.000000
vn -0.030222 -0.095324 0.000000
vn -0.026023 -0.096555 0.000000
vn -0.025630 -0.096660 0.000000
vn -0.020978 -0.097775 0.000000
vn -0.020107 -0.097958 0.000000
vn -0.016279 -0.098666 0.000000
vn -0.014116 -0.098999 0.000000
vn -0.011542 -0.099332 0.000000
vn -0.008073 -0.099674 0.000000
vn -0.006779 -0.099770 0.000000
vn -0.002000 -0.099980 0.000000
vn -0.002000 -0.099980 0.000000
vn 0.002000 0.099980 0.000000
vn 0.002000 0.099980 0.000000
vn 0.000667 0.099998 0.000000
vn 0.000667 0.099998 0.000000
vn -0.000667 0.099998 0.000000
vn -0.000667 0.099998 0.000000
vn 0.099980 0.002000 0.000000
vn 0.099980 0.002000 0.000000
vn 0.099689 0.007880 0.000000
vn 0.099689 0.007880 0.000000
vn 0.099053 0.013732 0.000000
vn 0.099053 0.013732 0.000000
vn 0.098073 0.019537 0.000000
vn 0.098073 0.019537 0.000000
vn 0.096754 0.025274 0.000000
vn 0.096754 0.025274 0.000000
vn 0.095099 0.030923 0.000000
vn 0.095099 0.030923 0.000000
vn 0.093114 0.036465 0.000000
vn 0.093114 0.036465 0.000000
vn 0.090807 0.041881 0.000000
vn 0.090807 0.041881 0.000000
vn 0.088185 0.047152 0.000000
vn 0.088185 0.047152 0.000000
vn 0.085258 0.052259 0.000000
vn 0.085258 0.052259 0.000000
vn 0.082035 0.057186 0.000000
vn 0.082035 0.057186 0.000000
vn 0.078528 0.061914 0.000000
vn 0.078528 0.061914 0.000000
vn 0.074749 0.066427 0.000000
vn 0.074749 0.066427 0.000000
vn 0.070711 0.070711 0.000000
vn 0.070711 0.070711 0.000000
vn 0.066427 0.074749 0.000000
vn 0.066427 0.074749 0.000000
vn 0.061914 0.078528 0.000000
vn 0.061914 0.078528 0.000000
vn 0.057186 0.082035 0.000000
vn 0.057186 0.082035 0.000000
vn 0.052259 0.085258 0.000000
vn 0.052259 0.085258 0.000000
vn 0.047152 0.088185 0.000000
vn 0.047152 0.088185 0.000000
vn 0.041881 0.090807 0.000000
vn 0.041881 0.090807 0.000000
vn 0.036465 0.093114 0.000000
vn 0.036465 0.093114 0.000000
vn 0.030923 0.095099 0.000000
vn 0.030923 0.095099 0.000000
vn 0.025274 0.096754 0.000000
vn 0.025274 0.096754 0.000000
vn 0.019537 0.098073 0.000000
vn 0.019537 0.098073 0.000000
vn 0.013732 0.099053 0.000000
vn 0.013732 0.099053 0.000000
vn 0.007880 0.099689 0.000000
vn 0.007880 0.099689 0.000000
vn 0.099998 0.000667 0.000000
vn 0.099998 0.000667 0.000000
vn 0.099998 -0.000667 0.000000
vn 0.099998 -0.000667 0.000000
vn 0.099980 -0.002000 0.000000
vn 0.099980 -0.002000 0.000000
vn 0.099689 -0.007880 0.000000
vn 0.099689 -0.007880 0.000000
vn 0.099053 -0.013732 0.000000
vn 0.099053 -0.013732 0.000000
vn 0.098073 -0.019537 0.000000
vn 0.098073 -0.019537 0.000000
vn 0.096754 -0.025274 0.000000
vn 0.096754 -0.025274 0.000000
vn 0.095099 -0.030923 0.000000
vn 0.095099 -0.030923 0.000000
vn 0.093114 -0.036465 0.000000
vn 0.093114 -0.036465 0.000000
vn 0.090807 -0.041881 0.000000
vn 0.090807 -0.041881 0.000000
vn 0.088185 -0.047152 0.000000
vn 0.088185 -0.047152 0.000000
vn 0.085258 -0.052259 0.000000
vn 0.085258 -0.052259 0.000000
vn 0.082035 -0.057186 0.000000
vn 0.082035 -0.057186 0.000000
vn 0.078528 -0.061914 0.000000
vn 0.078528 -0.061914 0.000000
vn 0.074749 -0.066427 0.000000
vn 0.074749 -0.066427 0.000000
vn 0.070711 -0.070711 0.000000
vn 0.070711 -0.070711 0.000000
vn 0.066427 -0.074749 0.000000
vn 0.066427 -0.074749 0.000000
vn 0.061914 -0.078528 0.000000
vn 0.061914 -0.078528 0.000000
vn 0.057186 -0.082035 0.000000
vn 0.057186 -0.082035 0.000000
vn 0.052259 -0.085258 0.000000
vn 0.052259 -0.085258 0.000000
vn 0.047152 -0.088185 0.000000
vn 0.047152 -0.088185 0.000000
vn 0.041881 -0.090807 0.000000
vn 0.041881 -0.090807 0.000000
vn 0.036465 -0.093114 0.000000
vn 0.036465 -0.093114 0.000000
vn 0.030923 -0.095099 0.000000
vn 0.030923 -0.095099 0.000000
vn 0.025274 -0.096754 0.000000
vn 0.025274 -0.096754 0.000000
vn 0.019537 -0.098073 0.000000
vn 0.019537 -0.098073 0.000000
vn 0.013732 -0.099053 0.000000
vn 0.013732 -0.099053 0.000000
vn 0.007880 -0.099689 0.000000
vn 0.007880 -0.099689 0.000000
vn 0.002000 -0.099980 0.000000
vn 0.002000 -0.099980 0.000000
vn 0.000667 -0.099998 0.000000
vn 0.000667 -0.099998 0.000000
vn -0.000667 -0.099998 0.000000
vn -0.000667 -0.099998 0.000000
vn 0.099821 0.005980 0.000000
vn 0.099821 0.005980 0.000000
vn 0.100000 0.000000 0.000000
vn 0.100000 0.000000 0.000000
vn 0.099821 -0.005980 0.000000
vn 0.099821 -0.005980 0.000000
vn 0.099285 -0.011939 0.000000
vn 0.099285 -0.011939 0.000000
vn 0.098393 -0.017856 0.000000
vn 0.098393 -0.017856 0.000000
vn 0.097149 -0.023708 0.000000
vn 0.097149 -0.023708 0.000000
vn 0.095557 -0.029476 0.000000
vn 0.095557 -0.029476 0.000000
vn 0.093623 -0.035137 0.000000
vn 0.093623 -0.035137 0.000000
vn 0.091355 -0.040674 0.000000
vn 0.091355 -0.040674 0.000000
vn 0.088759 -0.046064 0.000000
vn 0.088759 -0.046064 0.000000
vn 0.085845 -0.051290 0.000000
vn 0.085845 -0.051290 0.000000
vn 0.082624 -0.056332 0.000000
vn 0.082624 -0.056332 0.000000
vn 0.079107 -0.061172 0.000000
vn 0.079107 -0.061172 0.000000
vn 0.075307 -0.065794 0.000000
vn 0.075307 -0.065794 0.000000
vn 0.071238 -0.070180 0.000000
vn 0.071238 -0.070180 0.000000
vn 0.066913 -0.074314 0.000000
vn 0.066913 -0.074314 0.000000
vn 0.062349 -0.078183 0.000000
vn 0.062349 -0.078183 0.000000
vn 0.057562 -0.081772 0.000000
vn 0.057562 -0.081772 0.000000
vn 0.052568 -0.085068 0.000000
vn 0.052568 -0.085068 0.000000
vn 0.047387 -0.088060 0.000000
vn 0.047387 -0.088060 0.000000
vn 0.042036 -0.090736 0.000000
vn 0.042036 -0.090736 0.000000
vn 0.036534 -0.093087 0.000000
vn 0.036534 -0.093087 0.000000
vn 0.030902 -0.095106 0.000000
vn 0.030902 -0.095106 0.000000
vn 0.025159 -0.096783 0.000000
vn 0.025159 -0.096783 0.000000
vn 0.019326 -0.098115 0.000000
vn 0.019326 -0.098115 0.000000
vn 0.013423 -0.099095 0.000000
vn 0.013423 -0.099095 0.000000
vn 0.007473 -0.099720 0.000000
vn 0.007473 -0.099720 0.000000
vn 0.001496 -0.099989 0.000000
vn 0.001496 -0.099989 0.000000
vn -0.004486 -0.099899 0.000000
vn -0.004486 -0.099899 0.000000
vn -0.010453 -0.099452 0.000000
vn -0.010453 -0.099452 0.000000
vn -0.016382 -0.098649 0.000000
vn -0.016382 -0.098649 0.000000
vn -0.022252 -0.097493 0.000000
vn -0.022252 -0.097493 0.000000
vn -0.028043 -0.095988 0.000000
vn -0.028043 -0.095988 0.000000
vn -0.033733 -0.094139 0.000000
vn -0.033733 -0.094139 0.000000
vn -0.039303 -0.091953 0.000000
vn -0.039303 -0.091953 0.000000
vn -0.044731 -0.089438 0.000000
vn -0.044731 -0.089438 0.000000
vn -0.050000 -0.086603 0.000000
vn -0.050000 -0.086603 0.000000
vn -0.055090 -0.083457 0.000000
vn -0.055090 -0.083457 0.000000
vn -0.059982 -0.080013 0.000000
vn -0.059982 -0.080013 0.000000
vn -0.064660 -0.076283 0.000000
vn -0.064660 -0.076283 0.000000
vn -0.069106 -0.072279 0.000000
vn -0.069106 -0.072279 0.000000
vn -0.073305 -0.068017 0.000000
vn -0.073305 -0.068017 0.000000
vn -0.077242 -0.063512 0.000000
vn -0.077242 -0.063512 0.000000
vn -0.080902 -0.058779 0.000000
vn -0.080902 -0.058779 0.000000
vn -0.084272 -0.053835 0.000000
vn -0.084272 -0.053835 0.000000
vn -0.087341 -0.048699 0.000000
vn -0.087341 -0.048699 0.000000
vn -0.090097 -0.043388 0.000000
vn -0.090097 -0.043388 0.000000
vn -0.092530 -0.037923 0.000000
vn -0.092530 -0.037923 0.000000
vn -0.094633 -0.032321 0.000000
vn -0.094633 -0.032321 0.000000
vn -0.096396 -0.026604 0.000000
vn -0.096396 -0.026604 0.000000
vn -0.097815 -0.020791 0.000000
vn -0.097815 -0.020791 0.000000
vn -0.098883 -0.014904 0.000000
vn -0.098883 -0.014904 0.000000
vn -0.099597 -0.008964 0.000000
vn -0.099597 -0.008964 0.000000
vn -0.099955 -0.002992 0.000000
vn -0.099955 -0.002992 0.000000
vn -0.099955 0.002992 -0.000000
vn -0.099955 0.002992 -0.000000
vn -0.099597 0.008964 -0.000000
vn -0.099597 0.008964 -0.000000
vn -0.098883 0.014904 -0.000000
vn -0.098883 0.014904 -0.000000
vn -0.097815 0.020791 -0.000000
vn -0.097815 0.020791 -0.000000
vn -0.096396 0.026604 -0.000000
vn -0.096396 0.026604 -0.000000
vn -0.094633 0.032321 -0.000000
vn -0.094633 0.032321 -0.000000
vn -0.092530 0.037923 -0.000000
vn -0.092530 0.037923 -0.000000
vn -0.090097 0.043388 -0.000000
vn -0.090097 0.043388 -0.000000
vn -0.087341 0.048699 -0.000000
vn -0.087341 0.048699 -0.000000
vn -0.084272 0.053835 -0.000000
vn -0.084272 0.053835 -0.000000
vn -0.080902 0.058779 -0.000000
vn -0.080902 0.058779 -0.000000
vn -0.077242 0.063512 -0.000000
vn -0.077242 0.063512 -0.000000
vn -0.073305 0.068017 -0.000000
vn -0.073305 0.068017 -0.000000
vn -0.069106 0.072279 -0.000000
vn -0.069106 0.072279 -0.000000
vn -0.064660 0.076283 -0.000000
vn -0.064660 0.076283 -0.000000
vn -0.059982 0.080013 -0.000000
vn -0.059982 0.080013 -0.000000
vn -0.055090 0.083457 -0.000000
vn -0.055090 0.083457 -0.000000
vn -0.050000 0.086603 -0.000000
vn -0.050000 0.086603 -0.000000
vn -0.044731 0.089438 -0.000000
vn -0.044731 0.089438 -0.000000
vn -0.039303 0.091953 -0.000000
vn -0.039303 0.091953 -0.000000
vn -0.033733 0.094139 -0.000000
vn -0.033733 0.094139 -0.000000
vn -0.028043 0.095988 -0.000000
vn -0.028043 0.095988 -0.000000
vn -0.022252 0.097493 -0.000000
vn -0.022252 0.097493 -0.000000
vn -0.016382 0.098649 -0.000000
vn -0.016382 0.098649 -0.000000
vn -0.010453 0.099452 -0.000000
vn -0.010453 0.099452 -0.000000
vn -0.004486 0.099899 -0.000000
vn -0.004486 0.099899 -0.000000
vn 0.001496 0.099989 0.000000
vn 0.001496 0.099989 0.000000
vn 0.007473 0.099720 0.000000
vn 0.007473 0.099720 0.000000
vn 0.013423 0.099095 0.000000
vn 0.013423 0.099095 0.000000
vn 0.019326 0.098115 0.000000
vn 0.019326 0.098115 0.000000
vn 0.025159 0.096783 0.000000
vn 0.025159 0.096783 0.000000
vn 0.030902 0.095106 0.000000
vn 0.030902 0.095106 0.000000
vn 0.036534 0.093087 0.000000
vn 0.036534 0.093087 0.000000
vn 0.042036 0.090736 0.000000
vn 0.042036 0.090736 0.000000
vn 0.047387 0.088060 0.000000
vn 0.047387 0.088060 0.000000
vn 0.052568 0.085068 0.000000
vn 0.052568 0.085068 0.000000
vn 0.057562 0.081772 0.000000
vn 0.057562 0.081772 0.000000
vn 0.062349 0.078183 0.000000
vn 0.062349 0.078183 0.000000
vn 0.066913 0.074314 0.000000
vn 0.066913 0.074314 0.000000
vn 0.071238 0.070180 0.000000
vn 0.071238 0.070180 0.000000
vn 0.075307 0.065794 0.000000
vn 0.075307 0.065794 0.000000
vn 0.079107 0.061172 0.000000
vn 0.079107 0.061172 0.000000
vn 0.082624 0.056332 0.000000
vn 0.082624 0.056332 0.000000
vn 0.085845 0.051290 0.000000
vn 0.085845 0.051290 0.000000
vn 0.088759 0.046064 0.000000
vn 0.088759 0.046064 0.000000
vn 0.091355 0.040674 0.000000
vn 0.091355 0.040674 0.000000
vn 0.093623 0.035137 0.000000
vn 0.093623 0.035137 0.000000
vn 0.095557 0.029476 0.000000
vn 0.095557 0.029476 0.000000
vn 0.097149 0.023708 0.000000
vn 0.097149 0.023708 0.000000
vn 0.098393 0.017856 0.000000
vn 0.098393 0.017856 0.000000
vn 0.099285 0.011939 0.000000
vn 0.099285 0.011939 0.000000
vn 0.000000 0.000000 0.100000
vn 0.000000 0.000000 0.100000
vn 0.000000 0.000000 0.100000
vn 0.000000 0.000000 0.100000
vn 0.000000 0.000000 0.100000
vn 0.000000 0.000000 0.100000
vn 0.000000 0.000000 0.100000
vn 0.000000 0.000000 0.100000
vn 0.000000 0.000000 0.100000
vn 0.000000 0.000000 0.100000
vn 0.000000 0.000000 0.100000
vn 0.000000 0.000000 0.100000
vn 0.000000 0.000000 0.100000
vn 0.000000 0.000000 0.100000
vn 0.000000 0.000000 0.100000
vn 0.000000 0.000000 0.100000
vn 0.000000 0.000000 0.100000
vn 0.000000 0.000000 0.100000
vn 0.000000 0.000000 0.100000
vn 0.000000 0.000000 0.100000
vn 0.000000 0.000000 0.100000
vn 0.000000 0.000000 0.100000
vn 0.000000 0.000000 0.100000
vn 0.000000 0.000000 0.100000
vn 0.000000 0.000000 0.100000
vn 0.000000 0.000000 0.100000
vn 0.000000 0.000000 0.100000
vn 0.000000 0.000000 0.100000
vn 0.000000 0.000000 0.100000
vn 0.000000 0.000000 0.100000
vn 0.000000 0.000000 0.100000
vn 0.000000 0.000000 0.100000
vn 0.000000 0.000000 0.100000
vn 0.000000 0.000000 0.100000
vn 0.000000 0.000000 0.100000
vn 0.000000 0.000000 0.100000
vn 0.000000 0.000000 0.100000
vn 0.000000 0.000000 0.100000
vn 0.000000 0.000000 0.100000
vn 0.000000 0.000000 0.100000
vn 0.000000 0.000000 0.100000
vn 0.000000 0.000000 0.100000
vn 0.000000 0.000000 0.100000
vn 0.000000 0.000000 0.100000
vn 0.000000 0.000000 0.100000
vn 0.000000 0.000000 0.100000
vn 0.000000 0.000000 0.100000
vn 0.000000 0.000000 0.100000
vn 0.000000 0.000000 0.100000
vn 0.000000 0.000000 0.100000
vn 0.000000 0.000000 0.100000
vn 0.000000 0.000000 0.100000
vn 0.000000 0.000000 0.100000
vn 0.000000 0.000000 0.100000
vn 0.000000 0.000000 0.100000
vn 0.000000 0.000000 0.100000
vn 0.000000 0.000000 0.100000
vn 0.000000 0.000000 0.100000
vn 0.000000 0.000000 0.100000
vn 0.000000 0.000000 0.100000
vn 0.000000 0.000000 0.100000
vn 0.000000 0.000000 0.100000
vn 0.000000 0.000000 0.100000
vn 0.000000 0.000000 0.100000
vn 0.000000 0.000000 0.100000
vn 0.000000 0.000000 0.100000
vn 0.000000 0.000000 0.100000
vn 0.000000 0.000000 0.100000
vn 0.000000 0.000000 0.100000
vn 0.000000 0.000000 0.100000
vn 0.000000 0.000000 0.100000
vn 0.000000 0.000000 0.100000
vn 0.000000 0.000000 0.100000
vn 0.000000 0.000000 0.100000
vn 0.000000 0.000000 0.100000
vn 0.000000 0.000000 0.100000
vn 0.000000 0.000000 0.100000
vn 0.000000 0.000000 0.100000
vn 0.000000 0.000000 0.100000
vn 0.000000 0.000000 0.100000
vn 0.000000 0.000000 0.100000
vn 0.000000 0.000000 0.100000
vn 0.000000 0.000000 0.100000
vn 0.000000 0.000000 0.100000
vn 0.000000 0.000000 0.100000
vn 0.000000 0.000000 0.100000
vn 0.000000 0.000000 0.100000
vn 0.000000 0.000000 0.100000
vn 0.000000 0.000000 0.100000
vn 0.000000 0.000000 0.100000
vn 0.000000 0.000000 0.100000
vn 0.000000 0.000000 0.100000
vn 0.000000 0.000000 0.100000
vn 0.000000 0.000000 0.100000
vn 0.000000 0.000000 0.100000
vn 0.000000 0.000000 0.100000
vn 0.000000 0.000000 0.100000
vn 0.000000 0.000000 0.100000
vn 0.000000 0.000000 0.100000
vn 0.000000 0.000000 0.100000
vn 0.000000 0.000000 0.100000
vn 0.000000 0.000000 0.100000
vn 0.000000 0.000000 0.100000
vn 0.000000 0.000000 0.100000
vn 0.000000 0.000000 0.100000
vn 0.000000 0.000000 0.100000
vn 0.000000 0.000000 0.100000
vn 0.000000 0.000000 0.100000
vn 0.000000 0.000000 0.100000
vn 0.000000 0.000000 0.100000
vn 0.000000 0.000000 0.100000
vn 0.000000 0.000000 0.100000
vn 0.000000 0.000000 0.100000
vn 0.000000 0.000000 0.100000
vn 0.000000 0.000000 0.100000
vn 0.000000 0.000000 0.100000
vn 0.000000 0.000000 0.100000
vn 0.000000 0.000000 0.100000
vn 0.000000 0.000000 0.100000
vn 0.000000 0.000000 0.100000
vn 0.000000 0.000000 0.100000
vn 0.000000 0.000000 0.100000
vn 0.000000 0.000000 0.100000
vn 0.000000 0.000000 0.100000
vn 0.000000 0.000000 0.100000
vn 0.000000 0.000000 0.100000
vn 0.000000 0.000000 0.100000
vn 0.000000 0.000000 0.100000
vn 0.000000 0.000000 0.100000
vn 0.000000 0.000000 0.100000
vn 0.000000 0.000000 0.100000
vn 0.000000 0.000000 0.100000
vn 0.000000 0.000000 0.100000
vn 0.000000 0.000000 0.100000
vn 0.000000 0.000000 0.100000
vn 0.000000 0.000000 0.100000
vn 0.000000 0.000000 0.100000
vn 0.000000 0.000000 0.100000
vn 0.000000 0.000000 0.100000
vn 0.000000 0.000000 0.100000
vn 0.000000 0.000000 0.100000
vn 0.000000 0.000000 0.100000
vn 0.000000 0.000000 0.100000
vn 0.000000 0.000000 0.100000
vn 0.000000 0.000000 0.100000
vn 0.000000 0.000000 0.100000
vn 0.000000 0.000000 0.100000
vn 0.000000 0.000000 0.100000
vn 0.000000 0.000000 0.100000
vn 0.000000 0.000000 0.100000
vn 0.000000 0.000000 0.100000
vn 0.000000 0.000000 0.100000
vn 0.000000 0.000000 0.100000
vn 0.000000 0.000000 0.100000
vn 0.000000 0.000000 0.100000
vn 0.000000 0.000000 0.100000
vn 0.000000 0.000000 0.100000
vn 0.000000 0.000000 0.100000
vn 0.000000 0.000000 0.100000
vn 0.000000 0.000000 0.100000
vn 0.000000 0.000000 0.100000
vn 0.000000 0.000000 0.100000
vn 0.000000 0.000000 0.100000
vn 0.000000 0.000000 0.100000
vn 0.000000 0.000000 0.100000
vn 0.000000 0.000000 0.100000
vn 0.000000 0.000000 0.100000
vn 0.000000 0.000000 0.100000
vn 0.000000 0.000000 0.100000
vn 0.000000 0.000000 0.100000
vn 0.000000 0.000000 0.100000
vn 0.000000 0.000000 0.100000
vn 0.000000 0.000000 0.100000
vn 0.000000 0.000000 0.100000
vn 0.000000 0.000000 0.100000
vn 0.000000 0.000000 0.100000
vn 0.000000 0.000000 0.100000
vn 0.000000 0.000000 0.100000
vn 0.000000 0.000000 0.100000
vn 0.000000 0.000000 0.100000
vn 0.000000 0.000000 0.100000
vn 0.000000 0.000000 0.100000
vn 0.000000 0.000000 0.100000
vn 0.000000 0.000000 0.100000
vn 0.000000 0.000000 0.100000
vn 0.000000 0.000000 0.100000
vn 0.000000 0.000000 0.100000
vn 0.000000 0.000000 0.100000
vn 0.000000 0.000000 0.100000
vn 0.000000 0.000000 0.100000
vn 0.000000 0.000000 0.100000
vn 0.000000 0.000000 0.100000
vn 0.000000 0.000000 0.100000
vn 0.000000 0.000000 0.100000
vn 0.000000 0.000000 0.100000
vn 0.000000 0.000000 0.100000
vn 0.000000 0.000000 0.100000
vn 0.000000 0.000000 0.100000
vn 0.000000 0.000000 0.100000
vn 0.000000 0.000000 0.100000
vn 0.000000 0.000000 0.100000
vn 0.000000 0.000000 0.100000
vn 0.000000 0.000000 0.100000
vn 0.000000 0.000000 0.100000
vn 0.000000 0.000000 0.100000
vn 0.000000 0.000000 0.100000
vn 0.000000 0.000000 0.100000
vn 0.000000 0.000000 0.100000
vn 0.000000 0.000000 0.100000
vn 0.000000 0.000000 0.100000
vn 0.000000 0.000000 0.100000
vn 0.000000 0.000000 0.100000
vn 0.000000 0.000000 0.100000
vn 0.000000 0.000000 0.100000
vn 0.000000 0.000000 0.100000
vn 0.000000 0.000000 0.100000
vn 0.000000 0.000000 0.100000
vn -0.080000 0.060000 0.000000
vn -0.080000 0.060000 0.000000
vn -0.064075 0.076775 0.000000
vn -0.064075 0.076775 0.000000
vn -0.044721 0.089443 0.000000
vn -0.044721 0.089443 0.000000
vn -0.022975 0.097325 0.000000
vn -0.022975 0.097325 0.000000
vn -0.000000 0.100000 0.000000
vn -0.000000 0.100000 0.000000
vn 0.022975 0.097325 0.000000
vn 0.022975 0.097325 0.000000
vn 0.044721 0.089443 0.000000
vn 0.044721 0.089443 0.000000
vn 0.064075 0.076775 0.000000
vn 0.064075 0.076775 0.000000
vn 0.080000 0.060000 0.000000
vn 0.080000 0.060000 0.000000
vn 0.000000 0.000000 -0.100000
vn 0.000000 0.000000 -0.100000
vn 0.000000 0.000000 -0.100000
vn 0.000000 0.000000 -0.100000
vn 0.000000 0.000000 -0.100000
vn 0.000000 0.000000 -0.100000
vn 0.000000 0.000000 -0.100000
vn 0.000000 0.000000 -0.100000
vn 0.000000 0.000000 -0.100000
vn 0.080000 -0.060000 0.000000
vn 0.080000 -0.060000 0.000000
vn 0.064075 -0.076775 0.000000
vn 0.064075 -0.076775 0.000000
vn 0.044721 -0.089443 0.000000
vn 0.044721 -0.089443 0.000000
vn 0.022975 -0.097325 0.000000
vn 0.022975 -0.097325 0.000000
vn 0.000000 -0.100000 0.000000
vn -0.000000 -0.100000 0.000000
vn -0.022975 -0.097325 0.000000
vn -0.022975 -0.097325 0.000000
vn -0.044721 -0.089443 0.000000
vn -0.044721 -0.089443 0.000000
vn -0.064075 -0.076775 0.000000
vn -0.064075 -0.076775 0.000000
vn -0.080000 -0.060000 0.000000
vn -0.080000 -0.060000 0.000000
vn 0.000000 0.000000 -0.100000
vn 0.000000 0.000000 -0.100000
vn 0.000000 0.000000 -0.100000
vn 0.000000 0.000000 -0.100000
vn 0.000000 0.000000 -0.100000
vn 0.000000 0.000000 -0.100000
vn 0.000000 0.000000 -0.100000
vn 0.000000 0.000000 -0.100000
vn 0.000000 0.000000 -0.100000
vn 0.000000 0.100000 0.000000
vn 0.000000 0.100000 0.000000
vn 0.000000 0.100000 0.000000
vn 0.000000 0.100000 0.000000
vn 0.000000 0.100000 0.000000
vn 0.000000 0.100000 0.000000
vn 0.000000 0.100000 0.000000
vn 0.000000 0.100000 0.000000
vn 0.000000 -0.100000 0.000000
vn 0.000000 -0.100000 0.000000
vn 0.000000 -0.100000 0.000000
vn 0.000000 -0.100000 0.000000
vn 0.000000 -0.100000 0.000000
vn 0.000000 -0.100000 0.000000
vn 0.000000 -0.100000 0.000000
vn 0.000000 -0.100000 0.000000
vn 0.000000 0.000000 0.100000
vn 0.000000 0.000000 0.100000
vn 0.000000 0.000000 0.100000
vn 0.000000 0.000000 0.100000
vn 0.000000 0.000000 0.100000
vn 0.000000 0.000000 0.100000
vn 0.000000 0.000000 0.100000
vn 0.000000 0.000000 0.100000
vn 0.000000 0.000000 0.100000
vn 0.000000 0.000000 0.100000
vn 0.000000 0.000000 0.100000
vn 0.000000 0.000000 0.100000
vn 0.000000 0.000000 0.100000
vn 0.000000 0.000000 0.100000
vn 0.000000 0.000000 0.100000
vn 0.000000 0.000000 0.100000
vn 0.000000 0.000000 0.100000
vn 0.000000 0.000000 0.100000
vn 0.000000 0.000000 0.100000
vn 0.000000 0.000000 0.100000
vn 0.000000 0.000000 0.100000
vn 0.000000 0.000000 0.100000
vn 0.000000 0.000000 0.100000
vn 0.000000 0.000000 0.100000
vn 0.000000 0.000000 0.100000
vn 0.000000 0.000000 0.100000
vn 0.000000 0.000000 0.100000
vn 0.000000 0.000000 0.100000
vn 0.000000 0.000000 0.100000
vn 0.000000 0.000000 0.100000
vn 0.000000 0.000000 0.100000
vn 0.000000 0.000000 0.100000
vn 0.000000 0.000000 0.100000
vn 0.000000 0.000000 0.100000
vn -0.100000 0.000000 0.000000
vn -0.100000 0.000000 0.000000
vn -0.100000 0.000000 0.000000
vn -0.100000 0.000000 0.000000
vn 0.100000 0.000000 0.000000
vn 0.100000 0.000000 0.000000
vn 0.100000 0.000000 0.000000
vn 0.100000 0.000000 0.000000
vn 0.097980 -0.020000 0.000000
vn 0.097980 -0.020000 0.000000
vn 0.093297 -0.035996 0.000000
vn 0.093297 -0.035996 0.000000
vn 0.086022 -0.050992 0.000000
vn 0.086022 -0.050992 0.000000
vn 0.076358 -0.064572 0.000000
vn 0.076358 -0.064572 0.000000
vn 0.064572 -0.076358 0.000000
vn 0.064572 -0.076358 0.000000
vn 0.050992 -0.086022 0.000000
vn 0.050992 -0.086022 0.000000
vn 0.035996 -0.093297 0.000000
vn 0.035996 -0.093297 0.000000
vn 0.020000 -0.097980 0.000000
vn 0.020000 -0.097980 0.000000
vn 0.020000 0.097980 0.000000
vn 0.020000 0.097980 0.000000
vn 0.035996 0.093297 0.000000
vn 0.035996 0.093297 0.000000
vn 0.050992 0.086022 0.000000
vn 0.050992 0.086022 0.000000
vn 0.064572 0.076358 0.000000
vn 0.064572 0.076358 0.000000
vn 0.076358 0.064572 0.000000
vn 0.076358 0.064572 0.000000
vn 0.086022 0.050992 0.000000
vn 0.086022 0.050992 0.000000
vn 0.093297 0.035996 0.000000
vn 0.093297 0.035996 0.000000
vn 0.097980 0.020000 0.000000
vn 0.097980 0.020000 0.000000
vn -0.097980 0.020000 -0.000000
vn -0.097980 0.020000 -0.000000
vn -0.093297 0.035996 -0.000000
vn -0.093297 0.035996 -0.000000
vn -0.086022 0.050992 -0.000000
vn -0.086022 0.050992 -0.000000
vn -0.076358 0.064572 -0.000000
vn -0.076358 0.064572 -0.000000
vn -0.064572 0.076358 -0.000000
vn -0.064572 0.076358 -0.000000
vn -0.050992 0.086022 -0.000000
vn -0.050992 0.086022 -0.000000
vn -0.035996 0.093297 -0.000000
vn -0.035996 0.093297 -0.000000
vn -0.020000 0.097980 -0.000000
vn -0.020000 0.097980 -0.000000
vn 0.000000 0.000000 -0.100000
vn 0.000000 0.000000 -0.100000
vn 0.000000 0.000000 -0.100000
vn 0.000000 0.000000 -0.100000
vn 0.000000 0.000000 -0.100000
vn 0.000000 0.000000 -0.100000
vn 0.000000 0.000000 -0.100000
vn 0.000000 0.000000 -0.100000
vn 0.000000 0.000000 -0.100000
vn 0.000000 0.000000 -0.100000
vn 0.000000 0.000000 -0.100000
vn 0.000000 0.000000 -0.100000
vn 0.000000 0.000000 -0.100000
vn 0.000000 0.000000 -0.100000
vn 0.000000 0.000000 -0.100000
vn 0.000000 0.000000 -0.100000
vn 0.000000 0.000000 -0.100000
vn 0.000000 0.000000 -0.100000
vn 0.000000 0.000000 -0.100000
vn 0.000000 0.000000 -0.100000
vn 0.000000 0.000000 -0.100000
vn 0.000000 0.000000 -0.100000
vn 0.000000 0.000000 -0.100000
vn 0.000000 0.000000 -0.100000
vn 0.000000 0.000000 -0.100000
vn 0.000000 0.000000 -0.100000
vn 0.000000 0.000000 -0.100000
vn 0.000000 0.000000 -0.100000
vn 0.000000 0.000000 -0.100000
vn 0.000000 0.000000 -0.100000
vn 0.000000 0.000000 -0.100000
vn 0.000000 0.000000 -0.100000
vn 0.000000 0.000000 -0.100000
vn 0.000000 0.000000 -0.100000
vn 0.000000 0.000000 -0.100000
vn 0.000000 0.000000 -0.100000
vn 0.000000 0.000000 -0.100000
vn 0.000000 0.000000 -0.100000
vn 0.000000 0.000000 -0.100000
vn 0.000000 0.000000 -0.100000
vn 0.000000 0.000000 -0.100000
vn 0.000000 0.000000 -0.100000
vn 0.000000 0.000000 -0.100000
vn 0.000000 0.000000 -0.100000
vn 0.000000 0.000000 -0.100000
vn 0.000000 0.000000 -0.100000
vn 0.000000 0.000000 -0.100000
vn 0.000000 0.000000 -0.100000
vn 0.000000 0.000000 -0.100000
vn 0.000000 0.000000 -0.100000
vn 0.000000 0.000000 -0.100000
vn 0.000000 0.000000 -0.100000
vn 0.000000 0.000000 -0.100000
vn 0.000000 0.000000 -0.100000
vn 0.000000 0.000000 -0.100000
vn 0.000000 0.000000 -0.100000
vn 0.000000 0.000000 -0.100000
vn 0.000000 0.000000 -0.100000
vn 0.000000 0.000000 -0.100000
vn 0.000000 0.000000 -0.100000
vn 0.000000 0.000000 -0.100000
vn 0.000000 0.000000 -0.100000
vn 0.000000 0.000000 -0.100000
vn 0.000000 0.000000 -0.100000
vn 0.000000 0.000000 -0.100000
vn 0.000000 0.000000 -0.100000
vn 0.000000 0.000000 -0.100000
vn 0.000000 0.000000 -0.100000
vn 0.000000 0.000000 -0.100000
vn 0.000000 0.000000 -0.100000
vn 0.000000 0.000000 -0.100000
vn 0.000000 0.000000 -0.100000
vn 0.000000 0.000000 -0.100000
vn 0.000000 0.000000 -0.100000
vn 0.000000 0.000000 -0.100000
vn 0.000000 0.000000 -0.100000
vn 0.000000 0.000000 -0.100000
vn 0.000000 0.000000 -0.100000
vn 0.000000 0.000000 -0.100000
vn 0.000000 0.000000 -0.100000
vn 0.000000 0.000000 -0.100000
vn 0.000000 0.000000 -0.100000
vn 0.000000 0.000000 -0.100000
vn 0.000000 0.000000 -0.100000
vn 0.000000 0.000000 -0.100000
vn 0.000000 0.000000 -0.100000
vn 0.000000 0.000000 -0.100000
vn 0.000000 0.000000 -0.100000
vn 0.000000 0.000000 -0.100000
vn 0.000000 0.000000 -0.100000
vn 0.000000 0.000000 -0.100000
vn 0.000000 0.000000 -0.100000
vn 0.000000 0.000000 -0.100000
vn 0.000000 0.000000 -0.100000
vn 0.000000 0.000000 -0.100000
vn 0.000000 0.000000 -0.100000
vn 0.000000 0.000000 -0.100000
vn 0.000000 0.000000 -0.100000
vn 0.000000 0.000000 -0.100000
vn 0.000000 0.000000 -0.100000
vn 0.000000 0.000000 -0.100000
vn 0.000000 0.000000 -0.100000
vn 0.000000 0.000000 -0.100000
vn 0.000000 0.000000 -0.100000
vn 0.000000 0.000000 -0.100000
vn 0.000000 0.000000 -0.100000
vn 0.000000 0.000000 -0.100000
vn 0.000000 0.000000 -0.100000
vn 0.000000 0.000000 -0.100000
vn 0.000000 0.000000 -0.100000
vn 0.000000 0.000000 -0.100000
vn 0.000000 0.000000 -0.100000
vn 0.000000 0.000000 -0.100000
vn 0.000000 0.000000 -0.100000
vn 0.000000 0.000000 -0.100000
vn 0.000000 0.000000 -0.100000
vn 0.000000 0.000000 -0.100000
vn 0.000000 0.000000 -0.100000
vn 0.000000 0.000000 -0.100000
vn 0.000000 0.000000 -0.100000
vn 0.000000 0.000000 -0.100000
vn 0.000000 0.000000 -0.100000
vn 0.000000 0.000000 -0.100000
vn 0.000000 0.000000 -0.100000
vn 0.000000 0.000000 -0.100000
vn 0.000000 0.000000 -0.100000
vn 0.000000 0.000000 -0.100000
vn -0.097815 0.020791 0.000000
vn -0.097815 0.020791 0.000000
vn -0.100000 0.000000 0.000000
vn -0.100000 0.000000 0.000000
vn -0.097815 -0.020791 0.000000
vn -0.097815 -0.020791 0.000000
vn -0.091355 -0.040674 0.000000
vn -0.091355 -0.040674 0.000000
vn -0.080902 -0.058779 0.000000
vn -0.080902 -0.058779 0.000000
vn -0.066913 -0.074314 0.000000
vn -0.066913 -0.074314 0.000000
vn -0.050000 -0.086603 0.000000
vn -0.050000 -0.086603 0.000000
vn -0.030902 -0.095106 0.000000
vn -0.030902 -0.095106 0.000000
vn -0.010453 -0.099452 0.000000
vn -0.010453 -0.099452 0.000000
vn 0.010453 -0.099452 0.000000
vn 0.010453 -0.099452 0.000000
vn 0.030902 -0.095106 0.000000
vn 0.030902 -0.095106 0.000000
vn 0.050000 -0.086603 0.000000
vn 0.050000 -0.086603 0.000000
vn 0.066913 -0.074314 0.000000
vn 0.066913 -0.074314 0.000000
vn 0.080902 -0.058779 0.000000
vn 0.080902 -0.058779 0.000000
vn 0.091355 -0.040674 0.000000
vn 0.091355 -0.040674 0.000000
vn 0.097815 -0.020791 0.000000
vn 0.097815 -0.020791 0.000000
vn 0.100000 0.000000 0.000000
vn 0.100000 0.000000 0.000000
vn 0.097815 0.020791 0.000000
vn 0.097815 0.020791 0.000000
vn 0.091355 0.040674 0.000000
vn 0.091355 0.040674 0.000000
vn 0.080902 0.058779 0.000000
vn 0.080902 0.058779 0.000000
vn 0.066913 0.074314 0.000000
vn 0.066913 0.074314 0.000000
vn 0.050000 0.086603 0.000000
vn 0.050000 0.086603 0.000000
vn 0.030902 0.095106 0.000000
vn 0.030902 0.095106 0.000000
vn 0.010453 0.099452 0.000000
vn 0.010453 0.099452 0.000000
vn -0.010453 0.099452 0.000000
vn -0.010453 0.099452 0.000000
vn -0.030902 0.095106 0.000000
vn -0.030902 0.095106 0.000000
vn -0.050000 0.086603 0.000000
vn -0.050000 0.086603 0.000000
vn -0.066913 0.074314 0.000000
vn -0.066913 0.074314 0.000000
vn -0.080902 0.058779 0.000000
vn -0.080902 0.058779 0.000000
vn -0.091355 0.040674 0.000000
vn -0.091355 0.040674 0.000000
vn 0.100000 0.000000 0.000000
vn 0.100000 0.000000 0.000000
vn 0.100000 0.000000 0.000000
vn 0.100000 0.000000 0.000000
vn 0.000000 -0.100000 0.000000
vn 0.000000 -0.100000 0.000000
vn 0.000000 -0.100000 0.000000
vn 0.000000 -0.100000 0.000000
vn -0.100000 0.000000 0.000000
vn -0.100000 0.000000 0.000000
vn -0.100000 0.000000 0.000000
vn -0.100000 0.000000 0.000000
vn -0.097980 -0.020000 0.000000
vn -0.097980 -0.020000 0.000000
vn -0.093297 -0.035996 0.000000
vn -0.093297 -0.035996 0.000000
vn -0.086022 -0.050992 0.000000
vn -0.086022 -0.050992 0.000000
vn -0.076358 -0.064572 0.000000
vn -0.076358 -0.064572 0.000000
vn -0.064572 -0.076358 0.000000
vn -0.064572 -0.076358 0.000000
vn -0.050992 -0.086022 0.000000
vn -0.050992 -0.086022 0.000000
vn -0.035996 -0.093297 0.000000
vn -0.035996 -0.093297 0.000000
vn -0.020000 -0.097980 0.000000
vn -0.020000 -0.097980 0.000000
vn 0.000000 -0.100000 0.000000
vn 0.000000 -0.100000 0.000000
vn 0.000000 -0.100000 0.000000
vn 0.000000 -0.100000 0.000000
vn -0.100000 0.000000 0.000000
vn -0.100000 0.000000 0.000000
vn -0.100000 0.000000 0.000000
vn -0.100000 0.000000 0.000000
vn 0.000000 0.100000 0.000000
vn 0.000000 0.100000 0.000000
vn 0.000000 0.100000 0.000000
vn 0.000000 0.100000 0.000000
vn -0.100000 0.000000 0.000000
vn -0.100000 0.000000 0.000000
vn -0.100000 0.000000 0.000000
vn -0.100000 0.000000 0.000000
vn 0.000000 0.100000 0.000000
vn 0.000000 0.100000 0.000000
vn 0.000000 0.100000 0.000000
vn 0.000000 0.100000 0.000000
vn 0.100000 0.000000 0.000000
vn 0.100000 0.000000 0.000000
vn 0.100000 0.000000 0.000000
vn 0.100000 0.000000 0.000000
vn 0.000000 0.100000 0.000000
vn 0.000000 0.100000 0.000000
vn 0.000000 0.100000 0.000000
vn 0.000000 0.100000 0.000000
vn 0.100000 0.000000 0.000000
vn 0.100000 0.000000 0.000000
vn 0.100000 0.000000 0.000000
vn 0.100000 0.000000 0.000000
vn 0.000000 -0.100000 0.000000
vn 0.000000 -0.100000 0.000000
vn 0.000000 -0.100000 0.000000
vn 0.000000 -0.100000 0.000000
vn 0.000000 0.000000 0.100000
vn 0.000000 0.000000 0.100000
vn 0.000000 0.000000 0.100000
vn 0.000000 0.000000 0.100000
vn 0.000000 0.000000 0.100000
vn 0.000000 0.000000 0.100000
vn 0.000000 0.000000 0.100000
vn 0.000000 0.000000 0.100000
vn 0.000000 0.000000 0.100000
vn 0.000000 0.000000 0.100000
vn 0.000000 0.000000 0.100000
vn 0.000000 0.000000 0.100000
vn 0.000000 0.000000 0.100000
vn 0.000000 0.000000 0.100000
vn 0.000000 0.000000 0.100000
vn 0.000000 0.000000 0.100000
vn 0.000000 0.000000 0.100000
vn 0.000000 0.000000 0.100000
vn 0.000000 0.000000 0.100000
vn 0.000000 0.000000 0.100000
vn 0.000000 0.000000 0.100000
vn 0.000000 0.000000 0.100000
vn 0.000000 0.000000 0.100000
vn 0.000000 0.000000 0.100000
vn 0.000000 0.000000 0.100000
vn 0.000000 0.000000 0.100000
vn 0.000000 0.000000 0.100000
vn 0.000000 0.000000 0.100000
vn 0.000000 0.000000 0.100000
vn 0.000000 0.000000 0.100000
vn 0.000000 0.000000 0.100000
vn 0.000000 0.000000 0.100000
vn 0.000000 0.000000 0.100000
vn 0.000000 0.000000 0.100000
vn 0.000000 0.000000 0.100000
vn 0.000000 0.000000 0.100000
vn 0.000000 0.000000 0.100000
vn 0.000000 0.000000 0.100000
vn 0.000000 0.000000 0.100000
vn 0.000000 0.000000 0.100000
vn 0.000000 0.000000 0.100000
vn 0.000000 0.000000 0.100000
vn 0.000000 0.000000 0.100000
vn 0.000000 0.000000 0.100000
vn 0.000000 0.000000 0.100000
vn 0.000000 0.000000 0.100000
vn 0.000000 0.000000 0.100000
vn 0.000000 0.000000 0.100000
vn 0.000000 0.000000 0.100000
vn 0.000000 0.000000 0.100000
vn 0.000000 0.000000 0.100000
vn 0.000000 0.000000 0.100000
vn 0.000000 0.000000 0.100000
vn 0.000000 0.000000 0.100000
vn 0.000000 0.000000 0.100000
vn 0.000000 0.000000 0.100000
vn 0.000000 0.000000 0.100000
vn 0.000000 0.000000 0.100000
vn 0.000000 0.000000 0.100000
vn 0.000000 0.000000 0.100000
vn 0.000000 0.000000 0.100000
vn 0.000000 0.000000 0.100000
vn 0.000000 0.000000 0.100000
vn 0.000000 0.000000 0.100000
vn 0.000000 0.000000 0.100000
vn 0.000000 0.000000 0.100000
vn 0.000000 0.000000 0.100000
vn 0.000000 0.000000 0.100000
vn 0.000000 0.000000 0.100000
vn 0.000000 0.000000 0.100000
vn 0.000000 0.000000 0.100000
vn 0.000000 0.000000 0.100000
vn 0.000000 0.000000 0.100000
vn 0.000000 0.000000 0.100000
vn 0.000000 0.000000 0.100000
vn 0.000000 0.000000 0.100000
vn 0.000000 0.000000 0.100000
vn 0.000000 0.000000 0.100000
vn 0.000000 0.000000 0.100000
vn 0.000000 0.000000 0.100000
vn 0.000000 0.000000 0.100000
vn 0.000000 0.000000 0.100000
vn 0.000000 0.000000 0.100000
vn 0.000000 0.000000 0.100000
vn 0.000000 0.000000 0.100000
vn 0.000000 0.000000 0.100000
vn 0.000000 0.000000 0.100000
vn 0.000000 0.000000 0.100000
vn 0.000000 0.000000 0.100000
vn 0.000000 0.000000 0.100000
vn 0.000000 0.000000 0.100000
vn 0.000000 0.000000 0.100000
vn 0.000000 0.000000 0.100000
vn 0.000000 0.000000 0.100000
vn 0.000000 0.000000 0.100000
vn 0.000000 0.000000 0.100000
vn 0.000000 0.000000 0.100000
vn 0.000000 0.000000 0.100000
vn 0.000000 0.000000 0.100000
vn 0.000000 0.000000 0.100000
vn 0.000000 0.000000 0.100000
vn 0.000000 0.000000 0.100000
vn 0.000000 0.000000 0.100000
vn 0.000000 0.000000 0.100000
vn 0.000000 0.000000 0.100000
vn 0.000000 0.000000 0.100000
vn 0.000000 0.000000 0.100000
vn 0.000000 0.000000 0.100000
vn 0.000000 0.000000 0.100000
vn 0.000000 0.000000 0.100000
vn 0.000000 0.000000 0.100000
vn 0.000000 0.000000 0.100000
vn 0.000000 0.000000 0.100000
vn 0.000000 0.000000 0.100000
vn 0.000000 0.000000 0.100000
vn 0.000000 0.000000 0.100000
vn 0.000000 0.000000 0.100000
vn 0.000000 0.000000 0.100000
vn 0.000000 0.000000 0.100000
vn 0.000000 0.000000 0.100000
vn 0.000000 0.000000 0.100000
vn 0.000000 0.000000 0.100000
vn 0.000000 0.000000 0.100000
vn 0.000000 0.000000 0.100000
vn 0.000000 0.000000 0.100000
vn 0.000000 0.000000 0.100000
vn 0.000000 0.000000 0.100000
vn 0.000000 0.000000 0.100000
vn 0.000000 0.000000 0.100000
vn 0.000000 0.000000 0.100000
vn 0.000000 0.000000 0.100000
vn 0.000000 0.000000 0.100000
vn 0.000000 0.000000 0.100000
vn 0.000000 0.000000 0.100000
vn 0.000000 0.000000 0.100000
vn 0.000000 0.000000 0.100000
vn 0.000000 0.000000 0.100000
vn 0.000000 0.000000 0.100000
vn 0.000000 0.000000 0.100000
vn 0.000000 0.000000 0.100000
vn 0.000000 0.000000 0.100000
vn 0.000000 0.000000 0.100000
vn 0.000000 0.000000 0.100000
vn 0.000000 0.000000 0.100000
vn 0.000000 0.000000 0.100000
vn 0.000000 0.000000 0.100000
vn 0.000000 0.000000 0.100000
vn 0.000000 0.000000 0.100000
vn 0.000000 0.000000 0.100000
vn 0.000000 0.000000 0.100000
vn 0.000000 0.000000 0.100000
vn 0.000000 0.000000 0.100000
vn 0.000000 0.000000 0.100000
vn 0.000000 0.000000 0.100000
vn 0.000000 0.000000 0.100000
vn 0.000000 0.000000 0.100000
vn 0.000000 0.000000 0.100000
vn 0.000000 0.000000 0.100000
vn 0.000000 0.000000 0.100000
vn 0.000000 0.000000 0.100000
vn 0.000000 0.000000 0.100000
vn 0.000000 0.000000 0.100000
vn 0.000000 0.000000 0.100000
vn 0.000000 0.000000 0.100000
vn 0.000000 0.000000 0.100000
vn 0.000000 0.000000 0.100000
vn 0.000000 0.000000 0.100000
vn 0.000000 0.000000 0.100000
vn 0.000000 0.000000 0.100000
vn 0.000000 0.000000 0.100000
vn 0.000000 0.000000 0.100000
vn 0.000000 0.000000 0.100000
vn 0.000000 0.000000 0.100000
vn 0.000000 0.000000 0.100000
vn 0.000000 0.000000 0.100000
vn 0.000000 0.000000 0.100000
vn 0.000000 0.000000 0.100000
vn 0.000000 0.000000 0.100000
vn 0.000000 0.000000 0.100000
vn 0.000000 0.000000 0.100000
vn 0.000000 0.000000 0.100000
vn 0.000000 0.000000 0.100000
vn 0.000000 0.000000 0.100000
vn 0.000000 0.000000 0.100000
vn 0.000000 0.000000 0.100000
vn 0.000000 0.000000 0.100000
vn 0.000000 0.000000 0.100000
vn 0.000000 0.000000 0.100000
vn 0.000000 0.000000 0.100000
vn 0.000000 0.000000 0.100000
vn 0.000000 0.000000 0.100000
vn 0.000000 0.000000 0.100000
vn 0.000000 0.000000 0.100000
vn 0.000000 0.000000 0.100000
vn 0.000000 0.000000 0.100000
vn 0.000000 0.000000 0.100000
vn 0.000000 0.000000 0.100000
vn 0.000000 0.000000 0.100000
vn 0.000000 0.000000 0.100000
vn 0.000000 0.000000 0.100000
vn 0.000000 0.000000 0.100000
vn 0.000000 0.000000 0.100000
vn 0.000000 0.000000 0.100000
vn 0.000000 0.000000 0.100000
vn 0.000000 0.000000 0.100000
vn 0.000000 0.000000 0.100000
vn 0.000000 0.000000 0.100000
vn 0.000000 0.000000 0.100000
vn 0.000000 0.000000 0.100000
vn 0.000000 0.000000 0.100000
vn 0.000000 0.000000 0.100000
vn 0.000000 0.000000 0.100000
vn 0.000000 0.000000 0.100000
vn 0.000000 0.000000 0.100000
vn 0.000000 0.000000 0.100000
vn 0.000000 0.000000 0.100000
vn 0.000000 0.000000 0.100000
vn 0.000000 0.000000 0.100000
vn 0.000000 0.000000 0.100000
vn 0.000000 0.000000 0.100000
vn 0.000000 0.000000 0.100000
vn 0.000000 0.000000 0.100000
vn 0.000000 0.000000 0.100000
vn 0.000000 0.000000 0.100000
usemtl Steel_-_Satin
f 1/1/1 2/2/2 118/3/3
f 118/3/3 2/2/2 3/4/4
f 118/3/3 3/4/4 117/5/5
f 117/5/5 3/4/4 4/6/6
f 117/5/5 4/6/6 116/7/7
f 116/7/7 4/6/6 5/8/8
f 116/7/7 5/8/8 115/9/9
f 115/9/9 5/8/8 6/10/10
f 115/9/9 6/10/10 114/11/11
f 114/11/11 6/10/10 113/12/12
f 113/12/12 6/10/10 7/13/13
f 113/12/12 7/13/13 112/14/14
f 112/14/14 7/13/13 8/15/15
f 112/14/14 8/15/15 111/16/16
f 111/16/16 8/15/15 9/17/17
f 111/16/16 9/17/17 110/18/18
f 110/18/18 9/17/17 109/19/19
f 109/19/19 9/17/17 10/20/20
f 109/19/19 10/20/20 108/21/21
f 108/21/21 10/20/20 11/22/22
f 108/21/21 11/22/22 107/23/23
f 107/23/23 11/22/22 12/24/24
f 107/23/23 12/24/24 106/25/25
f 106/25/25 12/24/24 13/26/26
f 106/25/25 13/26/26 105/27/27
f 105/27/27 13/26/26 104/28/28
f 104/28/28 13/26/26 14/29/29
f 104/28/28 14/29/29 103/30/30
f 103/30/30 14/29/29 15/31/31
f 103/30/30 15/31/31 102/32/32
f 102/32/32 15/31/31 16/33/33
f 102/32/32 16/33/33 101/34/34
f 101/34/34 16/33/33 17/35/35
f 101/34/34 17/35/35 100/36/36
f 100/36/36 17/35/35 99/37/37
f 99/37/37 17/35/35 18/38/38
f 99/37/37 18/38/38 98/39/39
f 98/39/39 18/38/38 19/40/40
f 98/39/39 19/40/40 97/41/41
f 97/41/41 19/40/40 20/42/42
f 97/41/41 20/42/42 96/43/43
f 96/43/43 20/42/42 95/44/44
f 95/44/44 20/42/42 21/45/45
f 95/44/44 21/45/45 94/46/46
f 94/46/46 21/45/45 22/47/47
f 94/46/46 22/47/47 93/48/48
f 93/48/48 22/47/47 23/49/49
f 93/48/48 23/49/49 92/50/50
f 92/50/50 23/49/49 24/51/51
f 92/50/50 24/51/51 91/52/52
f 91/52/52 24/51/51 90/53/53
f 90/53/53 24/51/51 25/54/54
f 90/53/53 25/54/54 89/55/55
f 89/55/55 25/54/54 26/56/56
f 89/55/55 26/56/56 88/57/57
f 88/57/57 26/56/56 27/58/58
f 88/57/57 27/58/58 87/59/59
f 87/59/59 27/58/58 28/60/60
f 87/59/59 28/60/60 86/61/61
f 86/61/61 28/60/60 85/62/62
f 85/62/62 28/60/60 29/63/63
f 85/62/62 29/63/63 84/64/64
f 84/64/64 29/63/63 30/65/65
f 84/64/64 30/65/65 83/66/66
f 83/66/66 30/65/65 31/67/67
f 83/66/66 31/67/67 82/68/68
f 82/68/68 31/67/67 81/69/69
f 81/69/69 31/67/67 32/70/70
f 81/69/69 32/70/70 80/71/71
f 80/71/71 32/70/70 33/72/72
f 80/71/71 33/72/72 79/73/73
f 79/73/73 33/72/72 34/74/74
f 79/73/73 34/74/74 78/75/75
f 78/75/75 34/74/74 35/76/76
f 78/75/75 35/76/76 77/77/77
f 77/77/77 35/76/76 76/78/78
f 76/78/78 35/76/76 36/79/79
f 76/78/78 36/79/79 75/80/80
f 75/80/80 36/79/79 37/81/81
f 75/80/80 37/81/81 74/82/82
f 74/82/82 37/81/81 38/83/83
f 74/82/82 38/83/83 73/84/84
f 73/84/84 38/83/83 72/85/85
f 72/85/85 38/83/83 39/86/86
f 72/85/85 39/86/86 71/87/87
f 71/87/87 39/86/86 40/88/88
f 71/87/87 40/88/88 70/89/89
f 70/89/89 40/88/88 41/90/90
f 70/89/89 41/90/90 69/91/91
f 69/91/91 41/90/90 42/92/92
f 69/91/91 42/92/92 68/93/93
f 68/93/93 42/92/92 67/94/94
f 67/94/94 42/92/92 43/95/95
f 67/94/94 43/95/95 66/96/96
f 66/96/96 43/95/95 44/97/97
f 66/96/96 44/97/97 65/98/98
f 65/98/98 44/97/97 45/99/99
f 65/98/98 45/99/99 64/100/100
f 64/100/100 45/99/99 46/101/101
f 64/100/100 46/101/101 63/102/102
f 63/102/102 46/101/101 62/103/103
f 62/103/103 46/101/101 47/104/104
f 62/103/103 47/104/104 61/105/105
f 61/105/105 47/104/104 48/106/106
f 61/105/105 48/106/106 60/107/107
f 60/107/107 48/106/106 49/108/108
f 60/107/107 49/108/108 59/109/109
f 59/109/109 49/108/108 58/110/110
f 58/110/110 49/108/108 50/111/111
f 58/110/110 50/111/111 57/112/112
f 57/112/112 50/111/111 51/113/113
f 57/112/112 51/113/113 56/114/114
f 56/114/114 51/113/113 52/115/115
f 56/114/114 52/115/115 55/116/116
f 55/116/116 52/115/115 53/117/117
f 55/116/116 53/117/117 54/118/118
f 119/119/119 120/120/120 124/121/121
f 124/121/121 120/120/120 121/122/122
f 124/121/121 121/122/122 123/123/123
f 123/123/123 121/122/122 122/124/124
f 123/123/123 122/124/124 1/125/1
f 1/125/1 122/124/124 2/126/2
f 125/127/125 126/128/126 176/129/127
f 176/129/127 126/128/126 127/130/128
f 176/129/127 127/130/128 175/131/129
f 175/131/129 127/130/128 128/132/130
f 175/131/129 128/132/130 174/133/131
f 174/133/131 128/132/130 129/134/132
f 174/133/131 129/134/132 173/135/133
f 173/135/133 129/134/132 130/136/134
f 173/135/133 130/136/134 172/137/135
f 172/137/135 130/136/134 131/138/136
f 172/137/135 131/138/136 171/139/137
f 171/139/137 131/138/136 132/140/138
f 171/139/137 132/140/138 170/141/139
f 170/141/139 132/140/138 133/142/140
f 170/141/139 133/142/140 169/143/141
f 169/143/141 133/142/140 134/144/142
f 169/143/141 134/144/142 168/145/143
f 168/145/143 134/144/142 135/146/144
f 168/145/143 135/146/144 167/147/145
f 167/147/145 135/146/144 136/148/146
f 167/147/145 136/148/146 166/149/147
f 166/149/147 136/148/146 137/150/148
f 166/149/147 137/150/148 165/151/149
f 165/151/149 137/150/148 138/152/150
f 165/151/149 138/152/150 164/153/151
f 164/153/151 138/152/150 139/154/152
f 164/153/151 139/154/152 163/155/153
f 163/155/153 139/154/152 140/156/154
f 163/155/153 140/156/154 162/157/155
f 162/157/155 140/156/154 141/158/156
f 162/157/155 141/158/156 161/159/157
f 161/159/157 141/158/156 142/160/158
f 161/159/157 142/160/158 160/161/159
f 160/161/159 142/160/158 143/162/160
f 160/161/159 143/162/160 159/163/161
f 159/163/161 143/162/160 144/164/162
f 159/163/161 144/164/162 158/165/163
f 158/165/163 144/164/162 145/166/164
f 158/165/163 145/166/164 157/167/165
f 157/167/165 145/166/164 146/168/166
f 157/167/165 146/168/166 156/169/167
f 156/169/167 146/168/166 147/170/168
f 156/169/167 147/170/168 155/171/169
f 155/171/169 147/170/168 148/172/170
f 155/171/169 148/172/170 154/173/171
f 154/173/171 148/172/170 149/174/172
f 154/173/171 149/174/172 153/175/173
f 153/175/173 149/174/172 150/176/174
f 153/175/173 150/176/174 152/177/175
f 152/177/175 150/176/174 151/178/176
f 152/177/175 151/178/176 119/179/119
f 119/179/119 151/178/176 120/180/120
f 126/128/126 125/127/125 182/181/177
f 182/181/177 125/182/125 177/183/178
f 182/181/177 177/183/178 181/184/179
f 181/184/179 177/183/178 178/185/180
f 181/184/179 178/185/180 180/186/181
f 180/186/181 178/185/180 179/187/182
f 180/186/181 179/187/182 234/188/183
f 234/188/183 179/189/182 183/190/184
f 234/188/183 183/190/184 233/191/185
f 233/191/185 183/190/184 184/192/186
f 233/191/185 184/192/186 232/193/187
f 232/193/187 184/192/186 185/194/188
f 232/193/187 185/194/188 231/195/189
f 231/195/189 185/194/188 186/196/190
f 231/195/189 186/196/190 230/197/191
f 230/197/191 186/196/190 187/198/192
f 230/197/191 187/198/192 229/199/193
f 229/199/193 187/198/192 188/200/194
f 229/199/193 188/200/194 228/201/195
f 228/201/195 188/200/194 189/202/196
f 228/201/195 189/202/196 227/203/197
f 227/203/197 189/202/196 190/204/198
f 227/203/197 190/204/198 226/205/199
f 226/205/199 190/204/198 191/206/200
f 226/205/199 191/206/200 225/207/201
f 225/207/201 191/206/200 192/208/202
f 225/207/201 192/208/202 224/209/203
f 224/209/203 192/208/202 193/210/204
f 224/209/203 193/210/204 223/211/205
f 223/211/205 193/210/204 194/212/206
f 223/211/205 194/212/206 222/213/207
f 222/213/207 194/212/206 195/214/208
f 222/213/207 195/214/208 221/215/209
f 221/215/209 195/214/208 196/216/210
f 221/215/209 196/216/210 220/217/211
f 220/217/211 196/216/210 197/218/212
f 220/217/211 197/218/212 219/219/213
f 219/219/213 197/218/212 198/220/214
f 219/219/213 198/220/214 218/221/215
f 218/221/215 198/220/214 199/222/216
f 218/221/215 199/222/216 217/223/217
f 217/223/217 199/222/216 200/224/218
f 217/223/217 200/224/218 216/225/219
f 216/225/219 200/224/218 201/226/220
f 216/225/219 201/226/220 215/227/221
f 215/227/221 201/226/220 202/228/222
f 215/227/221 202/228/222 214/229/223
f 214/229/223 202/228/222 203/230/224
f 214/229/223 203/230/224 213/231/225
f 213/231/225 203/230/224 204/232/226
f 213/231/225 204/232/226 212/233/227
f 212/233/227 204/232/226 205/234/228
f 212/233/227 205/234/228 211/235/229
f 211/235/229 205/234/228 206/236/230
f 211/235/229 206/236/230 210/237/231
f 210/237/231 206/236/230 207/238/232
f 210/237/231 207/238/232 209/239/233
f 209/239/233 207/238/232 208/240/234
f 209/239/233 208/240/234 238/241/235
f 238/241/235 208/242/234 235/243/236
f 238/241/235 235/243/236 237/244/237
f 237/244/237 235/243/236 236/245/238
f 237/244/237 236/245/238 53/246/117
f 53/246/117 236/245/238 54/247/118
f 240/248/239 448/249/240 239/250/241
f 239/250/241 448/249/240 344/251/242
f 239/252/241 344/253/242 343/254/243
f 343/254/243 344/253/242 345/255/244
f 343/254/243 345/255/244 342/256/245
f 342/256/245 345/255/244 346/257/246
f 342/256/245 346/257/246 341/258/247
f 341/258/247 346/257/246 347/259/248
f 341/258/247 347/259/248 340/260/249
f 340/260/249 347/259/248 348/261/250
f 340/260/249 348/261/250 339/262/251
f 339/262/251 348/261/250 349/263/252
f 339/262/251 349/263/252 338/264/253
f 338/264/253 349/263/252 350/265/254
f 338/264/253 350/265/254 337/266/255
f 337/266/255 350/265/254 351/267/256
f 337/266/255 351/267/256 336/268/257
f 336/268/257 351/267/256 352/269/258
f 336/268/257 352/269/258 335/270/259
f 335/270/259 352/269/258 353/271/260
f 335/270/259 353/271/260 334/272/261
f 334/272/261 353/271/260 354/273/262
f 334/272/261 354/273/262 333/274/263
f 333/274/263 354/273/262 355/275/264
f 333/274/263 355/275/264 332/276/265
f 332/276/265 355/275/264 356/277/266
f 332/276/265 356/277/266 331/278/267
f 331/278/267 356/277/266 357/279/268
f 331/278/267 357/279/268 330/280/269
f 330/280/269 357/279/268 358/281/270
f 330/280/269 358/281/270 329/282/271
f 329/282/271 358/281/270 359/283/272
f 329/282/271 359/283/272 328/284/273
f 328/284/273 359/283/272 360/285/274
f 328/284/273 360/285/274 327/286/275
f 327/286/275 360/285/274 361/287/276
f 327/286/275 361/287/276 326/288/277
f 326/288/277 361/287/276 362/289/278
f 326/288/277 362/289/278 325/290/279
f 325/290/279 362/289/278 363/291/280
f 325/290/279 363/291/280 324/292/281
f 324/292/281 363/291/280 364/293/282
f 324/292/281 364/293/282 323/294/283
f 323/294/283 364/293/282 365/295/284
f 323/294/283 365/295/284 322/296/285
f 322/296/285 365/295/284 366/297/286
f 322/296/285 366/297/286 321/298/287
f 321/298/287 366/297/286 367/299/288
f 321/298/287 367/299/288 320/300/289
f 320/300/289 367/299/288 368/301/290
f 320/300/289 368/301/290 319/302/291
f 319/302/291 368/301/290 369/303/292
f 319/302/291 369/303/292 318/304/293
f 318/304/293 369/303/292 370/305/294
f 318/304/293 370/305/294 317/306/295
f 317/306/295 370/305/294 371/307/296
f 317/306/295 371/307/296 316/308/297
f 316/308/297 371/307/296 372/309/298
f 316/308/297 372/309/298 315/310/299
f 315/310/299 372/309/298 373/311/300
f 315/310/299 373/311/300 314/312/301
f 314/312/301 373/311/300 374/313/302
f 314/312/301 374/313/302 313/314/303
f 313/314/303 374/313/302 375/315/304
f 313/314/303 375/315/304 312/316/305
f 312/316/305 375/315/304 376/317/306
f 312/316/305 376/317/306 311/318/307
f 311/318/307 376/317/306 377/319/308
f 311/318/307 377/319/308 310/320/309
f 310/320/309 377/319/308 378/321/310
f 310/320/309 378/321/310 309/322/311
f 309/322/311 378/321/310 379/323/312
f 309/322/311 379/323/312 308/324/313
f 308/324/313 379/323/312 380/325/314
f 308/324/313 380/325/314 307/326/315
f 307/326/315 380/325/314 381/327/316
f 307/326/315 381/327/316 306/328/317
f 306/328/317 381/327/316 382/329/318
f 306/328/317 382/329/318 305/330/319
f 305/330/319 382/329/318 383/331/320
f 305/330/319 383/331/320 304/332/321
f 304/332/321 383/331/320 384/333/322
f 304/332/321 384/333/322 303/334/323
f 303/334/323 384/333/322 385/335/324
f 303/334/323 385/335/324 302/336/325
f 302/336/325 385/335/324 386/337/326
f 302/336/325 386/337/326 301/338/327
f 301/338/327 386/337/326 387/339/328
f 301/338/327 387/339/328 300/340/329
f 300/340/329 387/339/328 388/341/330
f 300/340/329 388/341/330 299/342/331
f 299/342/331 388/341/330 389/343/332
f 299/342/331 389/343/332 298/344/333
f 298/344/333 389/343/332 390/345/334
f 298/344/333 390/345/334 297/346/335
f 297/346/335 390/345/334 391/347/336
f 297/346/335 391/347/336 296/348/337
f 296/348/337 391/347/336 392/349/338
f 296/348/337 392/349/338 295/350/339
f 295/350/339 392/349/338 393/351/340
f 295/350/339 393/351/340 294/352/341
f 294/352/341 393/351/340 394/353/342
f 294/352/341 394/353/342 293/354/343
f 293/354/343 394/353/342 395/355/344
f 293/354/343 395/355/344 292/356/345
f 292/356/345 395/355/344 396/357/346
f 292/356/345 396/357/346 291/358/347
f 291/358/347 396/357/346 397/359/348
f 291/358/347 397/359/348 290/360/349
f 290/360/349 397/359/348 398/361/350
f 290/360/349 398/361/350 289/362/351
f 289/362/351 398/361/350 399/363/352
f 289/362/351 399/363/352 288/364/353
f 288/364/353 399/363/352 400/365/354
f 288/364/353 400/365/354 287/366/355
f 287/366/355 400/365/354 401/367/356
f 287/366/355 401/367/356 286/368/357
f 286/368/357 401/367/356 402/369/358
f 286/368/357 402/369/358 285/370/359
f 285/370/359 402/369/358 403/371/360
f 285/370/359 403/371/360 284/372/361
f 284/372/361 403/371/360 404/373/362
f 284/372/361 404/373/362 283/374/363
f 283/374/363 404/373/362 405/375/364
f 283/374/363 405/375/364 282/376/365
f 282/376/365 405/375/364 406/377/366
f 282/376/365 406/377/366 281/378/367
f 281/378/367 406/377/366 407/379/368
f 281/378/367 407/379/368 280/380/369
f 280/380/369 407/379/368 408/381/370
f 280/380/369 408/381/370 279/382/371
f 279/382/371 408/381/370 409/383/372
f 279/382/371 409/383/372 278/384/373
f 278/384/373 409/383/372 410/385/374
f 278/384/373 410/385/374 277/386/375
f 277/386/375 410/385/374 411/387/376
f 277/386/375 411/387/376 276/388/377
f 276/388/377 411/387/376 412/389/378
f 276/388/377 412/389/378 275/390/379
f 275/390/379 412/389/378 413/391/380
f 275/390/379 413/391/380 274/392/381
f 274/392/381 413/391/380 414/393/382
f 274/392/381 414/393/382 273/394/383
f 273/394/383 414/393/382 415/395/384
f 273/394/383 415/395/384 272/396/385
f 272/396/385 415/395/384 416/397/386
f 272/396/385 416/397/386 271/398/387
f 271/398/387 416/397/386 417/399/388
f 271/398/387 417/399/388 270/400/389
f 270/400/389 417/399/388 418/401/390
f 270/400/389 418/401/390 269/402/391
f 269/402/391 418/401/390 419/403/392
f 269/402/391 419/403/392 268/404/393
f 268/404/393 419/403/392 420/405/394
f 268/404/393 420/405/394 267/406/395
f 267/406/395 420/405/394 421/407/396
f 267/406/395 421/407/396 266/408/397
f 266/408/397 421/407/396 422/409/398
f 266/408/397 422/409/398 265/410/399
f 265/410/399 422/409/398 423/411/400
f 265/410/399 423/411/400 264/412/401
f 264/412/401 423/411/400 424/413/402
f 264/412/401 424/413/402 263/414/403
f 263/414/403 424/413/402 425/415/404
f 263/414/403 425/415/404 262/416/405
f 262/416/405 425/415/404 426/417/406
f 262/416/405 426/417/406 261/418/407
f 261/418/407 426/417/406 427/419/408
f 261/418/407 427/419/408 260/420/409
f 260/420/409 427/419/408 428/421/410
f 260/420/409 428/421/410 259/422/411
f 259/422/411 428/421/410 429/423/412
f 259/422/411 429/423/412 258/424/413
f 258/424/413 429/423/412 430/425/414
f 258/424/413 430/425/414 257/426/415
f 257/426/415 430/425/414 431/427/416
f 257/426/415 431/427/416 256/428/417
f 256/428/417 431/427/416 432/429/418
f 256/428/417 432/429/418 255/430/419
f 255/430/419 432/429/418 433/431/420
f 255/430/419 433/431/420 254/432/421
f 254/432/421 433/431/420 434/433/422
f 254/432/421 434/433/422 253/434/423
f 253/434/423 434/433/422 435/435/424
f 253/434/423 435/435/424 252/436/425
f 252/436/425 435/435/424 436/437/426
f 252/436/425 436/437/426 251/438/427
f 251/438/427 436/437/426 437/439/428
f 251/438/427 437/439/428 250/440/429
f 250/440/429 437/439/428 438/441/430
f 250/440/429 438/441/430 249/442/431
f 249/442/431 438/441/430 439/443/432
f 249/442/431 439/443/432 248/444/433
f 248/444/433 439/443/432 440/445/434
f 248/444/433 440/445/434 247/446/435
f 247/446/435 440/445/434 441/447/436
f 247/446/435 441/447/436 246/448/437
f 246/448/437 441/447/436 442/449/438
f 246/448/437 442/449/438 245/450/439
f 245/450/439 442/449/438 443/451/440
f 245/450/439 443/451/440 244/452/441
f 244/452/441 443/451/440 444/453/442
f 244/452/441 444/453/442 243/454/443
f 243/454/443 444/453/442 445/455/444
f 243/454/443 445/455/444 242/456/445
f 242/456/445 445/455/444 446/457/446
f 242/456/445 446/457/446 241/458/447
f 241/458/447 446/457/446 447/459/448
f 241/458/447 447/459/448 240/248/239
f 240/248/239 447/459/448 448/249/240
f 52/460/449 424/461/450 53/462/451
f 53/462/451 424/461/450 423/463/452
f 53/462/451 423/463/452 237/464/453
f 237/464/453 423/463/452 238/465/454
f 238/465/454 423/463/452 209/466/455
f 209/466/455 423/463/452 422/467/456
f 209/466/455 422/467/456 210/468/457
f 210/468/457 422/467/456 421/469/458
f 210/468/457 421/469/458 211/470/459
f 211/470/459 421/469/458 420/471/460
f 211/470/459 420/471/460 212/472/461
f 212/472/461 420/471/460 419/473/462
f 212/472/461 419/473/462 213/474/463
f 213/474/463 419/473/462 418/475/464
f 213/474/463 418/475/464 214/476/465
f 214/476/465 418/475/464 417/477/466
f 214/476/465 417/477/466 215/478/467
f 215/478/467 417/477/466 416/479/468
f 215/478/467 416/479/468 216/480/469
f 216/480/469 416/479/468 415/481/470
f 216/480/469 415/481/470 217/482/471
f 217/482/471 415/481/470 414/483/472
f 217/482/471 414/483/472 218/484/473
f 218/484/473 414/483/472 413/485/474
f 218/484/473 413/485/474 219/486/475
f 219/486/475 413/485/474 412/487/476
f 219/486/475 412/487/476 220/488/477
f 220/488/477 412/487/476 411/489/478
f 220/488/477 411/489/478 221/490/479
f 221/490/479 411/489/478 410/491/480
f 221/490/479 410/491/480 222/492/481
f 222/492/481 410/491/480 409/493/482
f 222/492/481 409/493/482 223/494/483
f 223/494/483 409/493/482 408/495/484
f 223/494/483 408/495/484 224/496/485
f 224/496/485 408/495/484 407/497/486
f 224/496/485 407/497/486 225/498/487
f 225/498/487 407/497/486 406/499/488
f 225/498/487 406/499/488 226/500/489
f 226/500/489 406/499/488 405/501/490
f 226/500/489 405/501/490 227/502/491
f 227/502/491 405/501/490 404/503/492
f 227/502/491 404/503/492 228/504/493
f 228/504/493 404/503/492 403/505/494
f 228/504/493 403/505/494 229/506/495
f 229/506/495 403/505/494 402/507/496
f 229/506/495 402/507/496 230/508/497
f 230/508/497 402/507/496 401/509/498
f 230/508/497 401/509/498 231/510/499
f 231/510/499 401/509/498 400/511/500
f 231/510/499 400/511/500 232/512/501
f 232/512/501 400/511/500 399/513/502
f 232/512/501 399/513/502 233/514/503
f 233/514/503 399/513/502 398/515/504
f 233/514/503 398/515/504 234/516/505
f 234/516/505 398/515/504 397/517/506
f 234/516/505 397/517/506 180/518/507
f 180/518/507 397/517/506 181/519/508
f 181/519/508 397/517/506 182/520/509
f 182/520/509 397/517/506 396/521/510
f 182/520/509 396/521/510 126/522/511
f 126/522/511 396/521/510 127/523/512
f 127/523/512 396/521/510 395/524/513
f 127/523/512 395/524/513 128/525/514
f 128/525/514 395/524/513 394/526/515
f 128/525/514 394/526/515 129/527/516
f 129/527/516 394/526/515 393/528/517
f 129/527/516 393/528/517 130/529/518
f 130/529/518 393/528/517 392/530/519
f 130/529/518 392/530/519 131/531/520
f 131/531/520 392/530/519 391/532/521
f 131/531/520 391/532/521 132/533/522
f 132/533/522 391/532/521 390/534/523
f 132/533/522 390/534/523 133/535/524
f 133/535/524 390/534/523 389/536/525
f 133/535/524 389/536/525 134/537/526
f 134/537/526 389/536/525 388/538/527
f 134/537/526 388/538/527 135/539/528
f 135/539/528 388/538/527 387/540/529
f 135/539/528 387/540/529 136/541/530
f 136/541/530 387/540/529 386/542/531
f 136/541/530 386/542/531 137/543/532
f 137/543/532 386/542/531 385/544/533
f 137/543/532 385/544/533 138/545/534
f 138/545/534 385/544/533 384/546/535
f 138/545/534 384/546/535 139/547/536
f 139/547/536 384/546/535 383/548/537
f 139/547/536 383/548/537 140/549/538
f 140/549/538 383/548/537 382/550/539
f 140/549/538 382/550/539 141/551/540
f 141/551/540 382/550/539 381/552/541
f 141/551/540 381/552/541 142/553/542
f 142/553/542 381/552/541 380/554/543
f 142/553/542 380/554/543 143/555/544
f 143/555/544 380/554/543 379/556/545
f 143/555/544 379/556/545 144/557/546
f 144/557/546 379/556/545 378/558/547
f 144/557/546 378/558/547 145/559/548
f 145/559/548 378/558/547 377/560/549
f 145/559/548 377/560/549 146/561/550
f 146/561/550 377/560/549 376/562/551
f 146/561/550 376/562/551 147/563/552
f 147/563/552 376/562/551 375/564/553
f 147/563/552 375/564/553 148/565/554
f 148/565/554 375/564/553 374/566/555
f 148/565/554 374/566/555 149/567/556
f 149/567/556 374/566/555 373/568/557
f 149/567/556 373/568/557 150/569/558
f 150/569/558 373/568/557 372/570/559
f 150/569/558 372/570/559 151/571/560
f 151/571/560 372/570/559 371/572/561
f 151/571/560 371/572/561 120/573/562
f 120/573/562 371/572/561 370/574/563
f 120/573/562 370/574/563 121/575/564
f 121/575/564 370/574/563 122/576/565
f 122/576/565 370/574/563 2/577/566
f 2/577/566 370/574/563 369/578/567
f 2/577/566 369/578/567 3/579/568
f 3/579/568 369/578/567 368/580/569
f 3/579/568 368/580/569 4/581/570
f 4/581/570 368/580/569 367/582/571
f 4/581/570 367/582/571 5/583/572
f 5/583/572 367/582/571 366/584/573
f 5/583/572 366/584/573 6/585/574
f 6/585/574 366/584/573 365/586/575
f 6/585/574 365/586/575 7/587/576
f 7/587/576 365/586/575 364/588/577
f 7/587/576 364/588/577 8/589/578
f 8/589/578 364/588/577 363/590/579
f 8/589/578 363/590/579 9/591/580
f 9/591/580 363/590/579 362/592/581
f 9/591/580 362/592/581 10/593/582
f 10/593/582 362/592/581 361/594/583
f 10/593/582 361/594/583 11/595/584
f 11/595/584 361/594/583 360/596/585
f 11/595/584 360/596/585 12/597/586
f 12/597/586 360/596/585 359/598/587
f 12/597/586 359/598/587 13/599/588
f 13/599/588 359/598/587 358/600/589
f 13/599/588 358/600/589 14/601/590
f 14/601/590 358/600/589 357/602/591
f 14/601/590 357/602/591 15/603/592
f 15/603/592 357/602/591 356/604/593
f 15/603/592 356/604/593 16/605/594
f 16/605/594 356/604/593 355/606/595
f 16/605/594 355/606/595 17/607/596
f 17/607/596 355/606/595 354/608/597
f 17/607/596 354/608/597 18/609/598
f 18/609/598 354/608/597 353/610/599
f 18/609/598 353/610/599 19/611/600
f 19/611/600 353/610/599 352/612/601
f 19/611/600 352/612/601 20/613/602
f 20/613/602 352/612/601 351/614/603
f 20/613/602 351/614/603 21/615/604
f 21/615/604 351/614/603 350/616/605
f 21/615/604 350/616/605 22/617/606
f 22/617/606 350/616/605 349/618/607
f 22/617/606 349/618/607 23/619/608
f 23/619/608 349/618/607 348/620/609
f 23/619/608 348/620/609 24/621/610
f 24/621/610 348/620/609 347/622/611
f 24/621/610 347/622/611 25/623/612
f 25/623/612 347/622/611 346/624/613
f 25/623/612 346/624/613 26/625/614
f 26/625/614 346/624/613 345/626/615
f 26/625/614 345/626/615 27/627/616
f 27/627/616 345/626/615 344/628/617
f 27/627/616 344/628/617 28/629/618
f 28/629/618 344/628/617 448/630/619
f 28/629/618 448/630/619 29/631/620
f 29/631/620 448/630/619 447/632/621
f 29/631/620 447/632/621 30/633/622
f 30/633/622 447/632/621 446/634/623
f 30/633/622 446/634/623 31/635/624
f 31/635/624 446/634/623 445/636/625
f 31/635/624 445/636/625 32/637/626
f 32/637/626 445/636/625 444/638/627
f 32/637/626 444/638/627 33/639/628
f 33/639/628 444/638/627 443/640/629
f 33/639/628 443/640/629 34/641/630
f 34/641/630 443/640/629 442/642/631
f 34/641/630 442/642/631 35/643/632
f 35/643/632 442/642/631 441/644/633
f 35/643/632 441/644/633 36/645/634
f 36/645/634 441/644/633 440/646/635
f 36/645/634 440/646/635 37/647/636
f 37/647/636 440/646/635 439/648/637
f 37/647/636 439/648/637 38/649/638
f 38/649/638 439/648/637 438/650/639
f 38/649/638 438/650/639 39/651/640
f 39/651/640 438/650/639 437/652/641
f 39/651/640 437/652/641 40/653/642
f 40/653/642 437/652/641 436/654/643
f 40/653/642 436/654/643 41/655/644
f 41/655/644 436/654/643 435/656/645
f 41/655/644 435/656/645 42/657/646
f 42/657/646 435/656/645 434/658/647
f 42/657/646 434/658/647 43/659/648
f 43/659/648 434/658/647 433/660/649
f 43/659/648 433/660/649 44/661/650
f 44/661/650 433/660/649 432/662/651
f 44/661/650 432/662/651 45/663/652
f 45/663/652 432/662/651 431/664/653
f 45/663/652 431/664/653 46/665/654
f 46/665/654 431/664/653 430/666/655
f 46/665/654 430/666/655 47/667/656
f 47/667/656 430/666/655 429/668/657
f 47/667/656 429/668/657 48/669/658
f 48/669/658 429/668/657 428/670/659
f 48/669/658 428/670/659 49/671/660
f 49/671/660 428/670/659 427/672/661
f 49/671/660 427/672/661 50/673/662
f 50/673/662 427/672/661 426/674/663
f 50/673/662 426/674/663 51/675/664
f 51/675/664 426/674/663 425/676/665
f 51/675/664 425/676/665 52/460/449
f 52/460/449 425/676/665 424/461/450
f 466/677/666 449/678/667 465/679/668
f 465/679/668 449/678/667 450/680/669
f 465/679/668 450/680/669 451/681/670
f 465/679/668 451/681/670 464/682/671
f 464/682/671 451/681/670 452/683/672
f 464/682/671 452/683/672 463/684/673
f 463/684/673 452/683/672 453/685/674
f 463/684/673 453/685/674 462/686/675
f 462/686/675 453/685/674 454/687/676
f 462/686/675 454/687/676 461/688/677
f 461/688/677 454/687/676 455/689/678
f 461/688/677 455/689/678 460/690/679
f 460/690/679 455/689/678 456/691/680
f 460/690/679 456/691/680 459/692/681
f 459/692/681 456/691/680 458/693/682
f 458/693/682 456/691/680 457/694/683
f 458/695/684 466/696/685 459/697/686
f 459/697/686 466/696/685 465/698/687
f 459/697/686 465/698/687 460/699/688
f 460/699/688 465/698/687 464/700/689
f 460/699/688 464/700/689 461/701/690
f 461/701/690 464/700/689 463/702/691
f 461/701/690 463/702/691 462/703/692
f 484/704/693 467/705/694 483/706/695
f 483/706/695 467/705/694 468/707/696
f 483/706/695 468/707/696 469/708/697
f 483/706/695 469/708/697 482/709/698
f 482/709/698 469/708/697 470/710/699
f 482/709/698 470/710/699 481/711/700
f 481/711/700 470/710/699 471/712/701
f 481/711/700 471/712/701 480/713/702
f 480/713/702 471/712/701 472/714/703
f 480/713/702 472/714/703 479/715/704
f 479/715/704 472/714/703 473/716/705
f 479/715/704 473/716/705 478/717/706
f 478/717/706 473/716/705 474/718/707
f 478/717/706 474/718/707 477/719/708
f 477/719/708 474/718/707 476/720/709
f 476/720/709 474/718/707 475/721/710
f 476/722/711 484/723/712 477/724/713
f 477/724/713 484/723/712 483/725/714
f 477/724/713 483/725/714 478/726/715
f 478/726/715 483/725/714 482/727/716
f 478/726/715 482/727/716 479/728/717
f 479/728/717 482/727/716 481/729/718
f 479/728/717 481/729/718 480/730/719
f 449/731/720 466/732/721 488/733/722
f 488/733/722 466/732/721 487/734/723
f 487/734/723 466/732/721 458/735/724
f 487/734/723 458/735/724 486/736/725
f 486/736/725 458/735/724 485/737/726
f 485/737/726 458/735/724 457/738/727
f 467/739/728 484/740/729 492/741/730
f 492/741/730 484/740/729 491/742/731
f 491/742/731 484/740/729 476/743/732
f 491/742/731 476/743/732 490/744/733
f 490/744/733 476/743/732 489/745/734
f 489/745/734 476/743/732 475/746/735
f 486/747/736 516/748/737 487/749/738
f 487/749/738 516/748/737 517/750/739
f 487/749/738 517/750/739 518/751/740
f 491/752/741 508/753/742 486/747/736
f 486/747/736 508/753/742 509/754/743
f 486/747/736 509/754/743 510/755/744
f 490/756/745 501/757/746 491/752/741
f 491/752/741 501/757/746 502/758/747
f 491/752/741 502/758/747 503/759/748
f 487/749/738 493/760/749 490/756/745
f 490/756/745 493/760/749 494/761/750
f 490/756/745 494/761/750 495/762/751
f 495/762/751 496/763/752 490/756/745
f 490/756/745 496/763/752 497/764/753
f 490/756/745 497/764/753 498/765/754
f 498/765/754 499/766/755 490/756/745
f 490/756/745 499/766/755 500/767/756
f 490/756/745 500/767/756 501/757/746
f 503/759/748 504/768/757 491/752/741
f 491/752/741 504/768/757 505/769/758
f 491/752/741 505/769/758 506/770/759
f 506/770/759 507/771/760 491/752/741
f 491/752/741 507/771/760 508/753/742
f 510/755/744 511/772/761 486/747/736
f 486/747/736 511/772/761 512/773/762
f 486/747/736 512/773/762 513/774/763
f 513/774/763 514/775/764 486/747/736
f 486/747/736 514/775/764 515/776/765
f 486/747/736 515/776/765 516/748/737
f 518/751/740 519/777/766 487/749/738
f 487/749/738 519/777/766 520/778/767
f 487/749/738 520/778/767 521/779/768
f 521/779/768 522/780/769 487/749/738
f 487/749/738 522/780/769 493/760/749
f 489/781/770 488/782/771 490/783/772
f 490/783/772 488/782/771 487/784/773
f 485/785/774 492/786/775 486/787/776
f 486/787/776 492/786/775 491/788/777
f 538/789/778 523/790/779 537/791/780
f 537/791/780 523/790/779 524/792/781
f 537/791/780 524/792/781 525/793/782
f 537/791/780 525/793/782 536/794/783
f 536/794/783 525/793/782 526/795/784
f 536/794/783 526/795/784 535/796/785
f 535/796/785 526/795/784 527/797/786
f 535/796/785 527/797/786 534/798/787
f 534/798/787 527/797/786 528/799/788
f 534/798/787 528/799/788 533/800/789
f 533/800/789 528/799/788 529/801/790
f 533/800/789 529/801/790 532/802/791
f 532/802/791 529/801/790 531/803/792
f 531/803/792 529/801/790 530/804/793
f 554/805/794 539/806/795 553/807/796
f 553/807/796 539/806/795 540/808/797
f 553/807/796 540/808/797 541/809/798
f 553/807/796 541/809/798 552/810/799
f 552/810/799 541/809/798 542/811/800
f 552/810/799 542/811/800 551/812/801
f 551/812/801 542/811/800 543/813/802
f 551/812/801 543/813/802 550/814/803
f 550/814/803 543/813/802 544/815/804
f 550/814/803 544/815/804 549/816/805
f 549/816/805 544/815/804 545/817/806
f 549/816/805 545/817/806 548/818/807
f 548/818/807 545/817/806 547/819/808
f 547/819/808 545/817/806 546/820/809
f 570/821/810 555/822/811 569/823/812
f 569/823/812 555/822/811 556/824/813
f 569/823/812 556/824/813 557/825/814
f 569/823/812 557/825/814 568/826/815
f 568/826/815 557/825/814 558/827/816
f 568/826/815 558/827/816 567/828/817
f 567/828/817 558/827/816 559/829/818
f 567/828/817 559/829/818 566/830/819
f 566/830/819 559/829/818 560/831/820
f 566/830/819 560/831/820 565/832/821
f 565/832/821 560/831/820 561/833/822
f 565/832/821 561/833/822 564/834/823
f 564/834/823 561/833/822 563/835/824
f 563/835/824 561/833/822 562/836/825
f 343/837/826 488/838/827 239/839/828
f 239/839/828 488/838/827 489/840/829
f 239/839/828 489/840/829 474/841/830
f 474/841/830 489/840/829 475/842/831
f 342/843/832 293/844/833 343/837/826
f 343/837/826 293/844/833 453/845/834
f 343/837/826 453/845/834 452/846/835
f 293/844/833 342/843/832 294/847/836
f 294/847/836 342/843/832 341/848/837
f 294/847/836 341/848/837 295/849/838
f 295/849/838 341/848/837 340/850/839
f 295/849/838 340/850/839 296/851/840
f 296/851/840 340/850/839 339/852/841
f 296/851/840 339/852/841 297/853/842
f 297/853/842 339/852/841 338/854/843
f 297/853/842 338/854/843 298/855/844
f 298/855/844 338/854/843 337/856/845
f 298/855/844 337/856/845 299/857/846
f 299/857/846 337/856/845 336/858/847
f 299/857/846 336/858/847 300/859/848
f 300/859/848 336/858/847 335/860/849
f 300/859/848 335/860/849 301/861/850
f 301/861/850 335/860/849 334/862/851
f 301/861/850 334/862/851 302/863/852
f 302/863/852 334/862/851 333/864/853
f 302/863/852 333/864/853 303/865/854
f 303/865/854 333/864/853 332/866/855
f 303/865/854 332/866/855 304/867/856
f 304/867/856 332/866/855 331/868/857
f 304/867/856 331/868/857 305/869/858
f 305/869/858 331/868/857 330/870/859
f 305/869/858 330/870/859 306/871/860
f 306/871/860 330/870/859 329/872/861
f 306/871/860 329/872/861 307/873/862
f 307/873/862 329/872/861 328/874/863
f 307/873/862 328/874/863 308/875/864
f 308/875/864 328/874/863 327/876/865
f 308/875/864 327/876/865 309/877/866
f 309/877/866 327/876/865 326/878/867
f 309/877/866 326/878/867 310/879/868
f 310/879/868 326/878/867 325/880/869
f 310/879/868 325/880/869 311/881/870
f 311/881/870 325/880/869 324/882/871
f 311/881/870 324/882/871 312/883/872
f 312/883/872 324/882/871 323/884/873
f 312/883/872 323/884/873 313/885/874
f 313/885/874 323/884/873 322/886/875
f 313/885/874 322/886/875 314/887/876
f 314/887/876 322/886/875 321/888/877
f 314/887/876 321/888/877 315/889/878
f 315/889/878 321/888/877 320/890/879
f 315/889/878 320/890/879 316/891/880
f 316/891/880 320/890/879 319/892/881
f 316/891/880 319/892/881 317/893/882
f 317/893/882 319/892/881 318/894/883
f 292/895/884 456/896/885 293/844/833
f 293/844/833 456/896/885 455/897/886
f 293/844/833 455/897/886 454/898/887
f 291/899/888 492/900/889 292/895/884
f 292/895/884 492/900/889 485/901/890
f 292/895/884 485/901/890 457/902/891
f 290/903/892 471/904/893 291/899/888
f 291/899/888 471/904/893 470/905/894
f 291/899/888 470/905/894 469/906/895
f 289/907/896 241/908/897 290/903/892
f 290/903/892 241/908/897 240/909/898
f 290/903/892 240/909/898 471/904/893
f 471/904/893 240/909/898 239/839/828
f 471/904/893 239/839/828 472/910/899
f 472/910/899 239/839/828 473/911/900
f 473/911/900 239/839/828 474/841/830
f 288/912/901 262/913/902 289/907/896
f 289/907/896 262/913/902 261/914/903
f 289/907/896 261/914/903 260/915/904
f 287/916/905 286/917/906 288/912/901
f 288/912/901 286/917/906 285/918/907
f 288/912/901 285/918/907 284/919/908
f 284/919/908 283/920/909 288/912/901
f 288/912/901 283/920/909 282/921/910
f 288/912/901 282/921/910 281/922/911
f 281/922/911 280/923/912 288/912/901
f 288/912/901 280/923/912 279/924/913
f 288/912/901 279/924/913 278/925/914
f 278/925/914 277/926/915 288/912/901
f 288/912/901 277/926/915 276/927/916
f 288/912/901 276/927/916 275/928/917
f 275/928/917 274/929/918 288/912/901
f 288/912/901 274/929/918 273/930/919
f 288/912/901 273/930/919 272/931/920
f 272/931/920 271/932/921 288/912/901
f 288/912/901 271/932/921 270/933/922
f 288/912/901 270/933/922 269/934/923
f 269/934/923 268/935/924 288/912/901
f 288/912/901 268/935/924 267/936/925
f 288/912/901 267/936/925 266/937/926
f 266/937/926 265/938/927 288/912/901
f 288/912/901 265/938/927 264/939/928
f 288/912/901 264/939/928 263/940/929
f 263/940/929 262/913/902 288/912/901
f 260/915/904 259/941/930 289/907/896
f 289/907/896 259/941/930 258/942/931
f 289/907/896 258/942/931 257/943/932
f 257/943/932 256/944/933 289/907/896
f 289/907/896 256/944/933 255/945/934
f 289/907/896 255/945/934 254/946/935
f 254/946/935 253/947/936 289/907/896
f 289/907/896 253/947/936 252/948/937
f 289/907/896 252/948/937 251/949/938
f 251/949/938 250/950/939 289/907/896
f 289/907/896 250/950/939 249/951/940
f 289/907/896 249/951/940 248/952/941
f 248/952/941 247/953/942 289/907/896
f 289/907/896 247/953/942 246/954/943
f 289/907/896 246/954/943 245/955/944
f 245/955/944 244/956/945 289/907/896
f 289/907/896 244/956/945 243/957/946
f 289/907/896 243/957/946 242/958/947
f 242/958/947 241/908/897 289/907/896
f 457/902/891 456/896/885 292/895/884
f 454/898/887 453/845/834 293/844/833
f 452/846/835 451/959/948 343/837/826
f 343/837/826 451/959/948 450/960/949
f 343/837/826 450/960/949 488/838/827
f 488/838/827 450/960/949 449/961/950
f 469/906/895 468/962/951 291/899/888
f 291/899/888 468/962/951 467/963/952
f 291/899/888 467/963/952 492/900/889
f 522/964/953 600/965/954 493/966/955
f 493/966/955 600/965/954 571/967/956
f 493/968/955 571/969/956 494/970/957
f 494/970/957 571/969/956 572/971/958
f 494/970/957 572/971/958 495/972/959
f 495/972/959 572/971/958 573/973/960
f 495/972/959 573/973/960 496/974/961
f 496/974/961 573/973/960 574/975/962
f 496/974/961 574/975/962 497/976/963
f 497/976/963 574/975/962 575/977/964
f 497/976/963 575/977/964 498/978/965
f 498/978/965 575/977/964 576/979/966
f 498/978/965 576/979/966 499/980/967
f 499/980/967 576/979/966 577/981/968
f 499/980/967 577/981/968 500/982/969
f 500/982/969 577/981/968 578/983/970
f 500/982/969 578/983/970 501/984/971
f 501/984/971 578/983/970 579/985/972
f 501/984/971 579/985/972 502/986/973
f 502/986/973 579/985/972 580/987/974
f 502/986/973 580/987/974 503/988/975
f 503/988/975 580/987/974 581/989/976
f 503/988/975 581/989/976 504/990/977
f 504/990/977 581/989/976 582/991/978
f 504/990/977 582/991/978 505/992/979
f 505/992/979 582/991/978 583/993/980
f 505/992/979 583/993/980 506/994/981
f 506/994/981 583/993/980 584/995/982
f 506/994/981 584/995/982 507/996/983
f 507/996/983 584/995/982 585/997/984
f 507/996/983 585/997/984 508/998/985
f 508/998/985 585/997/984 586/999/986
f 508/998/985 586/999/986 509/1000/987
f 509/1000/987 586/999/986 587/1001/988
f 509/1000/987 587/1001/988 510/1002/989
f 510/1002/989 587/1001/988 588/1003/990
f 510/1002/989 588/1003/990 511/1004/991
f 511/1004/991 588/1003/990 589/1005/992
f 511/1004/991 589/1005/992 512/1006/993
f 512/1006/993 589/1005/992 590/1007/994
f 512/1006/993 590/1007/994 513/1008/995
f 513/1008/995 590/1007/994 591/1009/996
f 513/1008/995 591/1009/996 514/1010/997
f 514/1010/997 591/1009/996 592/1011/998
f 514/1010/997 592/1011/998 515/1012/999
f 515/1012/999 592/1011/998 593/1013/1000
f 515/1012/999 593/1013/1000 516/1014/1001
f 516/1014/1001 593/1013/1000 594/1015/1002
f 516/1014/1001 594/1015/1002 517/1016/1003
f 517/1016/1003 594/1015/1002 595/1017/1004
f 517/1016/1003 595/1017/1004 518/1018/1005
f 518/1018/1005 595/1017/1004 596/1019/1006
f 518/1018/1005 596/1019/1006 519/1020/1007
f 519/1020/1007 596/1019/1006 597/1021/1008
f 519/1020/1007 597/1021/1008 520/1022/1009
f 520/1022/1009 597/1021/1008 598/1023/1010
f 520/1022/1009 598/1023/1010 521/1024/1011
f 521/1024/1011 598/1023/1010 599/1025/1012
f 521/1024/1011 599/1025/1012 522/964/953
f 522/964/953 599/1025/1012 600/965/954
f 1/1026/1013 531/1027/1014 2/1028/1015
f 2/1028/1015 531/1027/1014 530/1029/1016
f 119/1030/1017 1/1031/1018 120/1032/1019
f 120/1032/1019 1/1031/1018 2/1033/1020
f 601/1034/1021 119/1035/1022 602/1036/1023
f 602/1036/1023 119/1035/1022 120/1037/1024
f 616/1038/1025 603/1039/1026 615/1040/1027
f 615/1040/1027 603/1039/1026 604/1041/1028
f 615/1040/1027 604/1041/1028 605/1042/1029
f 615/1040/1027 605/1042/1029 614/1043/1030
f 614/1043/1030 605/1042/1029 606/1044/1031
f 614/1043/1030 606/1044/1031 613/1045/1032
f 613/1045/1032 606/1044/1031 607/1046/1033
f 613/1045/1032 607/1046/1033 612/1047/1034
f 612/1047/1034 607/1046/1033 608/1048/1035
f 612/1047/1034 608/1048/1035 611/1049/1036
f 611/1049/1036 608/1048/1035 609/1050/1037
f 611/1049/1036 609/1050/1037 610/1051/1038
f 610/1051/1038 609/1050/1037 602/1052/1039
f 602/1052/1039 609/1050/1037 601/1053/1040
f 125/1054/1041 603/1055/1042 126/1056/1043
f 126/1056/1043 603/1055/1042 616/1057/1044
f 179/1058/1045 125/1059/1046 180/1060/1047
f 180/1060/1047 125/1059/1046 126/1061/1048
f 570/1062/1049 179/1063/1050 555/1064/1051
f 555/1064/1051 179/1063/1050 180/1065/1052
f 208/1066/1053 563/1067/1054 209/1068/1055
f 209/1068/1055 563/1067/1054 562/1069/1056
f 54/1070/1057 208/1071/1058 53/1072/1059
f 53/1072/1059 208/1071/1058 209/1073/1060
f 554/1074/1061 54/1075/1062 539/1076/1063
f 539/1076/1063 54/1075/1062 53/1077/1064
f 617/1078/1065 547/1079/1066 618/1080/1067
f 618/1080/1067 547/1079/1066 546/1081/1068
f 619/1082/1069 617/1083/1070 620/1084/1071
f 620/1084/1071 617/1083/1070 618/1085/1072
f 538/1086/1073 619/1087/1074 523/1088/1075
f 523/1088/1075 619/1087/1074 620/1089/1076
f 600/1090/1077 523/1091/1078 571/1092/1079
f 571/1092/1079 523/1091/1078 546/1093/1080
f 571/1092/1079 546/1093/1080 572/1094/1081
f 572/1094/1081 546/1093/1080 545/1095/1082
f 572/1094/1081 545/1095/1082 573/1096/1083
f 573/1096/1083 545/1095/1082 544/1097/1084
f 573/1096/1083 544/1097/1084 574/1098/1085
f 574/1098/1085 544/1097/1084 543/1099/1086
f 574/1098/1085 543/1099/1086 575/1100/1087
f 575/1100/1087 543/1099/1086 542/1101/1088
f 575/1100/1087 542/1101/1088 576/1102/1089
f 576/1102/1089 542/1101/1088 541/1103/1090
f 576/1102/1089 541/1103/1090 540/1104/1091
f 523/1091/1078 600/1090/1077 524/1105/1092
f 524/1105/1092 600/1090/1077 599/1106/1093
f 524/1105/1092 599/1106/1093 525/1107/1094
f 525/1107/1094 599/1106/1093 598/1108/1095
f 525/1107/1094 598/1108/1095 526/1109/1096
f 526/1109/1096 598/1108/1095 597/1110/1097
f 526/1109/1096 597/1110/1097 527/1111/1098
f 527/1111/1098 597/1110/1097 596/1112/1099
f 527/1111/1098 596/1112/1099 528/1113/1100
f 528/1113/1100 596/1112/1099 529/1114/1101
f 529/1114/1101 596/1112/1099 595/1115/1102
f 529/1114/1101 595/1115/1102 530/1116/1103
f 530/1116/1103 595/1115/1102 594/1117/1104
f 530/1116/1103 594/1117/1104 593/1118/1105
f 530/1116/1103 593/1118/1105 602/1119/1106
f 602/1119/1106 593/1118/1105 592/1120/1107
f 602/1119/1106 592/1120/1107 610/1121/1108
f 610/1121/1108 592/1120/1107 591/1122/1109
f 610/1121/1108 591/1122/1109 611/1123/1110
f 611/1123/1110 591/1122/1109 612/1124/1111
f 612/1124/1111 591/1122/1109 590/1125/1112
f 612/1124/1111 590/1125/1112 613/1126/1113
f 613/1126/1113 590/1125/1112 589/1127/1114
f 613/1126/1113 589/1127/1114 614/1128/1115
f 614/1128/1115 589/1127/1114 588/1129/1116
f 614/1128/1115 588/1129/1116 615/1130/1117
f 615/1130/1117 588/1129/1116 587/1131/1118
f 615/1130/1117 587/1131/1118 616/1132/1119
f 616/1132/1119 587/1131/1118 586/1133/1120
f 616/1132/1119 586/1133/1120 555/1134/1121
f 555/1134/1121 586/1133/1120 585/1135/1122
f 555/1134/1121 585/1135/1122 556/1136/1123
f 556/1136/1123 585/1135/1122 584/1137/1124
f 556/1136/1123 584/1137/1124 557/1138/1125
f 557/1138/1125 584/1137/1124 583/1139/1126
f 557/1138/1125 583/1139/1126 558/1140/1127
f 558/1140/1127 583/1139/1126 582/1141/1128
f 558/1140/1127 582/1141/1128 559/1142/1129
f 559/1142/1129 582/1141/1128 581/1143/1130
f 559/1142/1129 581/1143/1130 560/1144/1131
f 560/1144/1131 581/1143/1130 561/1145/1132
f 561/1145/1132 581/1143/1130 580/1146/1133
f 561/1145/1132 580/1146/1133 562/1147/1134
f 562/1147/1134 580/1146/1133 579/1148/1135
f 562/1147/1134 579/1148/1135 539/1149/1136
f 539/1149/1136 579/1148/1135 578/1150/1137
f 539/1149/1136 578/1150/1137 577/1151/1138
f 539/1149/1136 577/1151/1138 540/1104/1091
f 540/1104/1091 577/1151/1138 576/1102/1089
f 555/1134/1121 180/1152/507 616/1132/1119
f 616/1132/1119 180/1152/507 126/1153/511
f 120/1154/562 2/1155/566 602/1119/1106
f 602/1119/1106 2/1155/566 530/1116/1103
f 620/1156/1139 618/1157/1140 523/1091/1078
f 523/1091/1078 618/1157/1140 546/1093/1080
f 53/1158/451 209/1159/455 539/1149/1136
f 539/1149/1136 209/1159/455 562/1147/1134
f 119/1160/1141 124/1161/1142 1/1162/1143
f 1/1162/1143 124/1161/1142 123/1163/1144
f 125/1164/1145 176/1165/1146 603/1166/1147
f 603/1166/1147 176/1165/1146 175/1167/1148
f 603/1166/1147 175/1167/1148 174/1168/1149
f 174/1168/1149 173/1169/1150 603/1166/1147
f 603/1166/1147 173/1169/1150 604/1170/1151
f 604/1170/1151 173/1169/1150 172/1171/1152
f 604/1170/1151 172/1171/1152 171/1172/1153
f 171/1172/1153 170/1173/1154 604/1170/1151
f 604/1170/1151 170/1173/1154 605/1174/1155
f 605/1174/1155 170/1173/1154 169/1175/1156
f 605/1174/1155 169/1175/1156 168/1176/1157
f 168/1176/1157 167/1177/1158 605/1174/1155
f 605/1174/1155 167/1177/1158 606/1178/1159
f 606/1178/1159 167/1177/1158 166/1179/1160
f 606/1178/1159 166/1179/1160 165/1180/1161
f 165/1180/1161 164/1181/1162 606/1178/1159
f 606/1178/1159 164/1181/1162 607/1182/1163
f 607/1182/1163 164/1181/1162 163/1183/1164
f 607/1182/1163 163/1183/1164 162/1184/1165
f 162/1184/1165 161/1185/1166 607/1182/1163
f 607/1182/1163 161/1185/1166 608/1186/1167
f 608/1186/1167 161/1185/1166 160/1187/1168
f 608/1186/1167 160/1187/1168 159/1188/1169
f 159/1188/1169 158/1189/1170 608/1186/1167
f 608/1186/1167 158/1189/1170 609/1190/1171
f 609/1190/1171 158/1189/1170 157/1191/1172
f 609/1190/1171 157/1191/1172 156/1192/1173
f 156/1192/1173 155/1193/1174 609/1190/1171
f 609/1190/1171 155/1193/1174 601/1194/1175
f 601/1194/1175 155/1193/1174 154/1195/1176
f 601/1194/1175 154/1195/1176 153/1196/1177
f 153/1196/1177 152/1197/1178 601/1194/1175
f 601/1194/1175 152/1197/1178 119/1198/1141
f 179/1199/1179 178/1200/1180 125/1201/1145
f 125/1201/1145 178/1200/1180 177/1202/1181
f 208/1203/1182 207/1204/1183 563/1205/1184
f 563/1205/1184 207/1204/1183 206/1206/1185
f 563/1205/1184 206/1206/1185 205/1207/1186
f 205/1207/1186 204/1208/1187 563/1205/1184
f 563/1205/1184 204/1208/1187 564/1209/1188
f 564/1209/1188 204/1208/1187 203/1210/1189
f 564/1209/1188 203/1210/1189 202/1211/1190
f 202/1211/1190 201/1212/1191 564/1209/1188
f 564/1209/1188 201/1212/1191 565/1213/1192
f 565/1213/1192 201/1212/1191 200/1214/1193
f 565/1213/1192 200/1214/1193 199/1215/1194
f 199/1215/1194 198/1216/1195 565/1213/1192
f 565/1213/1192 198/1216/1195 566/1217/1196
f 566/1217/1196 198/1216/1195 197/1218/1197
f 566/1217/1196 197/1218/1197 196/1219/1198
f 196/1219/1198 195/1220/1199 566/1217/1196
f 566/1217/1196 195/1220/1199 567/1221/1200
f 567/1221/1200 195/1220/1199 194/1222/1201
f 567/1221/1200 194/1222/1201 193/1223/1202
f 193/1223/1202 192/1224/1203 567/1221/1200
f 567/1221/1200 192/1224/1203 568/1225/1204
f 568/1225/1204 192/1224/1203 191/1226/1205
f 568/1225/1204 191/1226/1205 190/1227/1206
f 190/1227/1206 189/1228/1207 568/1225/1204
f 568/1225/1204 189/1228/1207 569/1229/1208
f 569/1229/1208 189/1228/1207 188/1230/1209
f 569/1229/1208 188/1230/1209 187/1231/1210
f 187/1231/1210 186/1232/1211 569/1229/1208
f 569/1229/1208 186/1232/1211 570/1233/1212
f 570/1233/1212 186/1232/1211 185/1234/1213
f 570/1233/1212 185/1234/1213 184/1235/1214
f 184/1235/1214 183/1236/1215 570/1233/1212
f 570/1233/1212 183/1236/1215 179/1237/1179
f 208/1203/1182 54/1238/1216 235/1239/1217
f 235/1239/1217 54/1238/1216 236/1240/1218
f 54/1238/1216 554/1241/1219 55/1242/1220
f 55/1242/1220 554/1241/1219 553/1243/1221
f 55/1242/1220 553/1243/1221 56/1244/1222
f 56/1244/1222 553/1243/1221 552/1245/1223
f 56/1244/1222 552/1245/1223 57/1246/1224
f 57/1246/1224 552/1245/1223 551/1247/1225
f 57/1246/1224 551/1247/1225 58/1248/1226
f 58/1248/1226 551/1247/1225 550/1249/1227
f 58/1248/1226 550/1249/1227 59/1250/1228
f 59/1250/1228 550/1249/1227 549/1251/1229
f 59/1250/1228 549/1251/1229 60/1252/1230
f 60/1252/1230 549/1251/1229 548/1253/1231
f 60/1252/1230 548/1253/1231 61/1254/1232
f 61/1254/1232 548/1253/1231 62/1255/1233
f 62/1255/1233 548/1253/1231 63/1256/1234
f 63/1256/1234 548/1253/1231 64/1257/1235
f 64/1257/1235 548/1253/1231 65/1258/1236
f 65/1258/1236 548/1253/1231 66/1259/1237
f 66/1259/1237 548/1253/1231 67/1260/1238
f 67/1260/1238 548/1253/1231 68/1261/1239
f 68/1261/1239 548/1253/1231 69/1262/1240
f 69/1262/1240 548/1253/1231 70/1263/1241
f 70/1263/1241 548/1253/1231 71/1264/1242
f 71/1264/1242 548/1253/1231 72/1265/1243
f 72/1265/1243 548/1253/1231 73/1266/1244
f 73/1266/1244 548/1253/1231 86/1267/1245
f 73/1266/1244 86/1267/1245 74/1268/1246
f 74/1268/1246 86/1267/1245 75/1269/1247
f 75/1269/1247 86/1267/1245 76/1270/1248
f 76/1270/1248 86/1267/1245 77/1271/1249
f 77/1271/1249 86/1267/1245 78/1272/1250
f 78/1272/1250 86/1267/1245 79/1273/1251
f 79/1273/1251 86/1267/1245 80/1274/1252
f 80/1274/1252 86/1267/1245 81/1275/1253
f 81/1275/1253 86/1267/1245 82/1276/1254
f 82/1276/1254 86/1267/1245 83/1277/1255
f 83/1277/1255 86/1267/1245 84/1278/1256
f 84/1278/1256 86/1267/1245 85/1279/1257
f 548/1253/1231 547/1280/1258 86/1267/1245
f 86/1267/1245 547/1280/1258 617/1281/1259
f 86/1267/1245 617/1281/1259 87/1282/1260
f 87/1282/1260 617/1281/1259 619/1283/1261
f 87/1282/1260 619/1283/1261 88/1284/1262
f 88/1284/1262 619/1283/1261 89/1285/1263
f 89/1285/1263 619/1283/1261 90/1286/1264
f 90/1286/1264 619/1283/1261 91/1287/1265
f 91/1287/1265 619/1283/1261 92/1288/1266
f 92/1288/1266 619/1283/1261 93/1289/1267
f 93/1289/1267 619/1283/1261 94/1290/1268
f 94/1290/1268 619/1283/1261 95/1291/1269
f 95/1291/1269 619/1283/1261 96/1292/1270
f 96/1292/1270 619/1283/1261 97/1293/1271
f 97/1293/1271 619/1283/1261 98/1294/1272
f 98/1294/1272 619/1283/1261 99/1295/1273
f 99/1295/1273 619/1283/1261 100/1296/1274
f 100/1296/1274 619/1283/1261 538/1297/1275
f 100/1296/1274 538/1297/1275 101/1298/1276
f 101/1298/1276 538/1297/1275 102/1299/1277
f 102/1299/1277 538/1297/1275 103/1300/1278
f 103/1300/1278 538/1297/1275 104/1301/1279
f 104/1301/1279 538/1297/1275 105/1302/1280
f 105/1302/1280 538/1297/1275 106/1303/1281
f 106/1303/1281 538/1297/1275 107/1304/1282
f 107/1304/1282 538/1297/1275 108/1305/1283
f 108/1305/1283 538/1297/1275 109/1306/1284
f 109/1306/1284 538/1297/1275 110/1307/1285
f 110/1307/1285 538/1297/1275 111/1308/1286
f 111/1308/1286 538/1297/1275 537/1309/1287
f 111/1308/1286 537/1309/1287 112/1310/1288
f 112/1310/1288 537/1309/1287 113/1311/1289
f 113/1311/1289 537/1309/1287 536/1312/1290
f 113/1311/1289 536/1312/1290 114/1313/1291
f 114/1313/1291 536/1312/1290 535/1314/1292
f 114/1313/1291 535/1314/1292 115/1315/1293
f 115/1315/1293 535/1314/1292 534/1316/1294
f 115/1315/1293 534/1316/1294 116/1317/1295
f 116/1317/1295 534/1316/1294 533/1318/1296
f 116/1317/1295 533/1318/1296 117/1319/1297
f 117/1319/1297 533/1318/1296 532/1320/1298
f 117/1319/1297 532/1320/1298 118/1321/1299
f 118/1321/1299 532/1320/1298 531/1322/1300
f 118/1321/1299 531/1322/1300 1/1323/1143
# 620 vertices
# 1323 texture params
# 1300 normals
# 1252 facets

# 1 groups
